competition_id,season_id,competition_name,season_name,competition_gender,match_id,match_date,home_team,away_team,has_events,has_lineups,has_360,n_events,n_360_frames
9,281,1. Bundesliga,2023/2024,male,3895302,2024-04-14,Bayer Leverkusen,Werder Bremen,True,True,True,4223,3525
9,281,1. Bundesliga,2023/2024,male,3895292,2024-04-06,Union Berlin,Bayer Leverkusen,True,True,True,3843,3195
9,281,1. Bundesliga,2023/2024,male,3895333,2024-05-05,Eintracht Frankfurt,Bayer Leverkusen,True,True,True,3549,2950
9,281,1. Bundesliga,2023/2024,male,3895340,2024-05-12,Bochum,Bayer Leverkusen,True,True,True,3315,2847
9,281,1. Bundesliga,2023/2024,male,3895348,2024-05-18,Bayer Leverkusen,Augsburg,True,True,True,4133,3562
9,281,1. Bundesliga,2023/2024,male,3895286,2024-03-30,Bayer Leverkusen,Hoffenheim,True,True,True,3894,3434
9,281,1. Bundesliga,2023/2024,male,3895220,2024-02-03,Darmstadt 98,Bayer Leverkusen,True,True,True,4258,3757
9,281,1. Bundesliga,2023/2024,male,3895250,2024-02-23,Bayer Leverkusen,FSV Mainz 05,True,True,True,3826,3410
9,281,1. Bundesliga,2023/2024,male,3895266,2024-03-10,Bayer Leverkusen,Wolfsburg,True,True,True,4104,3623
9,281,1. Bundesliga,2023/2024,male,3895275,2024-03-17,Freiburg,Bayer Leverkusen,True,True,True,3909,3341
9,281,1. Bundesliga,2023/2024,male,3895180,2023-12-17,Bayer Leverkusen,Eintracht Frankfurt,True,True,True,4448,3857
9,281,1. Bundesliga,2023/2024,male,3895134,2023-11-04,Hoffenheim,Bayer Leverkusen,True,True,True,3881,3427
9,281,1. Bundesliga,2023/2024,male,3895121,2023-10-29,Bayer Leverkusen,Freiburg,True,True,True,3871,3373
9,281,1. Bundesliga,2023/2024,male,3895107,2023-10-08,Bayer Leverkusen,FC Köln,True,True,True,4249,3792
9,281,1. Bundesliga,2023/2024,male,3895074,2023-09-15,Bayern Munich,Bayer Leverkusen,True,True,True,4346,3793
9,281,1. Bundesliga,2023/2024,male,3895139,2023-11-12,Bayer Leverkusen,Union Berlin,True,True,True,4368,3761
9,281,1. Bundesliga,2023/2024,male,3895086,2023-09-24,Bayer Leverkusen,FC Heidenheim,True,True,True,4233,3567
9,281,1. Bundesliga,2023/2024,male,3895320,2024-04-27,Bayer Leverkusen,VfB Stuttgart,True,True,True,3771,3185
9,281,1. Bundesliga,2023/2024,male,3895309,2024-04-21,Borussia Dortmund,Bayer Leverkusen,True,True,True,3890,3252
9,281,1. Bundesliga,2023/2024,male,3895258,2024-03-03,FC Köln,Bayer Leverkusen,True,True,True,3906,3206
9,281,1. Bundesliga,2023/2024,male,3895244,2024-02-17,FC Heidenheim,Bayer Leverkusen,True,True,True,3936,3253
9,281,1. Bundesliga,2023/2024,male,3895232,2024-02-10,Bayer Leverkusen,Bayern Munich,True,True,True,4159,3649
9,281,1. Bundesliga,2023/2024,male,3895210,2024-01-27,Bayer Leverkusen,Borussia Mönchengladbach,True,True,True,4893,4389
9,281,1. Bundesliga,2023/2024,male,3895202,2024-01-20,RB Leipzig,Bayer Leverkusen,True,True,True,4008,3433
9,281,1. Bundesliga,2023/2024,male,3895194,2024-01-13,Augsburg,Bayer Leverkusen,True,True,True,4063,3408
9,281,1. Bundesliga,2023/2024,male,3895182,2023-12-20,Bayer Leverkusen,Bochum,True,True,True,4004,3470
9,281,1. Bundesliga,2023/2024,male,3895167,2023-12-10,VfB Stuttgart,Bayer Leverkusen,True,True,True,4219,3453
9,281,1. Bundesliga,2023/2024,male,3895158,2023-12-03,Bayer Leverkusen,Borussia Dortmund,True,True,True,3866,3312
9,281,1. Bundesliga,2023/2024,male,3895153,2023-11-25,Werder Bremen,Bayer Leverkusen,True,True,True,4520,3955
9,281,1. Bundesliga,2023/2024,male,3895113,2023-10-21,Wolfsburg,Bayer Leverkusen,True,True,True,4018,3506
9,281,1. Bundesliga,2023/2024,male,3895095,2023-09-30,FSV Mainz 05,Bayer Leverkusen,True,True,True,4035,3570
9,281,1. Bundesliga,2023/2024,male,3895067,2023-09-02,Bayer Leverkusen,Darmstadt 98,True,True,True,3977,3389
9,281,1. Bundesliga,2023/2024,male,3895060,2023-08-26,Borussia Mönchengladbach,Bayer Leverkusen,True,True,True,4311,3756
9,281,1. Bundesliga,2023/2024,male,3895052,2023-08-19,Bayer Leverkusen,RB Leipzig,True,True,True,3739,3181
9,27,1. Bundesliga,2015/2016,male,3890561,2016-05-14,Hoffenheim,Schalke 04,True,True,False,3940,
9,27,1. Bundesliga,2015/2016,male,3890505,2016-04-02,Bayern Munich,Eintracht Frankfurt,True,True,False,3571,
9,27,1. Bundesliga,2015/2016,male,3890511,2016-04-08,Hertha Berlin,Hannover 96,True,True,False,3395,
9,27,1. Bundesliga,2015/2016,male,3890515,2016-04-09,Hamburger SV,Darmstadt 98,True,True,False,3225,
9,27,1. Bundesliga,2015/2016,male,3890411,2015-12-20,Hertha Berlin,FSV Mainz 05,True,True,False,3672,
9,27,1. Bundesliga,2015/2016,male,3890397,2015-12-12,Hoffenheim,Hannover 96,True,True,False,3336,
9,27,1. Bundesliga,2015/2016,male,3890401,2015-12-13,Borussia Dortmund,Eintracht Frankfurt,True,True,False,3889,
9,27,1. Bundesliga,2015/2016,male,3890396,2015-12-12,Wolfsburg,Hamburger SV,True,True,False,3774,
9,27,1. Bundesliga,2015/2016,male,3890384,2015-11-29,Borussia Dortmund,VfB Stuttgart,True,True,False,3735,
9,27,1. Bundesliga,2015/2016,male,3890385,2015-12-04,Schalke 04,Hannover 96,True,True,False,3272,
9,27,1. Bundesliga,2015/2016,male,3890282,2015-08-29,FSV Mainz 05,Hannover 96,True,True,False,3361,
9,27,1. Bundesliga,2015/2016,male,3890287,2015-09-12,Bayern Munich,Augsburg,True,True,False,3663,
9,27,1. Bundesliga,2015/2016,male,3890269,2015-08-22,Hamburger SV,VfB Stuttgart,True,True,False,3075,
9,27,1. Bundesliga,2015/2016,male,3890268,2015-08-21,Hertha Berlin,Werder Bremen,True,True,False,3476,
9,27,1. Bundesliga,2015/2016,male,3890402,2015-12-13,Augsburg,Schalke 04,True,True,False,3260,
9,27,1. Bundesliga,2015/2016,male,3890564,2016-05-14,Augsburg,Hamburger SV,True,True,False,3372,
9,27,1. Bundesliga,2015/2016,male,3890563,2016-05-14,Bayer Leverkusen,Ingolstadt,True,True,False,2975,
9,27,1. Bundesliga,2015/2016,male,3890562,2016-05-14,Borussia Dortmund,FC Köln,True,True,False,4109,
9,27,1. Bundesliga,2015/2016,male,3890560,2016-05-14,Darmstadt 98,Borussia Mönchengladbach,True,True,False,3771,
9,27,1. Bundesliga,2015/2016,male,3890559,2016-05-14,Bayern Munich,Hannover 96,True,True,False,3929,
9,27,1. Bundesliga,2015/2016,male,3890558,2016-05-14,FSV Mainz 05,Hertha Berlin,True,True,False,3449,
9,27,1. Bundesliga,2015/2016,male,3890557,2016-05-14,Werder Bremen,Eintracht Frankfurt,True,True,False,3235,
9,27,1. Bundesliga,2015/2016,male,3890556,2016-05-14,Wolfsburg,VfB Stuttgart,True,True,False,3773,
9,27,1. Bundesliga,2015/2016,male,3890555,2016-05-07,Hertha Berlin,Darmstadt 98,True,True,False,3326,
9,27,1. Bundesliga,2015/2016,male,3890554,2016-05-07,FC Köln,Werder Bremen,True,True,False,3170,
9,27,1. Bundesliga,2015/2016,male,3890553,2016-05-07,Eintracht Frankfurt,Borussia Dortmund,True,True,False,3530,
9,27,1. Bundesliga,2015/2016,male,3890552,2016-05-07,VfB Stuttgart,FSV Mainz 05,True,True,False,3014,
9,27,1. Bundesliga,2015/2016,male,3890551,2016-05-07,Hamburger SV,Wolfsburg,True,True,False,3056,
9,27,1. Bundesliga,2015/2016,male,3890550,2016-05-07,Borussia Mönchengladbach,Bayer Leverkusen,True,True,False,3544,
9,27,1. Bundesliga,2015/2016,male,3890549,2016-05-07,Schalke 04,Augsburg,True,True,False,3201,
9,27,1. Bundesliga,2015/2016,male,3890548,2016-05-07,Ingolstadt,Bayern Munich,True,True,False,3070,
9,27,1. Bundesliga,2015/2016,male,3890547,2016-05-07,Hannover 96,Hoffenheim,True,True,False,3423,
9,27,1. Bundesliga,2015/2016,male,3890546,2016-05-02,Werder Bremen,VfB Stuttgart,True,True,False,3338,
9,27,1. Bundesliga,2015/2016,male,3890545,2016-04-30,FSV Mainz 05,Hamburger SV,True,True,False,3295,
9,27,1. Bundesliga,2015/2016,male,3890544,2016-04-30,Hoffenheim,Ingolstadt,True,True,False,3157,
9,27,1. Bundesliga,2015/2016,male,3890543,2016-04-30,Hannover 96,Schalke 04,True,True,False,3343,
9,27,1. Bundesliga,2015/2016,male,3890542,2016-04-30,Borussia Dortmund,Wolfsburg,True,True,False,3850,
9,27,1. Bundesliga,2015/2016,male,3890541,2016-04-30,Bayern Munich,Borussia Mönchengladbach,True,True,False,4054,
9,27,1. Bundesliga,2015/2016,male,3890540,2016-04-30,Bayer Leverkusen,Hertha Berlin,True,True,False,3395,
9,27,1. Bundesliga,2015/2016,male,3890539,2016-04-30,Darmstadt 98,Eintracht Frankfurt,True,True,False,2786,
9,27,1. Bundesliga,2015/2016,male,3890538,2016-04-29,Augsburg,FC Köln,True,True,False,3296,
9,27,1. Bundesliga,2015/2016,male,3890537,2016-04-24,Eintracht Frankfurt,FSV Mainz 05,True,True,False,3099,
9,27,1. Bundesliga,2015/2016,male,3890536,2016-04-24,Borussia Mönchengladbach,Hoffenheim,True,True,False,3856,
9,27,1. Bundesliga,2015/2016,male,3890535,2016-04-23,Wolfsburg,Augsburg,True,True,False,3909,
9,27,1. Bundesliga,2015/2016,male,3890534,2016-04-23,Schalke 04,Bayer Leverkusen,True,True,False,3729,
9,27,1. Bundesliga,2015/2016,male,3890533,2016-04-23,Hertha Berlin,Bayern Munich,True,True,False,3946,
9,27,1. Bundesliga,2015/2016,male,3890532,2016-04-23,Ingolstadt,Hannover 96,True,True,False,3424,
9,27,1. Bundesliga,2015/2016,male,3890531,2016-04-23,FC Köln,Darmstadt 98,True,True,False,2882,
9,27,1. Bundesliga,2015/2016,male,3890530,2016-04-23,VfB Stuttgart,Borussia Dortmund,True,True,False,4209,
9,27,1. Bundesliga,2015/2016,male,3890529,2016-04-22,Hamburger SV,Werder Bremen,True,True,False,3576,
9,27,1. Bundesliga,2015/2016,male,3890528,2016-04-17,Borussia Dortmund,Hamburger SV,True,True,False,4065,
9,27,1. Bundesliga,2015/2016,male,3890527,2016-04-17,FSV Mainz 05,FC Köln,True,True,False,3425,
9,27,1. Bundesliga,2015/2016,male,3890526,2016-04-16,Bayern Munich,Schalke 04,True,True,False,4297,
9,27,1. Bundesliga,2015/2016,male,3890525,2016-04-16,Darmstadt 98,Ingolstadt,True,True,False,2655,
9,27,1. Bundesliga,2015/2016,male,3890524,2016-04-16,Hoffenheim,Hertha Berlin,True,True,False,3706,
9,27,1. Bundesliga,2015/2016,male,3890523,2016-04-16,Werder Bremen,Wolfsburg,True,True,False,3365,
9,27,1. Bundesliga,2015/2016,male,3890522,2016-04-16,Augsburg,VfB Stuttgart,True,True,False,3101,
9,27,1. Bundesliga,2015/2016,male,3890521,2016-04-16,Bayer Leverkusen,Eintracht Frankfurt,True,True,False,3306,
9,27,1. Bundesliga,2015/2016,male,3890520,2016-04-15,Hannover 96,Borussia Mönchengladbach,True,True,False,3537,
9,27,1. Bundesliga,2015/2016,male,3890519,2016-04-10,FC Köln,Bayer Leverkusen,True,True,False,3646,
9,27,1. Bundesliga,2015/2016,male,3890518,2016-04-10,Schalke 04,Borussia Dortmund,True,True,False,3238,
9,27,1. Bundesliga,2015/2016,male,3890517,2016-04-09,Ingolstadt,Borussia Mönchengladbach,True,True,False,3131,
9,27,1. Bundesliga,2015/2016,male,3890516,2016-04-09,VfB Stuttgart,Bayern Munich,True,True,False,3832,
9,27,1. Bundesliga,2015/2016,male,3890514,2016-04-09,Werder Bremen,Augsburg,True,True,False,3113,
9,27,1. Bundesliga,2015/2016,male,3890513,2016-04-09,Wolfsburg,FSV Mainz 05,True,True,False,3281,
9,27,1. Bundesliga,2015/2016,male,3890512,2016-04-09,Eintracht Frankfurt,Hoffenheim,True,True,False,3083,
9,27,1. Bundesliga,2015/2016,male,3890510,2016-04-03,Borussia Mönchengladbach,Hertha Berlin,True,True,False,3574,
9,27,1. Bundesliga,2015/2016,male,3890509,2016-04-03,Hoffenheim,FC Köln,True,True,False,3744,
9,27,1. Bundesliga,2015/2016,male,3890508,2016-04-02,Ingolstadt,Schalke 04,True,True,False,3272,
9,27,1. Bundesliga,2015/2016,male,3890507,2016-04-02,Borussia Dortmund,Werder Bremen,True,True,False,3651,
9,27,1. Bundesliga,2015/2016,male,3890506,2016-04-02,Darmstadt 98,VfB Stuttgart,True,True,False,2492,
9,27,1. Bundesliga,2015/2016,male,3890504,2016-04-02,Hannover 96,Hamburger SV,True,True,False,3480,
9,27,1. Bundesliga,2015/2016,male,3890503,2016-04-02,FSV Mainz 05,Augsburg,True,True,False,3210,
9,27,1. Bundesliga,2015/2016,male,3890502,2016-04-01,Bayer Leverkusen,Wolfsburg,True,True,False,3440,
9,27,1. Bundesliga,2015/2016,male,3890501,2016-03-20,Augsburg,Borussia Dortmund,True,True,False,4195,
9,27,1. Bundesliga,2015/2016,male,3890500,2016-03-20,VfB Stuttgart,Bayer Leverkusen,True,True,False,3310,
9,27,1. Bundesliga,2015/2016,male,3890499,2016-03-19,Hamburger SV,Hoffenheim,True,True,False,3389,
9,27,1. Bundesliga,2015/2016,male,3890498,2016-03-19,Wolfsburg,Darmstadt 98,True,True,False,3402,
9,27,1. Bundesliga,2015/2016,male,3890497,2016-03-19,Eintracht Frankfurt,Hannover 96,True,True,False,3429,
9,27,1. Bundesliga,2015/2016,male,3890496,2016-03-19,Hertha Berlin,Ingolstadt,True,True,False,3509,
9,27,1. Bundesliga,2015/2016,male,3890495,2016-03-19,FC Köln,Bayern Munich,True,True,False,4069,
9,27,1. Bundesliga,2015/2016,male,3890494,2016-03-19,Werder Bremen,FSV Mainz 05,True,True,False,3674,
9,27,1. Bundesliga,2015/2016,male,3890493,2016-03-18,Schalke 04,Borussia Mönchengladbach,True,True,False,4080,
9,27,1. Bundesliga,2015/2016,male,3890492,2016-03-13,Bayer Leverkusen,Hamburger SV,True,True,False,3084,
9,27,1. Bundesliga,2015/2016,male,3890491,2016-03-13,Borussia Dortmund,FSV Mainz 05,True,True,False,4093,
9,27,1. Bundesliga,2015/2016,male,3890490,2016-03-12,Hannover 96,FC Köln,True,True,False,3938,
9,27,1. Bundesliga,2015/2016,male,3890489,2016-03-12,Bayern Munich,Werder Bremen,True,True,False,4161,
9,27,1. Bundesliga,2015/2016,male,3890488,2016-03-12,Borussia Mönchengladbach,Eintracht Frankfurt,True,True,False,4080,
9,27,1. Bundesliga,2015/2016,male,3890487,2016-03-12,Darmstadt 98,Augsburg,True,True,False,2920,
9,27,1. Bundesliga,2015/2016,male,3890486,2016-03-12,Hoffenheim,Wolfsburg,True,True,False,3938,
9,27,1. Bundesliga,2015/2016,male,3890485,2016-03-12,Ingolstadt,VfB Stuttgart,True,True,False,2920,
9,27,1. Bundesliga,2015/2016,male,3890484,2016-03-11,Hertha Berlin,Schalke 04,True,True,False,3568,
9,27,1. Bundesliga,2015/2016,male,3890483,2016-03-06,Hamburger SV,Hertha Berlin,True,True,False,3686,
9,27,1. Bundesliga,2015/2016,male,3890482,2016-03-06,FSV Mainz 05,Darmstadt 98,True,True,False,3029,
9,27,1. Bundesliga,2015/2016,male,3890481,2016-03-05,Borussia Dortmund,Bayern Munich,True,True,False,4017,
9,27,1. Bundesliga,2015/2016,male,3890480,2016-03-05,FC Köln,Schalke 04,True,True,False,3795,
9,27,1. Bundesliga,2015/2016,male,3890479,2016-03-05,Eintracht Frankfurt,Ingolstadt,True,True,False,3159,
9,27,1. Bundesliga,2015/2016,male,3890478,2016-03-05,Werder Bremen,Hannover 96,True,True,False,3322,
9,27,1. Bundesliga,2015/2016,male,3890477,2016-03-05,Augsburg,Bayer Leverkusen,True,True,False,3802,
9,27,1. Bundesliga,2015/2016,male,3890476,2016-03-05,VfB Stuttgart,Hoffenheim,True,True,False,3434,
9,27,1. Bundesliga,2015/2016,male,3890475,2016-03-05,Wolfsburg,Borussia Mönchengladbach,True,True,False,4270,
9,27,1. Bundesliga,2015/2016,male,3890474,2016-03-02,Bayern Munich,FSV Mainz 05,True,True,False,4179,
9,27,1. Bundesliga,2015/2016,male,3890473,2016-03-02,Schalke 04,Hamburger SV,True,True,False,3525,
9,27,1. Bundesliga,2015/2016,male,3890472,2016-03-02,Bayer Leverkusen,Werder Bremen,True,True,False,3325,
9,27,1. Bundesliga,2015/2016,male,3890471,2016-03-02,Borussia Mönchengladbach,VfB Stuttgart,True,True,False,3694,
9,27,1. Bundesliga,2015/2016,male,3890470,2016-03-02,Hertha Berlin,Eintracht Frankfurt,True,True,False,3564,
9,27,1. Bundesliga,2015/2016,male,3890469,2016-03-02,Hoffenheim,Augsburg,True,True,False,3584,
9,27,1. Bundesliga,2015/2016,male,3890468,2016-03-02,Darmstadt 98,Borussia Dortmund,True,True,False,3624,
9,27,1. Bundesliga,2015/2016,male,3890467,2016-03-01,Ingolstadt,FC Köln,True,True,False,3297,
9,27,1. Bundesliga,2015/2016,male,3890466,2016-03-01,Hannover 96,Wolfsburg,True,True,False,4390,
9,27,1. Bundesliga,2015/2016,male,3890465,2016-02-28,Eintracht Frankfurt,Schalke 04,True,True,False,3637,
9,27,1. Bundesliga,2015/2016,male,3890464,2016-02-28,Borussia Dortmund,Hoffenheim,True,True,False,4113,
9,27,1. Bundesliga,2015/2016,male,3890463,2016-02-28,FSV Mainz 05,Bayer Leverkusen,True,True,False,3407,
9,27,1. Bundesliga,2015/2016,male,3890462,2016-02-28,Augsburg,Borussia Mönchengladbach,True,True,False,4000,
9,27,1. Bundesliga,2015/2016,male,3890461,2016-02-27,Hamburger SV,Ingolstadt,True,True,False,2972,
9,27,1. Bundesliga,2015/2016,male,3890460,2016-02-27,VfB Stuttgart,Hannover 96,True,True,False,3544,
9,27,1. Bundesliga,2015/2016,male,3890459,2016-02-27,Werder Bremen,Darmstadt 98,True,True,False,2879,
9,27,1. Bundesliga,2015/2016,male,3890458,2016-02-27,Wolfsburg,Bayern Munich,True,True,False,3985,
9,27,1. Bundesliga,2015/2016,male,3890457,2016-02-26,FC Köln,Hertha Berlin,True,True,False,3458,
9,27,1. Bundesliga,2015/2016,male,3890456,2016-02-21,Bayer Leverkusen,Borussia Dortmund,True,True,False,3335,
9,27,1. Bundesliga,2015/2016,male,3890455,2016-02-21,Schalke 04,VfB Stuttgart,True,True,False,3171,
9,27,1. Bundesliga,2015/2016,male,3890454,2016-02-21,Hannover 96,Augsburg,True,True,False,3635,
9,27,1. Bundesliga,2015/2016,male,3890453,2016-02-20,Bayern Munich,Darmstadt 98,True,True,False,3682,
9,27,1. Bundesliga,2015/2016,male,3890452,2016-02-20,Hoffenheim,FSV Mainz 05,True,True,False,3518,
9,27,1. Bundesliga,2015/2016,male,3890451,2016-02-20,Hertha Berlin,Wolfsburg,True,True,False,3079,
9,27,1. Bundesliga,2015/2016,male,3890450,2016-02-20,Borussia Mönchengladbach,FC Köln,True,True,False,3611,
9,27,1. Bundesliga,2015/2016,male,3890449,2016-02-20,Ingolstadt,Werder Bremen,True,True,False,2852,
9,27,1. Bundesliga,2015/2016,male,3890448,2016-02-19,Eintracht Frankfurt,Hamburger SV,True,True,False,3550,
9,27,1. Bundesliga,2015/2016,male,3890447,2016-02-14,Hamburger SV,Borussia Mönchengladbach,True,True,False,3761,
9,27,1. Bundesliga,2015/2016,male,3890446,2016-02-14,Augsburg,Bayern Munich,True,True,False,3878,
9,27,1. Bundesliga,2015/2016,male,3890445,2016-02-13,Wolfsburg,Ingolstadt,True,True,False,3191,
9,27,1. Bundesliga,2015/2016,male,3890444,2016-02-13,Darmstadt 98,Bayer Leverkusen,True,True,False,2735,
9,27,1. Bundesliga,2015/2016,male,3890443,2016-02-13,Werder Bremen,Hoffenheim,True,True,False,3499,
9,27,1. Bundesliga,2015/2016,male,3890442,2016-02-13,Borussia Dortmund,Hannover 96,True,True,False,4205,
9,27,1. Bundesliga,2015/2016,male,3890441,2016-02-13,VfB Stuttgart,Hertha Berlin,True,True,False,3648,
9,27,1. Bundesliga,2015/2016,male,3890440,2016-02-13,FC Köln,Eintracht Frankfurt,True,True,False,3437,
9,27,1. Bundesliga,2015/2016,male,3890439,2016-02-12,FSV Mainz 05,Schalke 04,True,True,False,3536,
9,27,1. Bundesliga,2015/2016,male,3890438,2016-02-07,Hamburger SV,FC Köln,True,True,False,3348,
9,27,1. Bundesliga,2015/2016,male,3890437,2016-02-07,Hoffenheim,Darmstadt 98,True,True,False,3543,
9,27,1. Bundesliga,2015/2016,male,3890436,2016-02-06,Ingolstadt,Augsburg,True,True,False,3078,
9,27,1. Bundesliga,2015/2016,male,3890435,2016-02-06,Hertha Berlin,Borussia Dortmund,True,True,False,3842,
9,27,1. Bundesliga,2015/2016,male,3890434,2016-02-06,Hannover 96,FSV Mainz 05,True,True,False,3806,
9,27,1. Bundesliga,2015/2016,male,3890433,2016-02-06,Eintracht Frankfurt,VfB Stuttgart,True,True,False,3890,
9,27,1. Bundesliga,2015/2016,male,3890432,2016-02-06,Schalke 04,Wolfsburg,True,True,False,3280,
9,27,1. Bundesliga,2015/2016,male,3890431,2016-02-06,Bayer Leverkusen,Bayern Munich,True,True,False,3187,
9,27,1. Bundesliga,2015/2016,male,3890430,2016-02-05,Borussia Mönchengladbach,Werder Bremen,True,True,False,3286,
9,27,1. Bundesliga,2015/2016,male,3890429,2016-01-31,Wolfsburg,FC Köln,True,True,False,3628,
9,27,1. Bundesliga,2015/2016,male,3890428,2016-01-31,Bayern Munich,Hoffenheim,True,True,False,3970,
9,27,1. Bundesliga,2015/2016,male,3890427,2016-01-30,Bayer Leverkusen,Hannover 96,True,True,False,3294,
9,27,1. Bundesliga,2015/2016,male,3890426,2016-01-30,Augsburg,Eintracht Frankfurt,True,True,False,3168,
9,27,1. Bundesliga,2015/2016,male,3890425,2016-01-30,Werder Bremen,Hertha Berlin,True,True,False,3553,
9,27,1. Bundesliga,2015/2016,male,3890424,2016-01-30,Darmstadt 98,Schalke 04,True,True,False,2656,
9,27,1. Bundesliga,2015/2016,male,3890423,2016-01-30,VfB Stuttgart,Hamburger SV,True,True,False,3474,
9,27,1. Bundesliga,2015/2016,male,3890422,2016-01-30,Borussia Dortmund,Ingolstadt,True,True,False,3160,
9,27,1. Bundesliga,2015/2016,male,3890421,2016-01-29,FSV Mainz 05,Borussia Mönchengladbach,True,True,False,4121,
9,27,1. Bundesliga,2015/2016,male,3890420,2016-01-24,Eintracht Frankfurt,Wolfsburg,True,True,False,3686,
9,27,1. Bundesliga,2015/2016,male,3890419,2016-01-24,Schalke 04,Werder Bremen,True,True,False,3479,
9,27,1. Bundesliga,2015/2016,male,3890418,2016-01-23,Hannover 96,Darmstadt 98,True,True,False,3234,
9,27,1. Bundesliga,2015/2016,male,3890417,2016-01-23,Borussia Mönchengladbach,Borussia Dortmund,True,True,False,3880,
9,27,1. Bundesliga,2015/2016,male,3890416,2016-01-23,Ingolstadt,FSV Mainz 05,True,True,False,3390,
9,27,1. Bundesliga,2015/2016,male,3890415,2016-01-23,Hoffenheim,Bayer Leverkusen,True,True,False,3482,
9,27,1. Bundesliga,2015/2016,male,3890414,2016-01-23,Hertha Berlin,Augsburg,True,True,False,3589,
9,27,1. Bundesliga,2015/2016,male,3890413,2016-01-23,FC Köln,VfB Stuttgart,True,True,False,3692,
9,27,1. Bundesliga,2015/2016,male,3890412,2016-01-22,Hamburger SV,Bayern Munich,True,True,False,3338,
9,27,1. Bundesliga,2015/2016,male,3890410,2015-12-20,Borussia Mönchengladbach,Darmstadt 98,True,True,False,3179,
9,27,1. Bundesliga,2015/2016,male,3890409,2015-12-19,Ingolstadt,Bayer Leverkusen,True,True,False,2935,
9,27,1. Bundesliga,2015/2016,male,3890408,2015-12-19,VfB Stuttgart,Wolfsburg,True,True,False,3543,
9,27,1. Bundesliga,2015/2016,male,3890407,2015-12-19,Hannover 96,Bayern Munich,True,True,False,3851,
9,27,1. Bundesliga,2015/2016,male,3890406,2015-12-19,FC Köln,Borussia Dortmund,True,True,False,3549,
9,27,1. Bundesliga,2015/2016,male,3890405,2015-12-19,Eintracht Frankfurt,Werder Bremen,True,True,False,3002,
9,27,1. Bundesliga,2015/2016,male,3890404,2015-12-19,Hamburger SV,Augsburg,True,True,False,3307,
9,27,1. Bundesliga,2015/2016,male,3890403,2015-12-18,Schalke 04,Hoffenheim,True,True,False,3767,
9,27,1. Bundesliga,2015/2016,male,3890400,2015-12-12,Werder Bremen,FC Köln,True,True,False,3735,
9,27,1. Bundesliga,2015/2016,male,3890399,2015-12-12,Bayern Munich,Ingolstadt,True,True,False,3749,
9,27,1. Bundesliga,2015/2016,male,3890398,2015-12-12,Darmstadt 98,Hertha Berlin,True,True,False,3247,
9,27,1. Bundesliga,2015/2016,male,3890395,2015-12-12,Bayer Leverkusen,Borussia Mönchengladbach,True,True,False,3611,
9,27,1. Bundesliga,2015/2016,male,3890394,2015-12-11,FSV Mainz 05,VfB Stuttgart,True,True,False,3887,
9,27,1. Bundesliga,2015/2016,male,3890393,2015-12-06,Eintracht Frankfurt,Darmstadt 98,True,True,False,3192,
9,27,1. Bundesliga,2015/2016,male,3890392,2015-12-06,VfB Stuttgart,Werder Bremen,True,True,False,3235,
9,27,1. Bundesliga,2015/2016,male,3890391,2015-12-05,FC Köln,Augsburg,True,True,False,3175,
9,27,1. Bundesliga,2015/2016,male,3890390,2015-12-05,Hertha Berlin,Bayer Leverkusen,True,True,False,4030,
9,27,1. Bundesliga,2015/2016,male,3890389,2015-12-05,Ingolstadt,Hoffenheim,True,True,False,3655,
9,27,1. Bundesliga,2015/2016,male,3890388,2015-12-05,Wolfsburg,Borussia Dortmund,True,True,False,3337,
9,27,1. Bundesliga,2015/2016,male,3890387,2015-12-05,Borussia Mönchengladbach,Bayern Munich,True,True,False,3715,
9,27,1. Bundesliga,2015/2016,male,3890386,2015-12-05,Hamburger SV,FSV Mainz 05,True,True,False,3906,
9,27,1. Bundesliga,2015/2016,male,3890383,2015-11-29,Augsburg,Wolfsburg,True,True,False,3353,
9,27,1. Bundesliga,2015/2016,male,3890382,2015-11-29,Bayer Leverkusen,Schalke 04,True,True,False,3679,
9,27,1. Bundesliga,2015/2016,male,3890381,2015-11-28,FSV Mainz 05,Eintracht Frankfurt,True,True,False,3643,
9,27,1. Bundesliga,2015/2016,male,3890380,2015-11-28,Hannover 96,Ingolstadt,True,True,False,3308,
9,27,1. Bundesliga,2015/2016,male,3890379,2015-11-28,Werder Bremen,Hamburger SV,True,True,False,3511,
9,27,1. Bundesliga,2015/2016,male,3890378,2015-11-28,Bayern Munich,Hertha Berlin,True,True,False,4037,
9,27,1. Bundesliga,2015/2016,male,3890377,2015-11-28,Hoffenheim,Borussia Mönchengladbach,True,True,False,3756,
9,27,1. Bundesliga,2015/2016,male,3890376,2015-11-27,Darmstadt 98,FC Köln,True,True,False,3391,
9,27,1. Bundesliga,2015/2016,male,3890375,2015-11-22,Hertha Berlin,Hoffenheim,True,True,False,4023,
9,27,1. Bundesliga,2015/2016,male,3890374,2015-11-22,Ingolstadt,Darmstadt 98,True,True,False,2625,
9,27,1. Bundesliga,2015/2016,male,3890373,2015-11-21,Borussia Mönchengladbach,Hannover 96,True,True,False,3886,
9,27,1. Bundesliga,2015/2016,male,3890372,2015-11-21,VfB Stuttgart,Augsburg,True,True,False,3629,
9,27,1. Bundesliga,2015/2016,male,3890371,2015-11-21,FC Köln,FSV Mainz 05,True,True,False,3637,
9,27,1. Bundesliga,2015/2016,male,3890370,2015-11-21,Eintracht Frankfurt,Bayer Leverkusen,True,True,False,3324,
9,27,1. Bundesliga,2015/2016,male,3890369,2015-11-21,Schalke 04,Bayern Munich,True,True,False,4186,
9,27,1. Bundesliga,2015/2016,male,3890368,2015-11-21,Wolfsburg,Werder Bremen,True,True,False,3636,
9,27,1. Bundesliga,2015/2016,male,3890367,2015-11-20,Hamburger SV,Borussia Dortmund,True,True,False,3792,
9,27,1. Bundesliga,2015/2016,male,3890366,2015-11-08,Augsburg,Werder Bremen,True,True,False,3227,
9,27,1. Bundesliga,2015/2016,male,3890365,2015-11-08,Borussia Dortmund,Schalke 04,True,True,False,3857,
9,27,1. Bundesliga,2015/2016,male,3890364,2015-11-07,Bayern Munich,VfB Stuttgart,True,True,False,3514,
9,27,1. Bundesliga,2015/2016,male,3890363,2015-11-07,Borussia Mönchengladbach,Ingolstadt,True,True,False,3336,
9,27,1. Bundesliga,2015/2016,male,3890362,2015-11-07,Hoffenheim,Eintracht Frankfurt,True,True,False,4226,
9,27,1. Bundesliga,2015/2016,male,3890361,2015-11-07,FSV Mainz 05,Wolfsburg,True,True,False,3436,
9,27,1. Bundesliga,2015/2016,male,3890360,2015-11-07,Darmstadt 98,Hamburger SV,True,True,False,3116,
9,27,1. Bundesliga,2015/2016,male,3890359,2015-11-07,Bayer Leverkusen,FC Köln,True,True,False,3026,
9,27,1. Bundesliga,2015/2016,male,3890358,2015-11-06,Hannover 96,Hertha Berlin,True,True,False,3635,
9,27,1. Bundesliga,2015/2016,male,3890357,2015-11-01,VfB Stuttgart,Darmstadt 98,True,True,False,2727,
9,27,1. Bundesliga,2015/2016,male,3890356,2015-11-01,Hamburger SV,Hannover 96,True,True,False,3736,
9,27,1. Bundesliga,2015/2016,male,3890355,2015-10-31,Schalke 04,Ingolstadt,True,True,False,3439,
9,27,1. Bundesliga,2015/2016,male,3890354,2015-10-31,Augsburg,FSV Mainz 05,True,True,False,3299,
9,27,1. Bundesliga,2015/2016,male,3890353,2015-10-31,Werder Bremen,Borussia Dortmund,True,True,False,3984,
9,27,1. Bundesliga,2015/2016,male,3890352,2015-10-31,FC Köln,Hoffenheim,True,True,False,3868,
9,27,1. Bundesliga,2015/2016,male,3890351,2015-10-31,Hertha Berlin,Borussia Mönchengladbach,True,True,False,4383,
9,27,1. Bundesliga,2015/2016,male,3890350,2015-10-31,Wolfsburg,Bayer Leverkusen,True,True,False,3608,
9,27,1. Bundesliga,2015/2016,male,3890349,2015-10-30,Eintracht Frankfurt,Bayern Munich,True,True,False,3426,
9,27,1. Bundesliga,2015/2016,male,3890348,2015-10-25,Borussia Mönchengladbach,Schalke 04,True,True,False,3576,
9,27,1. Bundesliga,2015/2016,male,3890347,2015-10-25,Borussia Dortmund,Augsburg,True,True,False,3626,
9,27,1. Bundesliga,2015/2016,male,3890346,2015-10-24,Bayer Leverkusen,VfB Stuttgart,True,True,False,3310,
9,27,1. Bundesliga,2015/2016,male,3890345,2015-10-24,Hannover 96,Eintracht Frankfurt,True,True,False,3893,
9,27,1. Bundesliga,2015/2016,male,3890344,2015-10-24,FSV Mainz 05,Werder Bremen,True,True,False,3567,
9,27,1. Bundesliga,2015/2016,male,3890343,2015-10-24,Ingolstadt,Hertha Berlin,True,True,False,3757,
9,27,1. Bundesliga,2015/2016,male,3890342,2015-10-24,Darmstadt 98,Wolfsburg,True,True,False,3275,
9,27,1. Bundesliga,2015/2016,male,3890341,2015-10-24,Bayern Munich,FC Köln,True,True,False,3967,
9,27,1. Bundesliga,2015/2016,male,3890340,2015-10-23,Hoffenheim,Hamburger SV,True,True,False,2995,
9,27,1. Bundesliga,2015/2016,male,3890339,2015-10-18,FC Köln,Hannover 96,True,True,False,3482,
9,27,1. Bundesliga,2015/2016,male,3890338,2015-10-18,VfB Stuttgart,Ingolstadt,True,True,False,3263,
9,27,1. Bundesliga,2015/2016,male,3890337,2015-10-17,Hamburger SV,Bayer Leverkusen,True,True,False,3336,
9,27,1. Bundesliga,2015/2016,male,3890336,2015-10-17,Schalke 04,Hertha Berlin,True,True,False,3184,
9,27,1. Bundesliga,2015/2016,male,3890335,2015-10-17,Wolfsburg,Hoffenheim,True,True,False,3655,
9,27,1. Bundesliga,2015/2016,male,3890334,2015-10-17,Eintracht Frankfurt,Borussia Mönchengladbach,True,True,False,3578,
9,27,1. Bundesliga,2015/2016,male,3890333,2015-10-17,Augsburg,Darmstadt 98,True,True,False,3157,
9,27,1. Bundesliga,2015/2016,male,3890332,2015-10-17,Werder Bremen,Bayern Munich,True,True,False,3968,
9,27,1. Bundesliga,2015/2016,male,3890331,2015-10-16,FSV Mainz 05,Borussia Dortmund,True,True,False,3680,
9,27,1. Bundesliga,2015/2016,male,3890330,2015-10-04,Bayer Leverkusen,Augsburg,True,True,False,3477,
9,27,1. Bundesliga,2015/2016,male,3890329,2015-10-04,Bayern Munich,Borussia Dortmund,True,True,False,3821,
9,27,1. Bundesliga,2015/2016,male,3890328,2015-10-04,Schalke 04,FC Köln,True,True,False,3332,
9,27,1. Bundesliga,2015/2016,male,3890327,2015-10-03,Hoffenheim,VfB Stuttgart,True,True,False,3349,
9,27,1. Bundesliga,2015/2016,male,3890326,2015-10-03,Ingolstadt,Eintracht Frankfurt,True,True,False,3706,
9,27,1. Bundesliga,2015/2016,male,3890325,2015-10-03,Hannover 96,Werder Bremen,True,True,False,2994,
9,27,1. Bundesliga,2015/2016,male,3890324,2015-10-03,Hertha Berlin,Hamburger SV,True,True,False,3869,
9,27,1. Bundesliga,2015/2016,male,3890323,2015-10-03,Borussia Mönchengladbach,Wolfsburg,True,True,False,3650,
9,27,1. Bundesliga,2015/2016,male,3890322,2015-10-02,Darmstadt 98,FSV Mainz 05,True,True,False,3021,
9,27,1. Bundesliga,2015/2016,male,3890321,2015-09-27,Borussia Dortmund,Darmstadt 98,True,True,False,3730,
9,27,1. Bundesliga,2015/2016,male,3890320,2015-09-27,Eintracht Frankfurt,Hertha Berlin,True,True,False,3553,
9,27,1. Bundesliga,2015/2016,male,3890319,2015-09-26,Wolfsburg,Hannover 96,True,True,False,3879,
9,27,1. Bundesliga,2015/2016,male,3890318,2015-09-26,VfB Stuttgart,Borussia Mönchengladbach,True,True,False,3437,
9,27,1. Bundesliga,2015/2016,male,3890317,2015-09-26,Hamburger SV,Schalke 04,True,True,False,3723,
9,27,1. Bundesliga,2015/2016,male,3890316,2015-09-26,FSV Mainz 05,Bayern Munich,True,True,False,3766,
9,27,1. Bundesliga,2015/2016,male,3890315,2015-09-26,Werder Bremen,Bayer Leverkusen,True,True,False,3368,
9,27,1. Bundesliga,2015/2016,male,3890314,2015-09-26,Augsburg,Hoffenheim,True,True,False,3173,
9,27,1. Bundesliga,2015/2016,male,3890313,2015-09-25,FC Köln,Ingolstadt,True,True,False,3168,
9,27,1. Bundesliga,2015/2016,male,3890312,2015-09-23,Bayer Leverkusen,FSV Mainz 05,True,True,False,3456,
9,27,1. Bundesliga,2015/2016,male,3890311,2015-09-23,Schalke 04,Eintracht Frankfurt,True,True,False,3554,
9,27,1. Bundesliga,2015/2016,male,3890310,2015-09-23,Hoffenheim,Borussia Dortmund,True,True,False,3736,
9,27,1. Bundesliga,2015/2016,male,3890309,2015-09-23,Hannover 96,VfB Stuttgart,True,True,False,3179,
9,27,1. Bundesliga,2015/2016,male,3890308,2015-09-23,Borussia Mönchengladbach,Augsburg,True,True,False,3611,
9,27,1. Bundesliga,2015/2016,male,3890307,2015-09-22,Darmstadt 98,Werder Bremen,True,True,False,2567,
9,27,1. Bundesliga,2015/2016,male,3890306,2015-09-22,Hertha Berlin,FC Köln,True,True,False,3595,
9,27,1. Bundesliga,2015/2016,male,3890305,2015-09-22,Bayern Munich,Wolfsburg,True,True,False,4267,
9,27,1. Bundesliga,2015/2016,male,3890304,2015-09-22,Ingolstadt,Hamburger SV,True,True,False,3279,
9,27,1. Bundesliga,2015/2016,male,3890303,2015-09-20,VfB Stuttgart,Schalke 04,True,True,False,3409,
9,27,1. Bundesliga,2015/2016,male,3890302,2015-09-20,Augsburg,Hannover 96,True,True,False,3414,
9,27,1. Bundesliga,2015/2016,male,3890301,2015-09-20,Borussia Dortmund,Bayer Leverkusen,True,True,False,3829,
9,27,1. Bundesliga,2015/2016,male,3890300,2015-09-19,Werder Bremen,Ingolstadt,True,True,False,2875,
9,27,1. Bundesliga,2015/2016,male,3890299,2015-09-19,FC Köln,Borussia Mönchengladbach,True,True,False,4308,
9,27,1. Bundesliga,2015/2016,male,3890298,2015-09-19,Wolfsburg,Hertha Berlin,True,True,False,3739,
9,27,1. Bundesliga,2015/2016,male,3890297,2015-09-19,Hamburger SV,Eintracht Frankfurt,True,True,False,3451,
9,27,1. Bundesliga,2015/2016,male,3890296,2015-09-19,Darmstadt 98,Bayern Munich,True,True,False,3484,
9,27,1. Bundesliga,2015/2016,male,3890295,2015-09-18,FSV Mainz 05,Hoffenheim,True,True,False,3283,
9,27,1. Bundesliga,2015/2016,male,3890294,2015-09-13,Hoffenheim,Werder Bremen,True,True,False,3211,
9,27,1. Bundesliga,2015/2016,male,3890293,2015-09-13,Schalke 04,FSV Mainz 05,True,True,False,3253,
9,27,1. Bundesliga,2015/2016,male,3890292,2015-09-12,Hannover 96,Borussia Dortmund,True,True,False,3234,
9,27,1. Bundesliga,2015/2016,male,3890291,2015-09-12,Ingolstadt,Wolfsburg,True,True,False,3501,
9,27,1. Bundesliga,2015/2016,male,3890290,2015-09-12,Hertha Berlin,VfB Stuttgart,True,True,False,3273,
9,27,1. Bundesliga,2015/2016,male,3890289,2015-09-12,Eintracht Frankfurt,FC Köln,True,True,False,3431,
9,27,1. Bundesliga,2015/2016,male,3890288,2015-09-12,Bayer Leverkusen,Darmstadt 98,True,True,False,3314,
9,27,1. Bundesliga,2015/2016,male,3890286,2015-09-11,Borussia Mönchengladbach,Hamburger SV,True,True,False,4072,
9,27,1. Bundesliga,2015/2016,male,3890285,2015-08-30,Werder Bremen,Borussia Mönchengladbach,True,True,False,3203,
9,27,1. Bundesliga,2015/2016,male,3890284,2015-08-30,Borussia Dortmund,Hertha Berlin,True,True,False,3405,
9,27,1. Bundesliga,2015/2016,male,3890283,2015-08-29,Darmstadt 98,Hoffenheim,True,True,False,2928,
9,27,1. Bundesliga,2015/2016,male,3890281,2015-08-29,Augsburg,Ingolstadt,True,True,False,3169,
9,27,1. Bundesliga,2015/2016,male,3890280,2015-08-29,FC Köln,Hamburger SV,True,True,False,3153,
9,27,1. Bundesliga,2015/2016,male,3890279,2015-08-29,VfB Stuttgart,Eintracht Frankfurt,True,True,False,3243,
9,27,1. Bundesliga,2015/2016,male,3890278,2015-08-29,Bayern Munich,Bayer Leverkusen,True,True,False,3345,
9,27,1. Bundesliga,2015/2016,male,3890277,2015-08-28,Wolfsburg,Schalke 04,True,True,False,3717,
9,27,1. Bundesliga,2015/2016,male,3890276,2015-08-23,Borussia Mönchengladbach,FSV Mainz 05,True,True,False,4189,
9,27,1. Bundesliga,2015/2016,male,3890275,2015-08-23,Ingolstadt,Borussia Dortmund,True,True,False,3322,
9,27,1. Bundesliga,2015/2016,male,3890274,2015-08-22,FC Köln,Wolfsburg,True,True,False,3513,
9,27,1. Bundesliga,2015/2016,male,3890273,2015-08-22,Hannover 96,Bayer Leverkusen,True,True,False,3411,
9,27,1. Bundesliga,2015/2016,male,3890272,2015-08-22,Eintracht Frankfurt,Augsburg,True,True,False,2926,
9,27,1. Bundesliga,2015/2016,male,3890271,2015-08-22,Schalke 04,Darmstadt 98,True,True,False,3045,
9,27,1. Bundesliga,2015/2016,male,3890270,2015-08-22,Hoffenheim,Bayern Munich,True,True,False,3018,
9,27,1. Bundesliga,2015/2016,male,3890267,2015-08-16,Wolfsburg,Eintracht Frankfurt,True,True,False,3647,
9,27,1. Bundesliga,2015/2016,male,3890266,2015-08-16,VfB Stuttgart,FC Köln,True,True,False,2940,
9,27,1. Bundesliga,2015/2016,male,3890265,2015-08-15,Augsburg,Hertha Berlin,True,True,False,3229,
9,27,1. Bundesliga,2015/2016,male,3890264,2015-08-15,Werder Bremen,Schalke 04,True,True,False,3069,
9,27,1. Bundesliga,2015/2016,male,3890263,2015-08-15,FSV Mainz 05,Ingolstadt,True,True,False,3159,
9,27,1. Bundesliga,2015/2016,male,3890262,2015-08-15,Darmstadt 98,Hannover 96,True,True,False,2407,
9,27,1. Bundesliga,2015/2016,male,3890261,2015-08-15,Borussia Dortmund,Borussia Mönchengladbach,True,True,False,4270,
9,27,1. Bundesliga,2015/2016,male,3890260,2015-08-15,Bayer Leverkusen,Hoffenheim,True,True,False,3185,
9,27,1. Bundesliga,2015/2016,male,3890259,2015-08-14,Bayern Munich,Hamburger SV,True,True,False,3691,
1267,107,African Cup of Nations,2023,male,3923881,2024-02-11,Nigeria,Côte d'Ivoire,True,True,False,2699,
1267,107,African Cup of Nations,2023,male,3923880,2024-02-10,South Africa,Congo DR,True,True,False,3387,
1267,107,African Cup of Nations,2023,male,3922838,2024-02-07,Côte d'Ivoire,Congo DR,True,True,False,2764,
1267,107,African Cup of Nations,2023,male,3922837,2024-02-07,Nigeria,South Africa,True,True,False,3885,
1267,107,African Cup of Nations,2023,male,3922242,2024-01-29,Senegal,Côte d'Ivoire,True,True,False,4236,
1267,107,African Cup of Nations,2023,male,3922239,2024-01-28,Equatorial Guinea,Guinea,True,True,False,2799,
1267,107,African Cup of Nations,2023,male,3922659,2024-02-03,Mali,Côte d'Ivoire,True,True,False,4096,
1267,107,African Cup of Nations,2023,male,3922658,2024-02-03,Cape Verde Islands,South Africa,True,True,False,3996,
1267,107,African Cup of Nations,2023,male,3922244,2024-01-30,Mali,Burkina Faso,True,True,False,3124,
1267,107,African Cup of Nations,2023,male,3922356,2024-02-02,Congo DR,Guinea,True,True,False,2688,
1267,107,African Cup of Nations,2023,male,3922321,2024-02-02,Nigeria,Angola,True,True,False,3048,
1267,107,African Cup of Nations,2023,male,3922237,2024-01-27,Angola,Namibia,True,True,False,3016,
1267,107,African Cup of Nations,2023,male,3922243,2024-01-30,Morocco,South Africa,True,True,False,3121,
1267,107,African Cup of Nations,2023,male,3922241,2024-01-29,Cape Verde Islands,Mauritania,True,True,False,3051,
1267,107,African Cup of Nations,2023,male,3922240,2024-01-28,Egypt,Congo DR,True,True,False,3789,
1267,107,African Cup of Nations,2023,male,3922238,2024-01-27,Nigeria,Cameroon,True,True,False,2682,
1267,107,African Cup of Nations,2023,male,3920396,2024-01-18,Egypt,Ghana,True,True,False,3121,
1267,107,African Cup of Nations,2023,male,3920386,2024-01-14,Nigeria,Equatorial Guinea,True,True,False,2770,
1267,107,African Cup of Nations,2023,male,3920385,2024-01-14,Egypt,Mozambique,True,True,False,3469,
1267,107,African Cup of Nations,2023,male,3920387,2024-01-14,Ghana,Cape Verde Islands,True,True,False,3015,
1267,107,African Cup of Nations,2023,male,3920419,2024-01-24,Zambia,Morocco,True,True,False,3237,
1267,107,African Cup of Nations,2023,male,3920418,2024-01-24,Tanzania,Congo DR,True,True,False,3593,
1267,107,African Cup of Nations,2023,male,3920417,2024-01-24,Namibia,Mali,True,True,False,2685,
1267,107,African Cup of Nations,2023,male,3920416,2024-01-24,South Africa,Tunisia,True,True,False,3441,
1267,107,African Cup of Nations,2023,male,3920415,2024-01-23,Mauritania,Algeria,True,True,False,3159,
1267,107,African Cup of Nations,2023,male,3920414,2024-01-23,Angola,Burkina Faso,True,True,False,3232,
1267,107,African Cup of Nations,2023,male,3920413,2024-01-23,Gambia,Cameroon,True,True,False,2703,
1267,107,African Cup of Nations,2023,male,3920412,2024-01-23,Guinea,Senegal,True,True,False,3173,
1267,107,African Cup of Nations,2023,male,3920411,2024-01-22,Cape Verde Islands,Egypt,True,True,False,3351,
1267,107,African Cup of Nations,2023,male,3920410,2024-01-22,Mozambique,Ghana,True,True,False,2595,
1267,107,African Cup of Nations,2023,male,3920409,2024-01-22,Guinea-Bissau,Nigeria,True,True,False,3276,
1267,107,African Cup of Nations,2023,male,3920408,2024-01-22,Equatorial Guinea,Côte d'Ivoire,True,True,False,2607,
1267,107,African Cup of Nations,2023,male,3920407,2024-01-21,South Africa,Namibia,True,True,False,2936,
1267,107,African Cup of Nations,2023,male,3920406,2024-01-21,Zambia,Tanzania,True,True,False,3473,
1267,107,African Cup of Nations,2023,male,3920405,2024-01-21,Morocco,Congo DR,True,True,False,2793,
1267,107,African Cup of Nations,2023,male,3920404,2024-01-20,Tunisia,Mali,True,True,False,3004,
1267,107,African Cup of Nations,2023,male,3920403,2024-01-20,Mauritania,Angola,True,True,False,2975,
1267,107,African Cup of Nations,2023,male,3920402,2024-01-20,Algeria,Burkina Faso,True,True,False,2629,
1267,107,African Cup of Nations,2023,male,3920401,2024-01-19,Guinea,Gambia,True,True,False,3151,
1267,107,African Cup of Nations,2023,male,3920400,2024-01-19,Senegal,Cameroon,True,True,False,2878,
1267,107,African Cup of Nations,2023,male,3920399,2024-01-19,Cape Verde Islands,Mozambique,True,True,False,3338,
1267,107,African Cup of Nations,2023,male,3920398,2024-01-18,Côte d'Ivoire,Nigeria,True,True,False,2651,
1267,107,African Cup of Nations,2023,male,3920397,2024-01-18,Equatorial Guinea,Guinea-Bissau,True,True,False,2907,
1267,107,African Cup of Nations,2023,male,3920395,2024-01-17,Congo DR,Zambia,True,True,False,3103,
1267,107,African Cup of Nations,2023,male,3920394,2024-01-17,Morocco,Tanzania,True,True,False,3424,
1267,107,African Cup of Nations,2023,male,3920393,2024-01-16,Tunisia,Namibia,True,True,False,3091,
1267,107,African Cup of Nations,2023,male,3920392,2024-01-16,Burkina Faso,Mauritania,True,True,False,2849,
1267,107,African Cup of Nations,2023,male,3920391,2024-01-16,Mali,South Africa,True,True,False,3508,
1267,107,African Cup of Nations,2023,male,3920390,2024-01-15,Algeria,Angola,True,True,False,3150,
1267,107,African Cup of Nations,2023,male,3920389,2024-01-15,Cameroon,Guinea,True,True,False,2665,
1267,107,African Cup of Nations,2023,male,3920388,2024-01-15,Senegal,Gambia,True,True,False,3129,
1267,107,African Cup of Nations,2023,male,3920384,2024-01-13,Côte d'Ivoire,Guinea-Bissau,True,True,False,3448,
16,4,Champions League,2018/2019,male,22912,2019-06-01,Tottenham Hotspur,Liverpool,True,True,False,3165,
16,1,Champions League,2017/2018,male,18245,2018-05-26,Real Madrid,Liverpool,True,True,False,3497,
16,2,Champions League,2016/2017,male,18244,2017-06-03,Juventus,Real Madrid,True,True,False,3400,
16,27,Champions League,2015/2016,male,18243,2016-05-28,Real Madrid,Atlético Madrid,True,True,False,4708,
16,26,Champions League,2014/2015,male,18242,2015-06-06,Juventus,Barcelona,True,True,False,3433,
16,25,Champions League,2013/2014,male,18241,2014-05-24,Real Madrid,Atlético Madrid,True,True,False,4263,
16,24,Champions League,2012/2013,male,18240,2013-05-25,Borussia Dortmund,Bayern Munich,True,True,False,3338,
16,23,Champions League,2011/2012,male,18237,2012-05-19,Bayern Munich,Chelsea,True,True,False,4695,
16,22,Champions League,2010/2011,male,18236,2011-05-28,Barcelona,Manchester United,True,True,False,4326,
16,21,Champions League,2009/2010,male,18235,2010-05-22,Bayern Munich,Inter Milan,True,True,False,3410,
16,41,Champions League,2008/2009,male,3750201,2009-05-27,Barcelona,Manchester United,True,True,False,3329,
16,39,Champions League,2006/2007,male,3750200,2007-05-23,AC Milan,Liverpool,True,True,False,3064,
16,37,Champions League,2004/2005,male,2302764,2005-05-25,AC Milan,Liverpool,True,True,False,4648,
16,44,Champions League,2003/2004,male,3752619,2004-05-26,AS Monaco,FC Porto,True,True,False,3223,
16,76,Champions League,1999/2000,male,3750240,1999-11-23,Fiorentina,Manchester United,True,True,False,3384,
16,277,Champions League,1972/1973,male,3888706,1973-05-30,Ajax,Juventus,True,True,False,3195,
16,71,Champions League,1971/1972,male,3750235,1972-05-31,Ajax,Inter Milan,True,True,False,3027,
16,276,Champions League,1970/1971,male,3888711,1971-06-02,Ajax,Panathinaikos,True,True,False,3529,
223,282,Copa America,2024,male,3943077,2024-07-15,Argentina,Colombia,True,True,False,4108,
223,282,Copa America,2024,male,3943076,2024-07-14,Canada,Uruguay,True,True,False,2877,
223,282,Copa America,2024,male,3942852,2024-07-11,Uruguay,Colombia,True,True,False,2811,
223,282,Copa America,2024,male,3942785,2024-07-10,Argentina,Canada,True,True,False,3459,
223,282,Copa America,2024,male,3942416,2024-07-07,Colombia,Panama,True,True,False,2905,
223,282,Copa America,2024,male,3942415,2024-07-07,Uruguay,Brazil,True,True,False,2788,
223,282,Copa America,2024,male,3939986,2024-06-30,Argentina,Peru,True,True,False,3178,
223,282,Copa America,2024,male,3939973,2024-06-24,Uruguay,Panama,True,True,False,3008,
223,282,Copa America,2024,male,3942229,2024-07-06,Venezuela,Canada,True,True,False,3119,
223,282,Copa America,2024,male,3942228,2024-07-05,Argentina,Ecuador,True,True,False,2849,
223,282,Copa America,2024,male,3939985,2024-06-30,Canada,Chile,True,True,False,2906,
223,282,Copa America,2024,male,3939984,2024-06-29,Colombia,Costa Rica,True,True,False,3229,
223,282,Copa America,2024,male,3939981,2024-06-28,Panama,United States,True,True,False,2781,
223,282,Copa America,2024,male,3939992,2024-07-03,Costa Rica,Paraguay,True,True,False,3067,
223,282,Copa America,2024,male,3939991,2024-07-03,Brazil,Colombia,True,True,False,3212,
223,282,Copa America,2024,male,3939990,2024-07-02,United States,Uruguay,True,True,False,2579,
223,282,Copa America,2024,male,3939989,2024-07-02,Bolivia,Panama,True,True,False,3237,
223,282,Copa America,2024,male,3939988,2024-07-01,Mexico,Ecuador,True,True,False,2938,
223,282,Copa America,2024,male,3939987,2024-07-01,Jamaica,Venezuela,True,True,False,2866,
223,282,Copa America,2024,male,3939983,2024-06-29,Paraguay,Brazil,True,True,False,3433,
223,282,Copa America,2024,male,3939982,2024-06-28,Uruguay,Bolivia,True,True,False,3293,
223,282,Copa America,2024,male,3939980,2024-06-27,Ecuador,Jamaica,True,True,False,2532,
223,282,Copa America,2024,male,3939979,2024-06-27,Venezuela,Mexico,True,True,False,3264,
223,282,Copa America,2024,male,3939978,2024-06-26,Peru,Canada,True,True,False,2944,
223,282,Copa America,2024,male,3939977,2024-06-26,Chile,Argentina,True,True,False,3657,
223,282,Copa America,2024,male,3939976,2024-06-25,Brazil,Costa Rica,True,True,False,3697,
223,282,Copa America,2024,male,3939975,2024-06-25,Colombia,Paraguay,True,True,False,2994,
223,282,Copa America,2024,male,3939974,2024-06-24,United States,Bolivia,True,True,False,3396,
223,282,Copa America,2024,male,3939972,2024-06-23,Ecuador,Venezuela,True,True,False,3038,
223,282,Copa America,2024,male,3939971,2024-06-23,Mexico,Jamaica,True,True,False,3308,
223,282,Copa America,2024,male,3939970,2024-06-22,Peru,Chile,True,True,False,3213,
223,282,Copa America,2024,male,3939969,2024-06-21,Argentina,Canada,True,True,False,3619,
87,84,Copa del Rey,1983/1984,male,3750248,1984-05-05,Athletic Club,Barcelona,True,True,False,2596,
87,268,Copa del Rey,1982/1983,male,3888721,1983-06-04,Barcelona,Real Madrid,True,True,False,2557,
87,279,Copa del Rey,1977/1978,male,3888754,1978-04-19,Barcelona,Las Palmas,True,True,False,2917,
37,90,FA Women's Super League,2020/2021,female,3775648,2021-02-28,Aston Villa,Arsenal WFC,True,True,False,3811,
37,90,FA Women's Super League,2020/2021,female,3775609,2021-04-28,Arsenal WFC,West Ham United LFC,True,True,False,3581,
37,90,FA Women's Super League,2020/2021,female,3775633,2021-02-06,Aston Villa,Tottenham Hotspur Women,True,True,False,3350,
37,90,FA Women's Super League,2020/2021,female,3775570,2021-03-28,Brighton & Hove Albion WFC,Everton LFC,True,True,False,3702,
37,90,FA Women's Super League,2020/2021,female,3775581,2021-03-28,Chelsea FCW,Aston Villa,True,True,False,3492,
37,90,FA Women's Super League,2020/2021,female,3775579,2021-05-02,Reading WFC,Brighton & Hove Albion WFC,True,True,False,3440,
37,90,FA Women's Super League,2020/2021,female,3775544,2021-05-02,Aston Villa,West Ham United LFC,True,True,False,3153,
37,90,FA Women's Super League,2020/2021,female,3775622,2021-04-25,Manchester United,Tottenham Hotspur Women,True,True,False,3237,
37,90,FA Women's Super League,2020/2021,female,3775553,2020-11-08,Birmingham City WFC,West Ham United LFC,True,True,False,3234,
37,90,FA Women's Super League,2020/2021,female,3775584,2020-12-06,Arsenal WFC,Birmingham City WFC,True,True,False,3351,
37,90,FA Women's Super League,2020/2021,female,3775618,2020-10-11,Reading WFC,Birmingham City WFC,True,True,False,3356,
37,90,FA Women's Super League,2020/2021,female,3775641,2020-11-14,Aston Villa,Birmingham City WFC,True,True,False,3173,
37,90,FA Women's Super League,2020/2021,female,3775636,2020-10-18,Bristol City WFC,Birmingham City WFC,True,True,False,3346,
37,90,FA Women's Super League,2020/2021,female,3775653,2021-03-11,Birmingham City WFC,Everton LFC,True,True,False,3659,
37,90,FA Women's Super League,2020/2021,female,3775654,2021-03-28,Birmingham City WFC,Bristol City WFC,True,True,False,3088,
37,90,FA Women's Super League,2020/2021,female,3775643,2021-03-17,West Ham United LFC,Birmingham City WFC,True,True,False,3152,
37,90,FA Women's Super League,2020/2021,female,3764237,2020-09-13,Birmingham City WFC,Manchester United,True,True,False,3433,
37,90,FA Women's Super League,2020/2021,female,3775594,2021-01-24,Manchester United,Birmingham City WFC,True,True,False,3199,
37,90,FA Women's Super League,2020/2021,female,3775560,2021-05-09,Arsenal WFC,Aston Villa,True,True,False,3532,
37,90,FA Women's Super League,2020/2021,female,3775624,2020-11-14,Manchester United,Manchester City WFC,True,True,False,3115,
37,90,FA Women's Super League,2020/2021,female,3764240,2020-09-06,Bristol City WFC,Everton LFC,True,True,False,3150,
37,90,FA Women's Super League,2020/2021,female,3764233,2020-09-06,Arsenal WFC,Reading WFC,True,True,False,3252,
37,90,FA Women's Super League,2020/2021,female,3775585,2021-05-09,Brighton & Hove Albion WFC,Bristol City WFC,True,True,False,2939,
37,90,FA Women's Super League,2020/2021,female,3775593,2021-05-09,Chelsea FCW,Reading WFC,True,True,False,3512,
37,90,FA Women's Super League,2020/2021,female,3775602,2020-10-04,West Ham United LFC,Reading WFC,True,True,False,3173,
37,90,FA Women's Super League,2020/2021,female,3775620,2020-10-11,Everton LFC,West Ham United LFC,True,True,False,3344,
37,90,FA Women's Super League,2020/2021,female,3764232,2020-09-06,Manchester United,Chelsea FCW,True,True,False,3624,
37,90,FA Women's Super League,2020/2021,female,3775559,2020-12-20,Arsenal WFC,Everton LFC,True,True,False,3798,
37,90,FA Women's Super League,2020/2021,female,3775606,2021-01-10,Reading WFC,Chelsea FCW,True,True,False,3458,
37,90,FA Women's Super League,2020/2021,female,3775567,2021-01-17,Chelsea FCW,Manchester United,True,True,False,3164,
37,90,FA Women's Super League,2020/2021,female,3775638,2021-03-07,Brighton & Hove Albion WFC,Tottenham Hotspur Women,True,True,False,3395,
37,90,FA Women's Super League,2020/2021,female,3775607,2021-03-08,Bristol City WFC,Reading WFC,True,True,False,3130,
37,90,FA Women's Super League,2020/2021,female,3764230,2020-09-06,Tottenham Hotspur Women,West Ham United LFC,True,True,False,3485,
37,90,FA Women's Super League,2020/2021,female,3764241,2020-09-13,Manchester City WFC,Brighton & Hove Albion WFC,True,True,False,3523,
37,90,FA Women's Super League,2020/2021,female,3764235,2020-09-13,Chelsea FCW,Bristol City WFC,True,True,False,3657,
37,90,FA Women's Super League,2020/2021,female,3764239,2020-09-13,Everton LFC,Tottenham Hotspur Women,True,True,False,3251,
37,90,FA Women's Super League,2020/2021,female,3764236,2020-09-13,Reading WFC,Aston Villa,True,True,False,3003,
37,90,FA Women's Super League,2020/2021,female,3764231,2020-09-06,Brighton & Hove Albion WFC,Birmingham City WFC,True,True,False,3293,
37,90,FA Women's Super League,2020/2021,female,3764234,2020-09-05,Aston Villa,Manchester City WFC,True,True,False,3758,
37,90,FA Women's Super League,2020/2021,female,3775543,2020-10-11,Brighton & Hove Albion WFC,Arsenal WFC,True,True,False,3992,
37,90,FA Women's Super League,2020/2021,female,3775551,2020-11-08,Manchester United,Arsenal WFC,True,True,False,3473,
37,90,FA Women's Super League,2020/2021,female,3775540,2021-04-24,Aston Villa,Bristol City WFC,True,True,False,3261,
37,90,FA Women's Super League,2020/2021,female,3775550,2021-03-17,Everton LFC,Chelsea FCW,True,True,False,3960,
37,90,FA Women's Super League,2020/2021,female,3775545,2020-10-04,Manchester City WFC,Tottenham Hotspur Women,True,True,False,3287,
37,90,FA Women's Super League,2020/2021,female,3775556,2020-11-08,Brighton & Hove Albion WFC,Aston Villa,True,True,False,3239,
37,90,FA Women's Super League,2020/2021,female,3775575,2020-10-03,Aston Villa,Everton LFC,True,True,False,3819,
37,90,FA Women's Super League,2020/2021,female,3775562,2020-10-04,Manchester United,Brighton & Hove Albion WFC,True,True,False,2949,
37,90,FA Women's Super League,2020/2021,female,3775561,2020-10-18,West Ham United LFC,Manchester United,True,True,False,3173,
37,90,FA Women's Super League,2020/2021,female,3775582,2020-10-18,Everton LFC,Brighton & Hove Albion WFC,True,True,False,2973,
37,90,FA Women's Super League,2020/2021,female,3775558,2020-12-13,Reading WFC,Manchester United,True,True,False,3012,
37,90,FA Women's Super League,2020/2021,female,3775552,2021-02-28,Tottenham Hotspur Women,Everton LFC,True,True,False,3522,
37,90,FA Women's Super League,2020/2021,female,3775557,2021-04-25,Arsenal WFC,Brighton & Hove Albion WFC,True,True,False,3666,
37,90,FA Women's Super League,2020/2021,female,3775564,2021-03-27,Manchester City WFC,Reading WFC,True,True,False,3497,
37,90,FA Women's Super League,2020/2021,female,3775569,2021-04-04,Bristol City WFC,Arsenal WFC,True,True,False,3714,
37,90,FA Women's Super League,2020/2021,female,3775548,2021-02-10,Chelsea FCW,Arsenal WFC,True,True,False,3638,
37,90,FA Women's Super League,2020/2021,female,3775568,2021-04-28,Birmingham City WFC,Aston Villa,True,True,False,2874,
37,90,FA Women's Super League,2020/2021,female,3775563,2021-05-09,Manchester United,Everton LFC,True,True,False,3634,
37,90,FA Women's Super League,2020/2021,female,3775555,2021-05-05,Tottenham Hotspur Women,Chelsea FCW,True,True,False,3430,
37,90,FA Women's Super League,2020/2021,female,3775549,2021-05-09,Birmingham City WFC,Tottenham Hotspur Women,True,True,False,3270,
37,90,FA Women's Super League,2020/2021,female,3775572,2020-10-04,Birmingham City WFC,Chelsea FCW,True,True,False,3432,
37,90,FA Women's Super League,2020/2021,female,3775577,2021-05-02,Everton LFC,Arsenal WFC,True,True,False,3822,
37,90,FA Women's Super League,2020/2021,female,3775541,2021-03-07,Manchester United,Aston Villa,True,True,False,3484,
37,90,FA Women's Super League,2020/2021,female,3775588,2020-12-06,Tottenham Hotspur Women,Brighton & Hove Albion WFC,True,True,False,3063,
37,90,FA Women's Super League,2020/2021,female,3775586,2020-10-18,Arsenal WFC,Tottenham Hotspur Women,True,True,False,3601,
37,90,FA Women's Super League,2020/2021,female,3775592,2020-11-07,Tottenham Hotspur Women,Reading WFC,True,True,False,3195,
37,90,FA Women's Super League,2020/2021,female,3775580,2020-12-13,Brighton & Hove Albion WFC,Chelsea FCW,True,True,False,3774,
37,90,FA Women's Super League,2020/2021,female,3775591,2021-03-07,West Ham United LFC,Chelsea FCW,True,True,False,3317,
37,90,FA Women's Super League,2020/2021,female,3775590,2021-02-07,Everton LFC,Birmingham City WFC,True,True,False,3102,
37,90,FA Women's Super League,2020/2021,female,3775571,2021-01-23,Aston Villa,Reading WFC,True,True,False,3245,
37,90,FA Women's Super League,2020/2021,female,3775589,2021-01-17,Reading WFC,Arsenal WFC,True,True,False,3083,
37,90,FA Women's Super League,2020/2021,female,3775578,2021-02-14,Reading WFC,Everton LFC,True,True,False,3294,
37,90,FA Women's Super League,2020/2021,female,3775596,2021-03-17,Bristol City WFC,Manchester City WFC,True,True,False,3556,
37,90,FA Women's Super League,2020/2021,female,3775576,2021-04-21,Manchester City WFC,Chelsea FCW,True,True,False,3393,
37,90,FA Women's Super League,2020/2021,female,3775574,2021-05-02,Manchester City WFC,Birmingham City WFC,True,True,False,3582,
37,90,FA Women's Super League,2020/2021,female,3775573,2021-05-09,West Ham United LFC,Manchester City WFC,True,True,False,3269,
37,90,FA Women's Super League,2020/2021,female,3775597,2021-03-19,Arsenal WFC,Manchester United,True,True,False,3418,
37,90,FA Women's Super League,2020/2021,female,3775611,2020-10-11,Chelsea FCW,Manchester City WFC,True,True,False,3545,
37,90,FA Women's Super League,2020/2021,female,3775628,2021-03-27,Manchester United,West Ham United LFC,True,True,False,3103,
37,90,FA Women's Super League,2020/2021,female,3775612,2021-04-25,Birmingham City WFC,Reading WFC,True,True,False,3516,
37,90,FA Women's Super League,2020/2021,female,3775627,2020-11-15,Arsenal WFC,Chelsea FCW,True,True,False,3132,
37,90,FA Women's Super League,2020/2021,female,3775644,2020-10-10,Tottenham Hotspur Women,Manchester United,True,True,False,2632,
37,90,FA Women's Super League,2020/2021,female,3775637,2020-12-09,Bristol City WFC,Aston Villa,True,True,False,3448,
37,90,FA Women's Super League,2020/2021,female,3775631,2020-11-14,Bristol City WFC,Tottenham Hotspur Women,True,True,False,2723,
37,90,FA Women's Super League,2020/2021,female,3775621,2020-12-06,Reading WFC,Bristol City WFC,True,True,False,3260,
37,90,FA Women's Super League,2020/2021,female,3775615,2020-12-13,Tottenham Hotspur Women,Aston Villa,True,True,False,3582,
37,90,FA Women's Super League,2020/2021,female,3775610,2020-12-20,Manchester United,Bristol City WFC,True,True,False,3288,
37,90,FA Women's Super League,2020/2021,female,3775616,2020-12-13,Bristol City WFC,West Ham United LFC,True,True,False,3164,
37,90,FA Women's Super League,2020/2021,female,3775632,2020-12-06,Everton LFC,Manchester City WFC,True,True,False,3582,
37,90,FA Women's Super League,2020/2021,female,3775629,2021-01-24,Brighton & Hove Albion WFC,Manchester City WFC,True,True,False,4152,
37,90,FA Women's Super League,2020/2021,female,3775619,2020-12-20,Brighton & Hove Albion WFC,Reading WFC,True,True,False,3129,
37,90,FA Women's Super League,2020/2021,female,3775600,2021-02-07,Arsenal WFC,Manchester City WFC,True,True,False,3564,
37,90,FA Women's Super League,2020/2021,female,3775605,2021-01-31,Chelsea FCW,Tottenham Hotspur Women,True,True,False,3633,
37,90,FA Women's Super League,2020/2021,female,3775626,2021-01-17,Manchester City WFC,Aston Villa,True,True,False,3956,
37,90,FA Women's Super League,2020/2021,female,3775614,2021-02-14,Bristol City WFC,Chelsea FCW,True,True,False,3491,
37,90,FA Women's Super League,2020/2021,female,3775603,2021-02-10,Brighton & Hove Albion WFC,West Ham United LFC,True,True,False,3330,
37,90,FA Women's Super League,2020/2021,female,3775625,2020-11-07,Manchester City WFC,Bristol City WFC,True,True,False,3447,
37,90,FA Women's Super League,2020/2021,female,3775613,2021-03-27,Tottenham Hotspur Women,Arsenal WFC,True,True,False,3721,
37,90,FA Women's Super League,2020/2021,female,3775598,2021-03-14,Reading WFC,Tottenham Hotspur Women,True,True,False,3119,
37,90,FA Women's Super League,2020/2021,female,3775601,2021-05-02,Bristol City WFC,Manchester United,True,True,False,2911,
37,90,FA Women's Super League,2020/2021,female,3775630,2021-03-07,Birmingham City WFC,Arsenal WFC,True,True,False,3555,
37,90,FA Women's Super League,2020/2021,female,3775651,2021-01-31,Manchester City WFC,West Ham United LFC,True,True,False,3806,
37,90,FA Women's Super League,2020/2021,female,3775635,2021-04-25,West Ham United LFC,Everton LFC,True,True,False,3151,
37,90,FA Women's Super League,2020/2021,female,3775650,2020-12-06,Chelsea FCW,West Ham United LFC,True,True,False,3409,
37,90,FA Women's Super League,2020/2021,female,3775647,2021-01-17,Birmingham City WFC,Brighton & Hove Albion WFC,True,True,False,3229,
37,90,FA Women's Super League,2020/2021,female,3775659,2020-10-18,Reading WFC,Manchester City WFC,True,True,False,3356,
37,90,FA Women's Super League,2020/2021,female,3775657,2020-10-04,Arsenal WFC,Bristol City WFC,True,True,False,4034,
37,90,FA Women's Super League,2020/2021,female,3775649,2021-04-03,Reading WFC,West Ham United LFC,True,True,False,2891,
37,90,FA Women's Super League,2020/2021,female,3775645,2020-11-08,Chelsea FCW,Everton LFC,True,True,False,3429,
37,90,FA Women's Super League,2020/2021,female,3775639,2021-03-07,Manchester City WFC,Everton LFC,True,True,False,3751,
37,90,FA Women's Super League,2020/2021,female,3775642,2021-03-17,Aston Villa,Brighton & Hove Albion WFC,True,True,False,3123,
37,90,FA Women's Super League,2020/2021,female,3775646,2021-01-27,Aston Villa,Chelsea FCW,True,True,False,3713,
37,90,FA Women's Super League,2020/2021,female,3775655,2021-02-07,West Ham United LFC,Bristol City WFC,True,True,False,3119,
37,90,FA Women's Super League,2020/2021,female,3775640,2021-02-07,Manchester United,Reading WFC,True,True,False,3060,
37,90,FA Women's Super League,2020/2021,female,3775658,2021-02-12,Manchester City WFC,Manchester United,True,True,False,3649,
37,90,FA Women's Super League,2020/2021,female,3775623,2020-11-15,West Ham United LFC,Brighton & Hove Albion WFC,True,True,False,2913,
37,90,FA Women's Super League,2020/2021,female,3775566,2020-12-05,Aston Villa,Manchester United,True,True,False,3694,
37,90,FA Women's Super League,2020/2021,female,3775546,2021-03-21,Tottenham Hotspur Women,Bristol City WFC,True,True,False,3109,
37,90,FA Women's Super League,2020/2021,female,3775547,2021-02-28,Birmingham City WFC,Manchester City WFC,True,True,False,3442,
37,90,FA Women's Super League,2020/2021,female,3775587,2021-01-31,Everton LFC,Manchester United,True,True,False,3744,
37,90,FA Women's Super League,2020/2021,female,3775595,2021-01-30,Bristol City WFC,Brighton & Hove Albion WFC,True,True,False,3339,
37,90,FA Women's Super League,2020/2021,female,3775604,2021-04-04,Tottenham Hotspur Women,Manchester City WFC,True,True,False,4118,
37,90,FA Women's Super League,2020/2021,female,3775634,2021-04-04,Everton LFC,Aston Villa,True,True,False,3352,
37,90,FA Women's Super League,2020/2021,female,3775617,2021-04-04,Brighton & Hove Albion WFC,Manchester United,True,True,False,3108,
37,90,FA Women's Super League,2020/2021,female,3775565,2021-04-04,Chelsea FCW,Birmingham City WFC,True,True,False,3388,
37,90,FA Women's Super League,2020/2021,female,3775583,2020-12-13,Manchester City WFC,Arsenal WFC,True,True,False,3605,
37,90,FA Women's Super League,2020/2021,female,3775542,2021-01-17,Everton LFC,Bristol City WFC,True,True,False,3341,
37,90,FA Women's Super League,2020/2021,female,3775608,2021-01-17,West Ham United LFC,Tottenham Hotspur Women,True,True,False,3500,
37,90,FA Women's Super League,2020/2021,female,3775599,2021-04-20,West Ham United LFC,Aston Villa,True,True,False,2652,
37,90,FA Women's Super League,2020/2021,female,3775554,2020-11-14,Everton LFC,Reading WFC,True,True,False,3103,
37,90,FA Women's Super League,2020/2021,female,3775652,2021-02-07,Chelsea FCW,Brighton & Hove Albion WFC,True,True,False,3689,
37,90,FA Women's Super League,2020/2021,female,3764238,2020-09-12,West Ham United LFC,Arsenal WFC,True,True,False,3178,
37,42,FA Women's Super League,2019/2020,female,2275127,2019-10-13,Reading WFC,Everton LFC,True,True,False,2797,
37,42,FA Women's Super League,2019/2020,female,2275136,2019-09-07,Manchester City WFC,Manchester United,True,True,False,3604,
37,42,FA Women's Super League,2019/2020,female,2275154,2019-11-17,Chelsea FCW,Manchester United,True,True,False,2954,
37,42,FA Women's Super League,2019/2020,female,2275150,2019-12-01,West Ham United LFC,Manchester United,True,True,False,2395,
37,42,FA Women's Super League,2019/2020,female,2275146,2019-12-08,Manchester United,Everton LFC,True,True,False,3449,
37,42,FA Women's Super League,2019/2020,female,2275142,2020-01-05,Manchester United,Bristol City WFC,True,True,False,3247,
37,42,FA Women's Super League,2019/2020,female,2275137,2020-01-19,Manchester United,Tottenham Hotspur Women,True,True,False,3330,
37,42,FA Women's Super League,2019/2020,female,2275153,2020-02-02,Reading WFC,Manchester United,True,True,False,2647,
37,42,FA Women's Super League,2019/2020,female,2275151,2020-02-12,Brighton & Hove Albion WFC,Manchester United,True,True,False,3516,
37,42,FA Women's Super League,2019/2020,female,2275144,2020-02-23,Everton LFC,Manchester United,True,True,False,3017,
37,42,FA Women's Super League,2019/2020,female,2275088,2019-12-08,Bristol City WFC,Birmingham City WFC,True,True,False,3045,
37,42,FA Women's Super League,2019/2020,female,2275110,2019-10-27,Birmingham City WFC,Liverpool WFC,True,True,False,3528,
37,42,FA Women's Super League,2019/2020,female,2275044,2019-10-27,Arsenal WFC,Manchester City WFC,True,True,False,4028,
37,42,FA Women's Super League,2019/2020,female,2275105,2020-02-23,Manchester City WFC,Chelsea FCW,True,True,False,3549,
37,42,FA Women's Super League,2019/2020,female,2275063,2019-10-13,Chelsea FCW,Arsenal WFC,True,True,False,3499,
37,42,FA Women's Super League,2019/2020,female,2275054,2020-01-05,Brighton & Hove Albion WFC,Liverpool WFC,True,True,False,2754,
37,42,FA Women's Super League,2019/2020,female,2275072,2020-01-05,Chelsea FCW,Reading WFC,True,True,False,2946,
37,42,FA Women's Super League,2019/2020,female,2275085,2020-01-05,Tottenham Hotspur Women,Manchester City WFC,True,True,False,3555,
37,42,FA Women's Super League,2019/2020,female,2275113,2020-01-19,West Ham United LFC,Brighton & Hove Albion WFC,True,True,False,3114,
37,42,FA Women's Super League,2019/2020,female,2275099,2019-09-08,Liverpool WFC,Reading WFC,True,True,False,3477,
37,42,FA Women's Super League,2019/2020,female,2275057,2020-02-02,Chelsea FCW,West Ham United LFC,True,True,False,3020,
37,42,FA Women's Super League,2019/2020,female,2275075,2019-12-15,Reading WFC,Tottenham Hotspur Women,True,True,False,2964,
37,42,FA Women's Super League,2019/2020,female,2275077,2020-01-12,Tottenham Hotspur Women,West Ham United LFC,True,True,False,2880,
37,42,FA Women's Super League,2019/2020,female,2275036,2020-01-19,Everton LFC,Reading WFC,True,True,False,2864,
37,42,FA Women's Super League,2019/2020,female,2275117,2019-12-15,Everton LFC,Arsenal WFC,True,True,False,4075,
37,42,FA Women's Super League,2019/2020,female,2275092,2020-01-19,Birmingham City WFC,Manchester City WFC,True,True,False,3973,
37,42,FA Women's Super League,2019/2020,female,2275040,2019-10-13,Brighton & Hove Albion WFC,West Ham United LFC,True,True,False,3142,
37,42,FA Women's Super League,2019/2020,female,2275122,2019-11-17,Reading WFC,Bristol City WFC,True,True,False,3331,
37,42,FA Women's Super League,2019/2020,female,2275045,2019-12-15,Liverpool WFC,Chelsea FCW,True,True,False,3393,
37,42,FA Women's Super League,2019/2020,female,2275093,2019-11-24,Birmingham City WFC,Chelsea FCW,True,True,False,3708,
37,42,FA Women's Super League,2019/2020,female,2275097,2019-12-15,Manchester City WFC,Brighton & Hove Albion WFC,True,True,False,3476,
37,42,FA Women's Super League,2019/2020,female,2275084,2019-10-27,West Ham United LFC,Chelsea FCW,True,True,False,3127,
37,42,FA Women's Super League,2019/2020,female,2275089,2020-01-05,Arsenal WFC,Birmingham City WFC,True,True,False,4143,
37,42,FA Women's Super League,2019/2020,female,2275116,2019-12-01,Manchester City WFC,Liverpool WFC,True,True,False,3896,
37,42,FA Women's Super League,2019/2020,female,2275104,2019-12-01,Arsenal WFC,Bristol City WFC,True,True,False,3846,
37,42,FA Women's Super League,2019/2020,female,2275052,2019-09-15,Brighton & Hove Albion WFC,Chelsea FCW,True,True,False,3164,
37,42,FA Women's Super League,2019/2020,female,2275037,2020-02-02,Manchester City WFC,Arsenal WFC,True,True,False,3890,
37,42,FA Women's Super League,2019/2020,female,2275027,2020-02-02,Brighton & Hove Albion WFC,Everton LFC,True,True,False,3060,
37,42,FA Women's Super League,2019/2020,female,2275078,2020-01-11,Manchester City WFC,Everton LFC,True,True,False,3879,
37,42,FA Women's Super League,2019/2020,female,2275080,2020-01-12,Chelsea FCW,Bristol City WFC,True,True,False,3353,
37,42,FA Women's Super League,2019/2020,female,2275098,2020-01-12,Brighton & Hove Albion WFC,Arsenal WFC,True,True,False,3966,
37,42,FA Women's Super League,2019/2020,female,2275156,2019-09-16,Manchester United,Arsenal WFC,True,True,False,3673,
37,42,FA Women's Super League,2019/2020,female,2275139,2019-10-13,Tottenham Hotspur Women,Manchester United,True,True,False,2655,
37,42,FA Women's Super League,2019/2020,female,2275070,2019-10-13,Liverpool WFC,Bristol City WFC,True,True,False,3112,
37,42,FA Women's Super League,2019/2020,female,2275051,2019-10-27,Everton LFC,Brighton & Hove Albion WFC,True,True,False,3150,
37,42,FA Women's Super League,2019/2020,female,2275050,2020-01-12,Reading WFC,Birmingham City WFC,True,True,False,3561,
37,42,FA Women's Super League,2019/2020,female,2275029,2020-01-19,Bristol City WFC,Liverpool WFC,True,True,False,2668,
37,42,FA Women's Super League,2019/2020,female,2275090,2020-01-19,Arsenal WFC,Chelsea FCW,True,True,False,3494,
37,42,FA Women's Super League,2019/2020,female,2275042,2019-11-17,Manchester City WFC,West Ham United LFC,True,True,False,3288,
37,42,FA Women's Super League,2019/2020,female,2275157,2019-10-27,Manchester United,Reading WFC,True,True,False,2736,
37,42,FA Women's Super League,2019/2020,female,2275108,2019-09-29,Bristol City WFC,Chelsea FCW,True,True,False,3354,
37,42,FA Women's Super League,2019/2020,female,2275082,2019-11-17,Tottenham Hotspur Women,Arsenal WFC,True,True,False,3560,
37,42,FA Women's Super League,2019/2020,female,2275138,2019-09-28,Manchester United,Liverpool WFC,True,True,False,3263,
37,42,FA Women's Super League,2019/2020,female,2275049,2019-11-24,West Ham United LFC,Reading WFC,True,True,False,2600,
37,42,FA Women's Super League,2019/2020,female,2275132,2019-09-08,Chelsea FCW,Tottenham Hotspur Women,True,True,False,3413,
37,42,FA Women's Super League,2019/2020,female,2275061,2019-09-07,Bristol City WFC,Brighton & Hove Albion WFC,True,True,False,3165,
37,42,FA Women's Super League,2019/2020,female,2275096,2019-09-08,Arsenal WFC,West Ham United LFC,True,True,False,3734,
37,42,FA Women's Super League,2019/2020,female,2275033,2019-10-27,Bristol City WFC,Tottenham Hotspur Women,True,True,False,3170,
37,42,FA Women's Super League,2019/2020,female,2275107,2019-09-15,Reading WFC,Manchester City WFC,True,True,False,3808,
37,42,FA Women's Super League,2019/2020,female,2275130,2019-12-08,Chelsea FCW,Manchester City WFC,True,True,False,3522,
37,42,FA Women's Super League,2019/2020,female,2275034,2019-09-15,Tottenham Hotspur Women,Liverpool WFC,True,True,False,3500,
37,42,FA Women's Super League,2019/2020,female,2275026,2019-11-24,Bristol City WFC,Manchester City WFC,True,True,False,3658,
37,42,FA Women's Super League,2019/2020,female,2275041,2019-09-15,Everton LFC,Bristol City WFC,True,True,False,3706,
37,42,FA Women's Super League,2019/2020,female,2275094,2019-09-15,West Ham United LFC,Birmingham City WFC,True,True,False,3189,
37,42,FA Women's Super League,2019/2020,female,2275106,2020-02-12,Manchester City WFC,Bristol City WFC,True,True,False,3798,
37,42,FA Women's Super League,2019/2020,female,2275073,2020-02-12,Tottenham Hotspur Women,Everton LFC,True,True,False,3792,
37,42,FA Women's Super League,2019/2020,female,2275038,2020-02-12,Reading WFC,West Ham United LFC,True,True,False,2834,
37,42,FA Women's Super League,2019/2020,female,2275131,2019-09-29,Everton LFC,Manchester City WFC,True,True,False,3883,
37,42,FA Women's Super League,2019/2020,female,2275062,2020-02-13,Liverpool WFC,Arsenal WFC,True,True,False,3452,
37,42,FA Women's Super League,2019/2020,female,2275048,2019-09-29,West Ham United LFC,Tottenham Hotspur Women,True,True,False,2766,
37,42,FA Women's Super League,2019/2020,female,2275121,2019-09-29,Arsenal WFC,Brighton & Hove Albion WFC,True,True,False,4383,
37,42,FA Women's Super League,2019/2020,female,2275065,2019-11-17,Brighton & Hove Albion WFC,Birmingham City WFC,True,True,False,3345,
37,42,FA Women's Super League,2019/2020,female,2275079,2019-11-24,Arsenal WFC,Liverpool WFC,True,True,False,3913,
37,42,FA Women's Super League,2019/2020,female,2275103,2019-12-08,Liverpool WFC,West Ham United LFC,True,True,False,3130,
37,42,FA Women's Super League,2019/2020,female,2275140,2019-11-24,Manchester United,Brighton & Hove Albion WFC,True,True,False,3425,
37,42,FA Women's Super League,2019/2020,female,2275126,2019-11-24,Everton LFC,Tottenham Hotspur Women,True,True,False,3340,
37,42,FA Women's Super League,2019/2020,female,2275102,2019-11-29,Brighton & Hove Albion WFC,Reading WFC,True,True,False,3067,
37,42,FA Women's Super League,2019/2020,female,2275109,2019-12-04,Birmingham City WFC,Tottenham Hotspur Women,True,True,False,3208,
37,42,FA Women's Super League,2019/2020,female,2275091,2019-12-08,Tottenham Hotspur Women,Brighton & Hove Albion WFC,True,True,False,3400,
37,42,FA Women's Super League,2019/2020,female,2275030,2020-02-23,Brighton & Hove Albion WFC,Tottenham Hotspur Women,True,True,False,2913,
37,42,FA Women's Super League,2019/2020,female,2275133,2020-02-23,West Ham United LFC,Liverpool WFC,True,True,False,3085,
37,42,FA Women's Super League,2019/2020,female,2275083,2020-02-23,Birmingham City WFC,Bristol City WFC,True,True,False,3334,
37,42,FA Women's Super League,2019/2020,female,2275120,2019-09-08,Birmingham City WFC,Everton LFC,True,True,False,3143,
37,42,FA Women's Super League,2019/2020,female,2275028,2019-10-12,Manchester City WFC,Birmingham City WFC,True,True,False,3958,
37,42,FA Women's Super League,2019/2020,female,2275086,2019-12-08,Reading WFC,Arsenal WFC,True,True,False,3265,
37,42,FA Women's Super League,2019/2020,female,2275056,2019-11-17,Liverpool WFC,Everton LFC,True,True,False,3488,
37,42,FA Women's Super League,2019/2020,female,2275074,2020-02-12,Chelsea FCW,Birmingham City WFC,True,True,False,3753,
37,4,FA Women's Super League,2018/2019,female,19770,2018-12-02,Manchester City WFC,Arsenal WFC,True,True,False,3686,
37,4,FA Women's Super League,2018/2019,female,19820,2019-05-11,Reading WFC,Chelsea FCW,True,True,False,3332,
37,4,FA Women's Super League,2018/2019,female,19772,2018-12-02,Chelsea FCW,Reading WFC,True,True,False,3394,
37,4,FA Women's Super League,2018/2019,female,19769,2018-12-02,Brighton & Hove Albion WFC,West Ham United LFC,True,True,False,3184,
37,4,FA Women's Super League,2018/2019,female,19746,2018-10-28,Everton LFC,West Ham United LFC,True,True,False,3077,
37,4,FA Women's Super League,2018/2019,female,7298,2018-02-24,Manchester City WFC,Chelsea FCW,True,True,False,3793,
37,4,FA Women's Super League,2018/2019,female,19778,2018-12-09,Manchester City WFC,Birmingham City WFC,True,True,False,4099,
37,4,FA Women's Super League,2018/2019,female,19771,2018-12-02,Birmingham City WFC,Yeovil Town LFC,True,True,False,3655,
37,4,FA Women's Super League,2018/2019,female,19736,2018-10-14,Chelsea FCW,Arsenal WFC,True,True,False,3098,
37,4,FA Women's Super League,2018/2019,female,19745,2018-10-28,Brighton & Hove Albion WFC,Yeovil Town LFC,True,True,False,2533,
37,4,FA Women's Super League,2018/2019,female,19730,2018-09-30,Chelsea FCW,Brighton & Hove Albion WFC,True,True,False,3380,
37,4,FA Women's Super League,2018/2019,female,19794,2019-02-20,Chelsea FCW,Bristol City WFC,True,True,False,3848,
37,4,FA Women's Super League,2018/2019,female,19766,2018-11-25,Arsenal WFC,Brighton & Hove Albion WFC,True,True,False,3299,
37,4,FA Women's Super League,2018/2019,female,19734,2018-10-14,Everton LFC,Brighton & Hove Albion WFC,True,True,False,3794,
37,4,FA Women's Super League,2018/2019,female,19717,2018-09-09,Arsenal WFC,Liverpool WFC,True,True,False,3510,
37,4,FA Women's Super League,2018/2019,female,19718,2018-09-09,Birmingham City WFC,Everton LFC,True,True,False,3447,
37,4,FA Women's Super League,2018/2019,female,19810,2019-04-21,Liverpool WFC,Bristol City WFC,True,True,False,3019,
37,4,FA Women's Super League,2018/2019,female,19743,2018-10-21,Birmingham City WFC,Chelsea FCW,True,True,False,3527,
37,4,FA Women's Super League,2018/2019,female,19740,2018-10-21,West Ham United LFC,Liverpool WFC,True,True,False,3038,
37,4,FA Women's Super League,2018/2019,female,19716,2018-09-09,Reading WFC,Yeovil Town LFC,True,True,False,3190,
37,4,FA Women's Super League,2018/2019,female,19800,2019-03-14,Arsenal WFC,Bristol City WFC,True,True,False,3482,
37,4,FA Women's Super League,2018/2019,female,19739,2018-10-21,Brighton & Hove Albion WFC,Manchester City WFC,True,True,False,3635,
37,4,FA Women's Super League,2018/2019,female,19748,2018-10-28,Chelsea FCW,Liverpool WFC,True,True,False,3439,
37,4,FA Women's Super League,2018/2019,female,19822,2019-05-11,Yeovil Town LFC,Birmingham City WFC,True,True,False,3394,
37,4,FA Women's Super League,2018/2019,female,19785,2019-01-13,Arsenal WFC,Chelsea FCW,True,True,False,3388,
37,4,FA Women's Super League,2018/2019,female,19749,2018-11-04,Arsenal WFC,Birmingham City WFC,True,True,False,3644,
37,4,FA Women's Super League,2018/2019,female,19751,2018-11-04,West Ham United LFC,Chelsea FCW,True,True,False,3231,
37,4,FA Women's Super League,2018/2019,female,19764,2018-11-25,Yeovil Town LFC,Manchester City WFC,True,True,False,3592,
37,4,FA Women's Super League,2018/2019,female,19773,2018-12-02,Everton LFC,Liverpool WFC,True,True,False,3660,
37,4,FA Women's Super League,2018/2019,female,19783,2019-01-06,Chelsea FCW,Everton LFC,True,True,False,3678,
37,4,FA Women's Super League,2018/2019,female,19747,2018-10-26,Manchester City WFC,Reading WFC,True,True,False,3340,
37,4,FA Women's Super League,2018/2019,female,19757,2019-02-10,Bristol City WFC,Brighton & Hove Albion WFC,True,True,False,3133,
37,4,FA Women's Super League,2018/2019,female,19742,2018-10-21,Yeovil Town LFC,Bristol City WFC,True,True,False,2630,
37,4,FA Women's Super League,2018/2019,female,19777,2018-12-09,Yeovil Town LFC,West Ham United LFC,True,True,False,3250,
37,4,FA Women's Super League,2018/2019,female,19758,2019-04-17,Yeovil Town LFC,Reading WFC,True,True,False,3081,
37,4,FA Women's Super League,2018/2019,female,19802,2019-03-13,Yeovil Town LFC,Brighton & Hove Albion WFC,True,True,False,2641,
37,4,FA Women's Super League,2018/2019,female,19803,2019-03-13,West Ham United LFC,Everton LFC,True,True,False,2766,
37,4,FA Women's Super League,2018/2019,female,19811,2019-04-21,Arsenal WFC,Everton LFC,True,True,False,3394,
37,4,FA Women's Super League,2018/2019,female,19805,2019-03-31,Chelsea FCW,West Ham United LFC,True,True,False,3063,
37,4,FA Women's Super League,2018/2019,female,19752,2018-11-04,Liverpool WFC,Manchester City WFC,True,True,False,3878,
37,4,FA Women's Super League,2018/2019,female,19775,2018-12-09,Reading WFC,Liverpool WFC,True,True,False,3572,
37,4,FA Women's Super League,2018/2019,female,19760,2018-11-18,Chelsea FCW,Yeovil Town LFC,True,True,False,3263,
37,4,FA Women's Super League,2018/2019,female,19787,2019-01-13,Birmingham City WFC,Bristol City WFC,True,True,False,3060,
37,4,FA Women's Super League,2018/2019,female,19733,2018-09-30,Birmingham City WFC,Manchester City WFC,True,True,False,3824,
37,4,FA Women's Super League,2018/2019,female,19765,2018-11-25,Liverpool WFC,Birmingham City WFC,True,True,False,3676,
37,4,FA Women's Super League,2018/2019,female,19792,2019-01-27,Bristol City WFC,Yeovil Town LFC,True,True,False,3108,
37,4,FA Women's Super League,2018/2019,female,19732,2018-09-30,Liverpool WFC,Reading WFC,True,True,False,3294,
37,4,FA Women's Super League,2018/2019,female,19744,2018-10-28,Bristol City WFC,Arsenal WFC,True,True,False,3851,
37,4,FA Women's Super League,2018/2019,female,19799,2019-03-13,Liverpool WFC,Chelsea FCW,True,True,False,4117,
37,4,FA Women's Super League,2018/2019,female,19753,2018-11-04,Reading WFC,Bristol City WFC,True,True,False,3311,
37,4,FA Women's Super League,2018/2019,female,19735,2018-10-14,Manchester City WFC,West Ham United LFC,True,True,False,4040,
37,4,FA Women's Super League,2018/2019,female,19720,2018-09-19,Bristol City WFC,Chelsea FCW,True,True,False,3323,
37,4,FA Women's Super League,2018/2019,female,19719,2018-09-19,West Ham United LFC,Reading WFC,True,True,False,2260,
37,4,FA Women's Super League,2018/2019,female,19715,2018-09-09,Brighton & Hove Albion WFC,Bristol City WFC,True,True,False,2173,
37,4,FA Women's Super League,2018/2019,female,19723,2018-09-20,Everton LFC,Manchester City WFC,True,True,False,3579,
37,4,FA Women's Super League,2018/2019,female,19722,2018-09-19,Yeovil Town LFC,Arsenal WFC,True,True,False,3387,
37,4,FA Women's Super League,2018/2019,female,19727,2018-09-23,Reading WFC,Birmingham City WFC,True,True,False,2666,
37,4,FA Women's Super League,2018/2019,female,19731,2018-09-30,West Ham United LFC,Yeovil Town LFC,True,True,False,2901,
37,4,FA Women's Super League,2018/2019,female,19714,2018-09-09,Chelsea FCW,Manchester City WFC,True,True,False,3490,
37,4,FA Women's Super League,2018/2019,female,19728,2018-09-23,Manchester City WFC,Bristol City WFC,True,True,False,3246,
37,4,FA Women's Super League,2018/2019,female,19726,2018-09-23,Everton LFC,Chelsea FCW,True,True,False,3070,
37,4,FA Women's Super League,2018/2019,female,19725,2018-09-23,Brighton & Hove Albion WFC,Liverpool WFC,True,True,False,3371,
37,4,FA Women's Super League,2018/2019,female,19738,2018-10-14,Bristol City WFC,Birmingham City WFC,True,True,False,3361,
37,4,FA Women's Super League,2018/2019,female,19759,2018-11-18,Everton LFC,Arsenal WFC,True,True,False,3505,
37,4,FA Women's Super League,2018/2019,female,19750,2018-11-04,Yeovil Town LFC,Everton LFC,True,True,False,2785,
37,4,FA Women's Super League,2018/2019,female,19761,2018-11-17,Bristol City WFC,Liverpool WFC,True,True,False,2999,
37,4,FA Women's Super League,2018/2019,female,19762,2018-11-18,Brighton & Hove Albion WFC,Reading WFC,True,True,False,3295,
37,4,FA Women's Super League,2018/2019,female,19763,2018-11-18,Birmingham City WFC,West Ham United LFC,True,True,False,3443,
37,4,FA Women's Super League,2018/2019,female,19768,2018-11-25,West Ham United LFC,Bristol City WFC,True,True,False,3042,
37,4,FA Women's Super League,2018/2019,female,19767,2018-11-25,Reading WFC,Everton LFC,True,True,False,2983,
37,4,FA Women's Super League,2018/2019,female,19776,2018-12-09,Brighton & Hove Albion WFC,Chelsea FCW,True,True,False,3414,
37,4,FA Women's Super League,2018/2019,female,19737,2018-10-14,Liverpool WFC,Yeovil Town LFC,True,True,False,2929,
37,4,FA Women's Super League,2018/2019,female,19790,2019-01-27,Manchester City WFC,Brighton & Hove Albion WFC,True,True,False,3701,
37,4,FA Women's Super League,2018/2019,female,19793,2019-01-28,Liverpool WFC,West Ham United LFC,True,True,False,3535,
37,4,FA Women's Super League,2018/2019,female,19789,2019-01-27,Chelsea FCW,Birmingham City WFC,True,True,False,3817,
37,4,FA Women's Super League,2018/2019,female,19791,2019-01-27,Reading WFC,Arsenal WFC,True,True,False,3105,
37,4,FA Women's Super League,2018/2019,female,19795,2019-02-20,Reading WFC,West Ham United LFC,True,True,False,3023,
37,4,FA Women's Super League,2018/2019,female,19797,2019-02-20,Arsenal WFC,Yeovil Town LFC,True,True,False,3398,
37,4,FA Women's Super League,2018/2019,female,19780,2019-01-06,Liverpool WFC,Brighton & Hove Albion WFC,True,True,False,3450,
37,4,FA Women's Super League,2018/2019,female,19781,2019-01-06,West Ham United LFC,Arsenal WFC,True,True,False,3337,
37,4,FA Women's Super League,2018/2019,female,19779,2019-01-06,Bristol City WFC,Manchester City WFC,True,True,False,3854,
37,4,FA Women's Super League,2018/2019,female,19798,2019-02-20,Manchester City WFC,Everton LFC,True,True,False,3442,
37,4,FA Women's Super League,2018/2019,female,19782,2019-01-06,Birmingham City WFC,Reading WFC,True,True,False,2972,
37,4,FA Women's Super League,2018/2019,female,19784,2019-01-13,Brighton & Hove Albion WFC,Everton LFC,True,True,False,3155,
37,4,FA Women's Super League,2018/2019,female,19786,2019-01-13,West Ham United LFC,Manchester City WFC,True,True,False,3365,
37,4,FA Women's Super League,2018/2019,female,19774,2018-12-09,Everton LFC,Bristol City WFC,True,True,False,3332,
37,4,FA Women's Super League,2018/2019,female,19755,2019-02-10,Manchester City WFC,Chelsea FCW,True,True,False,3288,
37,4,FA Women's Super League,2018/2019,female,19806,2019-03-31,Bristol City WFC,Reading WFC,True,True,False,3305,
37,4,FA Women's Super League,2018/2019,female,19807,2019-03-31,Manchester City WFC,Liverpool WFC,True,True,False,3831,
37,4,FA Women's Super League,2018/2019,female,19788,2019-01-13,Yeovil Town LFC,Liverpool WFC,True,True,False,3118,
37,4,FA Women's Super League,2018/2019,female,19808,2019-03-31,Everton LFC,Yeovil Town LFC,True,True,False,3227,
37,4,FA Women's Super League,2018/2019,female,19804,2019-03-31,Birmingham City WFC,Arsenal WFC,True,True,False,3158,
37,4,FA Women's Super League,2018/2019,female,19813,2019-04-21,West Ham United LFC,Birmingham City WFC,True,True,False,3300,
37,4,FA Women's Super League,2018/2019,female,19816,2019-04-28,Birmingham City WFC,Liverpool WFC,True,True,False,3793,
37,4,FA Women's Super League,2018/2019,female,19809,2019-04-20,Reading WFC,Brighton & Hove Albion WFC,True,True,False,3046,
37,4,FA Women's Super League,2018/2019,female,19815,2019-04-28,Brighton & Hove Albion WFC,Arsenal WFC,True,True,False,3553,
37,4,FA Women's Super League,2018/2019,female,19817,2019-04-28,Everton LFC,Reading WFC,True,True,False,3640,
37,4,FA Women's Super League,2018/2019,female,19818,2019-04-28,Manchester City WFC,Yeovil Town LFC,True,True,False,3481,
37,4,FA Women's Super League,2018/2019,female,19819,2019-05-11,West Ham United LFC,Brighton & Hove Albion WFC,True,True,False,3207,
37,4,FA Women's Super League,2018/2019,female,19821,2019-05-11,Arsenal WFC,Manchester City WFC,True,True,False,3636,
37,4,FA Women's Super League,2018/2019,female,19801,2019-03-13,Reading WFC,Manchester City WFC,True,True,False,3581,
37,4,FA Women's Super League,2018/2019,female,19741,2018-10-21,Arsenal WFC,Reading WFC,True,True,False,3083,
37,4,FA Women's Super League,2018/2019,female,19756,2019-04-17,Everton LFC,Birmingham City WFC,True,True,False,2718,
37,4,FA Women's Super League,2018/2019,female,19754,2019-03-24,Liverpool WFC,Arsenal WFC,True,True,False,3785,
37,4,FA Women's Super League,2018/2019,female,19724,2018-09-23,Arsenal WFC,West Ham United LFC,True,True,False,3133,
37,4,FA Women's Super League,2018/2019,female,19814,2019-04-28,Bristol City WFC,West Ham United LFC,True,True,False,3403,
37,4,FA Women's Super League,2018/2019,female,19729,2019-03-24,Bristol City WFC,Everton LFC,True,True,False,3273,
37,4,FA Women's Super League,2018/2019,female,19796,2019-02-20,Brighton & Hove Albion WFC,Birmingham City WFC,True,True,False,3757,
1470,274,FIFA U20 World Cup,1979,male,3888787,1979-09-07,Argentina U20,Soviet Union U20,True,True,False,3245,
43,106,FIFA World Cup,2022,male,3857256,2022-12-02,Serbia,Switzerland,True,True,True,3211,2637
43,106,FIFA World Cup,2022,male,3869151,2022-12-03,Argentina,Australia,True,True,True,4150,3482
43,106,FIFA World Cup,2022,male,3857257,2022-11-30,Australia,Denmark,True,True,True,3594,3069
43,106,FIFA World Cup,2022,male,3857258,2022-11-24,Brazil,Serbia,True,True,True,3656,3079
43,106,FIFA World Cup,2022,male,3857288,2022-11-26,Tunisia,Australia,True,True,True,3360,2980
43,106,FIFA World Cup,2022,male,3857267,2022-11-29,Ecuador,Senegal,True,True,True,2828,2374
43,106,FIFA World Cup,2022,male,3869321,2022-12-09,Netherlands,Argentina,True,True,True,4708,3889
43,106,FIFA World Cup,2022,male,3857287,2022-11-24,Uruguay,South Korea,True,True,True,3462,3112
43,106,FIFA World Cup,2022,male,3869486,2022-12-10,Morocco,Portugal,True,True,True,3381,2880
43,106,FIFA World Cup,2022,male,3869685,2022-12-18,Argentina,France,True,True,True,4407,3683
43,106,FIFA World Cup,2022,male,3857260,2022-11-30,Saudi Arabia,Mexico,True,True,True,2912,2404
43,106,FIFA World Cup,2022,male,3857264,2022-11-30,Poland,Argentina,True,True,True,4052,3601
43,106,FIFA World Cup,2022,male,3857266,2022-11-26,France,Denmark,True,True,True,3852,3290
43,106,FIFA World Cup,2022,male,3857289,2022-11-26,Argentina,Mexico,True,True,True,3375,2751
43,106,FIFA World Cup,2022,male,3857269,2022-11-28,Brazil,Switzerland,True,True,True,3787,3306
43,106,FIFA World Cup,2022,male,3857294,2022-11-29,Netherlands,Qatar,True,True,True,4312,3913
43,106,FIFA World Cup,2022,male,3869254,2022-12-06,Portugal,Switzerland,True,True,True,3422,2930
43,106,FIFA World Cup,2022,male,3869118,2022-12-04,England,Senegal,True,True,True,3505,3102
43,106,FIFA World Cup,2022,male,3869684,2022-12-17,Croatia,Morocco,True,True,True,3560,3083
43,106,FIFA World Cup,2022,male,3869519,2022-12-13,Argentina,Croatia,True,True,True,3806,3127
43,106,FIFA World Cup,2022,male,3869354,2022-12-10,England,France,True,True,True,3239,2749
43,106,FIFA World Cup,2022,male,3869552,2022-12-14,France,Morocco,True,True,True,3551,2926
43,106,FIFA World Cup,2022,male,3869420,2022-12-09,Croatia,Brazil,True,True,True,5145,4511
43,106,FIFA World Cup,2022,male,3869220,2022-12-06,Morocco,Spain,True,True,True,4750,4342
43,106,FIFA World Cup,2022,male,3869219,2022-12-05,Japan,Croatia,True,True,True,4559,4089
43,106,FIFA World Cup,2022,male,3869253,2022-12-05,Brazil,South Korea,True,True,True,4046,3471
43,106,FIFA World Cup,2022,male,3869152,2022-12-04,France,Poland,True,True,True,3618,3059
43,106,FIFA World Cup,2022,male,3869117,2022-12-03,Netherlands,United States,True,True,True,3582,3174
43,106,FIFA World Cup,2022,male,3857270,2022-11-28,Portugal,Uruguay,True,True,True,3441,2942
43,106,FIFA World Cup,2022,male,3857263,2022-11-27,Spain,Germany,True,True,True,3603,3303
43,106,FIFA World Cup,2022,male,3857259,2022-11-28,Cameroon,Serbia,True,True,True,3270,2889
43,106,FIFA World Cup,2022,male,3857295,2022-11-27,Japan,Costa Rica,True,True,True,3825,3464
43,106,FIFA World Cup,2022,male,3857283,2022-11-27,Belgium,Morocco,True,True,True,3621,3090
43,106,FIFA World Cup,2022,male,3857284,2022-11-23,Germany,Japan,True,True,True,3717,3288
43,106,FIFA World Cup,2022,male,3857282,2022-11-21,United States,Wales,True,True,True,3687,3299
43,106,FIFA World Cup,2022,male,3857286,2022-11-20,Qatar,Ecuador,True,True,True,3299,3073
43,106,FIFA World Cup,2022,male,3857301,2022-11-25,Qatar,Senegal,True,True,True,3546,3006
43,106,FIFA World Cup,2022,male,3857300,2022-11-22,Argentina,Saudi Arabia,True,True,True,3329,2854
43,106,FIFA World Cup,2022,male,3857299,2022-11-28,South Korea,Ghana,True,True,True,3346,2881
43,106,FIFA World Cup,2022,male,3857298,2022-11-24,Portugal,Ghana,True,True,True,3739,3271
43,106,FIFA World Cup,2022,male,3857297,2022-11-26,Poland,Saudi Arabia,True,True,True,3203,2845
43,106,FIFA World Cup,2022,male,3857296,2022-12-01,Croatia,Belgium,True,True,True,4116,3685
43,106,FIFA World Cup,2022,male,3857293,2022-12-02,Ghana,Uruguay,True,True,True,3495,3052
43,106,FIFA World Cup,2022,male,3857292,2022-12-01,Costa Rica,Germany,True,True,True,3869,3371
43,106,FIFA World Cup,2022,male,3857291,2022-11-23,Spain,Costa Rica,True,True,True,4353,3809
43,106,FIFA World Cup,2022,male,3857290,2022-11-24,Switzerland,Cameroon,True,True,True,3601,3254
43,106,FIFA World Cup,2022,male,3857285,2022-11-21,Senegal,Netherlands,True,True,True,3133,2632
43,106,FIFA World Cup,2022,male,3857281,2022-11-27,Croatia,Canada,True,True,True,3725,3210
43,106,FIFA World Cup,2022,male,3857280,2022-12-02,Cameroon,Brazil,True,True,True,3300,2728
43,106,FIFA World Cup,2022,male,3857279,2022-11-22,France,Australia,True,True,True,3963,3509
43,106,FIFA World Cup,2022,male,3857278,2022-11-29,Iran,United States,True,True,True,3596,3000
43,106,FIFA World Cup,2022,male,3857277,2022-11-23,Morocco,Croatia,True,True,True,3719,3304
43,106,FIFA World Cup,2022,male,3857276,2022-12-01,Canada,Morocco,True,True,True,3389,2874
43,106,FIFA World Cup,2022,male,3857275,2022-11-30,Tunisia,France,True,True,True,3564,3148
43,106,FIFA World Cup,2022,male,3857274,2022-11-25,Netherlands,Ecuador,True,True,True,3564,3101
43,106,FIFA World Cup,2022,male,3857273,2022-11-25,Wales,Iran,True,True,True,3133,2768
43,106,FIFA World Cup,2022,male,3857272,2022-11-25,England,United States,True,True,True,3519,3166
43,106,FIFA World Cup,2022,male,3857271,2022-11-21,England,Iran,True,True,True,3649,3303
43,106,FIFA World Cup,2022,male,3857268,2022-11-23,Belgium,Canada,True,True,True,3499,3016
43,106,FIFA World Cup,2022,male,3857265,2022-11-22,Mexico,Poland,True,True,True,3184,2789
43,106,FIFA World Cup,2022,male,3857262,2022-12-02,South Korea,Portugal,True,True,True,3379,2905
43,106,FIFA World Cup,2022,male,3857261,2022-11-29,Wales,England,True,True,True,3316,2920
43,106,FIFA World Cup,2022,male,3857255,2022-12-01,Japan,Spain,True,True,True,4450,3968
43,106,FIFA World Cup,2022,male,3857254,2022-11-22,Denmark,Tunisia,True,True,True,3680,3157
43,3,FIFA World Cup,2018,male,7585,2018-07-03,Colombia,England,True,True,False,4019,
43,3,FIFA World Cup,2018,male,7570,2018-06-28,England,Belgium,True,True,False,3986,
43,3,FIFA World Cup,2018,male,7586,2018-07-03,Sweden,Switzerland,True,True,False,3318,
43,3,FIFA World Cup,2018,male,7557,2018-06-25,Iran,Portugal,True,True,False,3188,
43,3,FIFA World Cup,2018,male,7542,2018-06-20,Portugal,Morocco,True,True,False,3243,
43,3,FIFA World Cup,2018,male,8656,2018-07-11,Croatia,England,True,True,False,4165,
43,3,FIFA World Cup,2018,male,7554,2018-06-24,England,Panama,True,True,False,3573,
43,3,FIFA World Cup,2018,male,7550,2018-06-22,Serbia,Switzerland,True,True,False,3475,
43,3,FIFA World Cup,2018,male,7548,2018-06-22,Brazil,Costa Rica,True,True,False,3721,
43,3,FIFA World Cup,2018,male,7578,2018-06-15,Egypt,Uruguay,True,True,False,3758,
43,3,FIFA World Cup,2018,male,7553,2018-06-23,South Korea,Mexico,True,True,False,3287,
43,3,FIFA World Cup,2018,male,7544,2018-06-20,Uruguay,Saudi Arabia,True,True,False,3954,
43,3,FIFA World Cup,2018,male,7536,2018-06-18,Belgium,Panama,True,True,False,3664,
43,3,FIFA World Cup,2018,male,7555,2018-06-24,Poland,Colombia,True,True,False,3750,
43,3,FIFA World Cup,2018,male,7546,2018-06-21,France,Peru,True,True,False,3742,
43,3,FIFA World Cup,2018,male,7539,2018-06-19,Poland,Senegal,True,True,False,3457,
43,3,FIFA World Cup,2018,male,7538,2018-06-18,Sweden,South Korea,True,True,False,3118,
43,3,FIFA World Cup,2018,male,7576,2018-06-15,Portugal,Spain,True,True,False,4154,
43,3,FIFA World Cup,2018,male,7565,2018-06-27,Serbia,Brazil,True,True,False,4085,
43,3,FIFA World Cup,2018,male,7551,2018-06-23,Germany,Sweden,True,True,False,3460,
43,3,FIFA World Cup,2018,male,7537,2018-06-18,Tunisia,England,True,True,False,3550,
43,3,FIFA World Cup,2018,male,7580,2018-06-30,France,Argentina,True,True,False,3549,
43,3,FIFA World Cup,2018,male,8650,2018-07-06,Brazil,Belgium,True,True,False,3589,
43,3,FIFA World Cup,2018,male,7581,2018-07-01,Croatia,Denmark,True,True,False,4285,
43,3,FIFA World Cup,2018,male,7549,2018-06-22,Nigeria,Iceland,True,True,False,3219,
43,3,FIFA World Cup,2018,male,7529,2018-06-16,Croatia,Nigeria,True,True,False,3320,
43,3,FIFA World Cup,2018,male,7534,2018-06-17,Germany,Mexico,True,True,False,3704,
43,3,FIFA World Cup,2018,male,7562,2018-06-26,Australia,Peru,True,True,False,3632,
43,3,FIFA World Cup,2018,male,7571,2018-06-28,Senegal,Colombia,True,True,False,2816,
43,3,FIFA World Cup,2018,male,7569,2018-06-28,Panama,Tunisia,True,True,False,3410,
43,3,FIFA World Cup,2018,male,7568,2018-06-27,Switzerland,Costa Rica,True,True,False,3351,
43,3,FIFA World Cup,2018,male,7530,2018-06-16,France,Australia,True,True,False,3472,
43,3,FIFA World Cup,2018,male,7558,2018-06-25,Uruguay,Russia,True,True,False,3269,
43,3,FIFA World Cup,2018,male,7583,2018-07-02,Brazil,Mexico,True,True,False,3393,
43,3,FIFA World Cup,2018,male,7547,2018-06-21,Denmark,Australia,True,True,False,3576,
43,3,FIFA World Cup,2018,male,7535,2018-06-17,Costa Rica,Serbia,True,True,False,3183,
43,3,FIFA World Cup,2018,male,7584,2018-07-02,Belgium,Japan,True,True,False,3715,
43,3,FIFA World Cup,2018,male,7545,2018-06-21,Argentina,Croatia,True,True,False,3463,
43,3,FIFA World Cup,2018,male,8649,2018-07-06,Uruguay,France,True,True,False,3376,
43,3,FIFA World Cup,2018,male,8658,2018-07-15,France,Croatia,True,True,False,2978,
43,3,FIFA World Cup,2018,male,7561,2018-06-26,Iceland,Croatia,True,True,False,3325,
43,3,FIFA World Cup,2018,male,7531,2018-06-16,Argentina,Iceland,True,True,False,3599,
43,3,FIFA World Cup,2018,male,7582,2018-07-01,Spain,Russia,True,True,False,5024,
43,3,FIFA World Cup,2018,male,7552,2018-06-23,Belgium,Tunisia,True,True,False,3483,
43,3,FIFA World Cup,2018,male,7532,2018-06-16,Peru,Denmark,True,True,False,3097,
43,3,FIFA World Cup,2018,male,7560,2018-06-25,Spain,Morocco,True,True,False,3599,
43,3,FIFA World Cup,2018,male,7533,2018-06-17,Brazil,Switzerland,True,True,False,4010,
43,3,FIFA World Cup,2018,male,7564,2018-06-26,Nigeria,Argentina,True,True,False,3503,
43,3,FIFA World Cup,2018,male,7579,2018-06-30,Uruguay,Portugal,True,True,False,3196,
43,3,FIFA World Cup,2018,male,7572,2018-06-28,Japan,Poland,True,True,False,3671,
43,3,FIFA World Cup,2018,male,7577,2018-06-15,Morocco,Iran,True,True,False,2875,
43,3,FIFA World Cup,2018,male,7543,2018-06-20,Iran,Spain,True,True,False,3822,
43,3,FIFA World Cup,2018,male,7525,2018-06-14,Russia,Saudi Arabia,True,True,False,3318,
43,3,FIFA World Cup,2018,male,7566,2018-06-27,Mexico,Sweden,True,True,False,2831,
43,3,FIFA World Cup,2018,male,8651,2018-07-07,Sweden,England,True,True,False,3303,
43,3,FIFA World Cup,2018,male,7567,2018-06-27,South Korea,Germany,True,True,False,3708,
43,3,FIFA World Cup,2018,male,7541,2018-06-19,Colombia,Japan,True,True,False,3869,
43,3,FIFA World Cup,2018,male,8655,2018-07-10,France,Belgium,True,True,False,3354,
43,3,FIFA World Cup,2018,male,8657,2018-07-14,Belgium,England,True,True,False,4426,
43,3,FIFA World Cup,2018,male,7540,2018-06-19,Russia,Egypt,True,True,False,3348,
43,3,FIFA World Cup,2018,male,8652,2018-07-07,Russia,Croatia,True,True,False,4046,
43,3,FIFA World Cup,2018,male,7563,2018-06-26,Denmark,France,True,True,False,3605,
43,3,FIFA World Cup,2018,male,7556,2018-06-24,Japan,Senegal,True,True,False,3039,
43,3,FIFA World Cup,2018,male,7559,2018-06-25,Saudi Arabia,Egypt,True,True,False,3831,
43,55,FIFA World Cup,1990,male,3793185,1990-06-24,Brazil,Argentina,True,True,False,3140,
43,54,FIFA World Cup,1986,male,3889149,1986-06-29,Argentina,Germany,True,True,False,2664,
43,54,FIFA World Cup,1986,male,3889148,1986-06-26,Argentina,Belgium,True,True,False,3054,
43,54,FIFA World Cup,1986,male,3750191,1986-06-22,Argentina,England,True,True,False,2748,
43,51,FIFA World Cup,1974,male,3888720,1974-07-07,Netherlands,Germany,True,True,False,3178,
43,51,FIFA World Cup,1974,male,3888719,1974-07-03,Netherlands,Brazil,True,True,False,3255,
43,51,FIFA World Cup,1974,male,3888718,1974-06-30,German DR,Netherlands,True,True,False,3329,
43,51,FIFA World Cup,1974,male,3888717,1974-06-26,Netherlands,Argentina,True,True,False,3514,
43,51,FIFA World Cup,1974,male,3888716,1974-06-19,Netherlands,Sweden,True,True,False,3063,
43,51,FIFA World Cup,1974,male,3750180,1974-06-22,German DR,Germany,True,True,False,2920,
43,272,FIFA World Cup,1970,male,3889218,1970-06-14,Brazil,Peru,True,True,False,3529,
43,272,FIFA World Cup,1970,male,3889217,1970-06-10,Brazil,Romania,True,True,False,3363,
43,272,FIFA World Cup,1970,male,3888702,1970-06-21,Brazil,Italy,True,True,False,2832,
43,272,FIFA World Cup,1970,male,3888701,1970-06-18,Brazil,Uruguay,True,True,False,3219,
43,272,FIFA World Cup,1970,male,3888700,1970-06-07,Brazil,England,True,True,False,3601,
43,272,FIFA World Cup,1970,male,3888699,1970-06-04,Brazil,Czechoslovakia,True,True,False,3485,
43,270,FIFA World Cup,1962,male,3888854,1962-05-30,Brazil,Mexico,True,True,False,3754,
43,269,FIFA World Cup,1958,male,3888705,1958-06-29,Brazil,Sweden,True,True,False,3644,
43,269,FIFA World Cup,1958,male,3888704,1958-06-24,Brazil,France,True,True,False,3697,
1238,108,Indian Super league,2021/2022,male,3827767,2022-03-20,Hyderabad,Kerala Blasters,True,True,False,4096,
1238,108,Indian Super league,2021/2022,male,3827335,2022-03-15,Kerala Blasters,Jamshedpur,True,True,False,2607,
1238,108,Indian Super league,2021/2022,male,3827336,2022-03-16,ATK Mohun Bagan,Hyderabad,True,True,False,2782,
1238,108,Indian Super league,2021/2022,male,3827338,2022-03-12,Hyderabad,ATK Mohun Bagan,True,True,False,3327,
1238,108,Indian Super league,2021/2022,male,3827337,2022-03-11,Jamshedpur,Kerala Blasters,True,True,False,2640,
1238,108,Indian Super league,2021/2022,male,3817856,2022-03-07,ATK Mohun Bagan,Jamshedpur,True,True,False,3086,
1238,108,Indian Super league,2021/2022,male,3817891,2022-03-05,East Bengal,Bengaluru,True,True,False,3335,
1238,108,Indian Super league,2021/2022,male,3817870,2022-03-06,Goa,Kerala Blasters,True,True,False,3113,
1238,108,Indian Super league,2021/2022,male,3817899,2022-03-04,Jamshedpur,Odisha,True,True,False,2707,
1238,108,Indian Super league,2021/2022,male,3817866,2022-03-02,Kerala Blasters,Mumbai City,True,True,False,2648,
1238,108,Indian Super league,2021/2022,male,3817889,2022-03-03,Chennaiyin,ATK Mohun Bagan,True,True,False,3733,
1238,108,Indian Super league,2021/2022,male,3817887,2022-03-05,Hyderabad,Mumbai City,True,True,False,3266,
1238,108,Indian Super league,2021/2022,male,3817872,2022-02-21,Bengaluru,Odisha,True,True,False,2940,
1238,108,Indian Super league,2021/2022,male,3817900,2022-02-20,Chennaiyin,Jamshedpur,True,True,False,3386,
1238,108,Indian Super league,2021/2022,male,3817855,2022-02-19,Kerala Blasters,ATK Mohun Bagan,True,True,False,3069,
1238,108,Indian Super league,2021/2022,male,3817863,2022-02-19,Hyderabad,Goa,True,True,False,3053,
1238,108,Indian Super league,2021/2022,male,3817877,2022-02-18,NorthEast United,Bengaluru,True,True,False,3116,
1238,108,Indian Super league,2021/2022,male,3817901,2022-02-17,Jamshedpur,Mumbai City,True,True,False,3009,
1238,108,Indian Super league,2021/2022,male,3817880,2022-02-16,Odisha,Chennaiyin,True,True,False,2962,
1238,108,Indian Super league,2021/2022,male,3817902,2022-02-14,Kerala Blasters,East Bengal,True,True,False,3001,
1238,108,Indian Super league,2021/2022,male,3817862,2022-02-13,Mumbai City,Odisha,True,True,False,3334,
1238,108,Indian Super league,2021/2022,male,3817873,2022-02-12,ATK Mohun Bagan,NorthEast United,True,True,False,3246,
1238,108,Indian Super league,2021/2022,male,3817869,2022-02-11,Bengaluru,Hyderabad,True,True,False,2912,
1238,108,Indian Super league,2021/2022,male,3817881,2022-02-10,Jamshedpur,Kerala Blasters,True,True,False,2430,
1238,108,Indian Super league,2021/2022,male,3817895,2022-02-09,Chennaiyin,Goa,True,True,False,3823,
1238,108,Indian Super league,2021/2022,male,3817884,2022-02-08,Hyderabad,ATK Mohun Bagan,True,True,False,3004,
1238,108,Indian Super league,2021/2022,male,3817896,2022-02-07,East Bengal,Odisha,True,True,False,3325,
1238,108,Indian Super league,2021/2022,male,3817852,2022-02-06,Chennaiyin,Mumbai City,True,True,False,2861,
1238,108,Indian Super league,2021/2022,male,3817883,2022-02-05,Bengaluru,Jamshedpur,True,True,False,2735,
1238,108,Indian Super league,2021/2022,male,3817886,2022-02-04,Kerala Blasters,NorthEast United,True,True,False,2963,
1238,108,Indian Super league,2021/2022,male,3817864,2022-02-03,Mumbai City,ATK Mohun Bagan,True,True,False,3227,
1238,108,Indian Super league,2021/2022,male,3817882,2022-02-02,East Bengal,Chennaiyin,True,True,False,3336,
1238,108,Indian Super league,2021/2022,male,3817894,2022-02-01,Goa,Odisha,True,True,False,2848,
1238,108,Indian Super league,2021/2022,male,3817871,2022-01-31,NorthEast United,Hyderabad,True,True,False,2828,
1238,108,Indian Super league,2021/2022,male,3817861,2022-01-30,Kerala Blasters,Bengaluru,True,True,False,2452,
1238,108,Indian Super league,2021/2022,male,3817888,2022-01-29,ATK Mohun Bagan,East Bengal,True,True,False,3178,
1238,108,Indian Super league,2021/2022,male,3817875,2022-01-28,Jamshedpur,Goa,True,True,False,2958,
1238,108,Indian Super league,2021/2022,male,3817868,2022-01-26,Bengaluru,Chennaiyin,True,True,False,3327,
1238,108,Indian Super league,2021/2022,male,3817867,2022-01-25,Mumbai City,NorthEast United,True,True,False,2838,
1238,108,Indian Super league,2021/2022,male,3813313,2022-01-23,ATK Mohun Bagan,Odisha,True,True,False,3274,
1238,108,Indian Super league,2021/2022,male,3817890,2022-01-14,Goa,NorthEast United,True,True,False,2798,
1238,108,Indian Super league,2021/2022,male,3813302,2022-01-06,Jamshedpur,NorthEast United,True,True,False,3185,
1238,108,Indian Super league,2021/2022,male,3817857,2022-03-01,Hyderabad,Jamshedpur,True,True,False,2715,
1238,108,Indian Super league,2021/2022,male,3817898,2022-02-26,Goa,Mumbai City,True,True,False,2827,
1238,108,Indian Super league,2021/2022,male,3817893,2022-02-28,East Bengal,NorthEast United,True,True,False,3106,
1238,108,Indian Super league,2021/2022,male,3817854,2022-02-27,ATK Mohun Bagan,Bengaluru,True,True,False,3010,
1238,108,Indian Super league,2021/2022,male,3817892,2022-02-24,Odisha,ATK Mohun Bagan,True,True,False,3199,
1238,108,Indian Super league,2021/2022,male,3817859,2022-02-25,NorthEast United,Jamshedpur,True,True,False,2714,
1238,108,Indian Super league,2021/2022,male,3817858,2022-02-26,Kerala Blasters,Chennaiyin,True,True,False,3351,
1238,108,Indian Super league,2021/2022,male,3817897,2022-02-23,Hyderabad,Kerala Blasters,True,True,False,3027,
1238,108,Indian Super league,2021/2022,male,3817885,2022-02-22,Mumbai City,East Bengal,True,True,False,2944,
1238,108,Indian Super league,2021/2022,male,3817878,2022-01-24,East Bengal,Hyderabad,True,True,False,3050,
1238,108,Indian Super league,2021/2022,male,3817876,2022-01-22,Chennaiyin,NorthEast United,True,True,False,3123,
1238,108,Indian Super league,2021/2022,male,3813305,2022-01-09,Kerala Blasters,Hyderabad,True,True,False,2829,
1238,108,Indian Super league,2021/2022,male,3813266,2022-01-08,Goa,Chennaiyin,True,True,False,3050,
1238,108,Indian Super league,2021/2022,male,3813271,2022-01-02,Kerala Blasters,Goa,True,True,False,3019,
1238,108,Indian Super league,2021/2022,male,3813311,2022-01-02,Jamshedpur,Chennaiyin,True,True,False,2930,
1238,108,Indian Super league,2021/2022,male,3813303,2021-12-29,ATK Mohun Bagan,Goa,True,True,False,3562,
1238,108,Indian Super league,2021/2022,male,3813304,2021-12-23,Hyderabad,East Bengal,True,True,False,2941,
1238,108,Indian Super league,2021/2022,male,3813306,2021-12-21,NorthEast United,ATK Mohun Bagan,True,True,False,3376,
1238,108,Indian Super league,2021/2022,male,3813283,2021-12-30,Chennaiyin,Bengaluru,True,True,False,2979,
1238,108,Indian Super league,2021/2022,male,3813275,2021-12-26,Kerala Blasters,Jamshedpur,True,True,False,2814,
1238,108,Indian Super league,2021/2022,male,3813278,2021-12-22,Chennaiyin,Kerala Blasters,True,True,False,3052,
1238,108,Indian Super league,2021/2022,male,3813295,2021-12-28,Hyderabad,Odisha,True,True,False,2906,
1238,108,Indian Super league,2021/2022,male,3813296,2021-11-25,NorthEast United,Kerala Blasters,True,True,False,2814,
1238,108,Indian Super league,2021/2022,male,3813282,2021-12-19,Mumbai City,Kerala Blasters,True,True,False,2869,
1238,108,Indian Super league,2021/2022,male,3813269,2021-12-14,Odisha,Jamshedpur,True,True,False,2936,
1238,108,Indian Super league,2021/2022,male,3817879,2022-01-13,Chennaiyin,Hyderabad,True,True,False,2870,
1238,108,Indian Super league,2021/2022,male,3817874,2022-01-23,Bengaluru,Goa,True,True,False,2665,
1238,108,Indian Super league,2021/2022,male,3817865,2022-01-18,NorthEast United,Odisha,True,True,False,3077,
1238,108,Indian Super league,2021/2022,male,3817860,2022-01-27,Odisha,Hyderabad,True,True,False,3169,
1238,108,Indian Super league,2021/2022,male,3817853,2022-01-19,Goa,East Bengal,True,True,False,3227,
1238,108,Indian Super league,2021/2022,male,3817851,2022-01-12,Odisha,Kerala Blasters,True,True,False,3431,
1238,108,Indian Super league,2021/2022,male,3817850,2022-01-11,Jamshedpur,East Bengal,True,True,False,2471,
1238,108,Indian Super league,2021/2022,male,3817849,2022-01-10,Mumbai City,Bengaluru,True,True,False,3094,
1238,108,Indian Super league,2021/2022,male,3817848,2022-02-15,Goa,ATK Mohun Bagan,True,True,False,3140,
1238,108,Indian Super league,2021/2022,male,3813318,2021-12-27,NorthEast United,Mumbai City,True,True,False,3083,
1238,108,Indian Super league,2021/2022,male,3813287,2021-12-16,Bengaluru,ATK Mohun Bagan,True,True,False,2101,
1238,108,Indian Super league,2021/2022,male,3813270,2021-11-22,Mumbai City,Goa,True,True,False,2927,
1238,108,Indian Super league,2021/2022,male,3813307,2021-12-20,Jamshedpur,Bengaluru,True,True,False,2548,
1238,108,Indian Super league,2021/2022,male,3813279,2021-12-18,Chennaiyin,Odisha,True,True,False,3240,
1238,108,Indian Super league,2021/2022,male,3813281,2021-12-11,ATK Mohun Bagan,Chennaiyin,True,True,False,3007,
1238,108,Indian Super league,2021/2022,male,3813274,2021-12-04,Bengaluru,Mumbai City,True,True,False,2407,
1238,108,Indian Super league,2021/2022,male,3813285,2021-12-11,Goa,Bengaluru,True,True,False,2378,
1238,108,Indian Super league,2021/2022,male,3813317,2021-11-30,Odisha,East Bengal,True,True,False,3061,
1238,108,Indian Super league,2021/2022,male,3813316,2021-12-04,NorthEast United,Goa,True,True,False,3275,
1238,108,Indian Super league,2021/2022,male,3813315,2021-11-26,Goa,Jamshedpur,True,True,False,2597,
1238,108,Indian Super league,2021/2022,male,3813314,2021-11-19,ATK Mohun Bagan,Kerala Blasters,True,True,False,3027,
1238,108,Indian Super league,2021/2022,male,3813312,2021-12-01,ATK Mohun Bagan,Mumbai City,True,True,False,2975,
1238,108,Indian Super league,2021/2022,male,3813310,2021-12-12,East Bengal,Kerala Blasters,True,True,False,2753,
1238,108,Indian Super league,2021/2022,male,3813309,2021-11-23,Hyderabad,Chennaiyin,True,True,False,2815,
1238,108,Indian Super league,2021/2022,male,3813308,2021-12-24,Odisha,Goa,True,True,False,3424,
1238,108,Indian Super league,2021/2022,male,3813301,2021-12-10,Odisha,NorthEast United,True,True,False,2945,
1238,108,Indian Super league,2021/2022,male,3813300,2021-12-05,Kerala Blasters,Odisha,True,True,False,3154,
1238,108,Indian Super league,2021/2022,male,3813299,2021-12-08,Hyderabad,Bengaluru,True,True,False,2813,
1238,108,Indian Super league,2021/2022,male,3813298,2021-11-21,East Bengal,Jamshedpur,True,True,False,2764,
1238,108,Indian Super league,2021/2022,male,3813297,2021-11-20,Bengaluru,NorthEast United,True,True,False,2935,
1238,108,Indian Super league,2021/2022,male,3813294,2021-11-29,NorthEast United,Chennaiyin,True,True,False,3193,
1238,108,Indian Super league,2021/2022,male,3813293,2022-01-04,Bengaluru,East Bengal,True,True,False,2915,
1238,108,Indian Super league,2021/2022,male,3813292,2021-11-28,Bengaluru,Kerala Blasters,True,True,False,2940,
1238,108,Indian Super league,2021/2022,male,3813291,2021-11-27,East Bengal,ATK Mohun Bagan,True,True,False,3346,
1238,108,Indian Super league,2021/2022,male,3813290,2021-12-13,Hyderabad,NorthEast United,True,True,False,2867,
1238,108,Indian Super league,2021/2022,male,3813289,2021-11-24,Odisha,Bengaluru,True,True,False,2936,
1238,108,Indian Super league,2021/2022,male,3813288,2021-12-02,Jamshedpur,Hyderabad,True,True,False,2285,
1238,108,Indian Super league,2021/2022,male,3813286,2021-12-15,Mumbai City,Chennaiyin,True,True,False,3293,
1238,108,Indian Super league,2021/2022,male,3813284,2021-12-09,Mumbai City,Jamshedpur,True,True,False,2879,
1238,108,Indian Super league,2021/2022,male,3813280,2021-12-03,Chennaiyin,East Bengal,True,True,False,3010,
1238,108,Indian Super league,2021/2022,male,3813277,2021-11-27,Mumbai City,Hyderabad,True,True,False,2805,
1238,108,Indian Super league,2021/2022,male,3813276,2021-12-17,NorthEast United,East Bengal,True,True,False,2977,
1238,108,Indian Super league,2021/2022,male,3813273,2022-01-03,Odisha,Mumbai City,True,True,False,2938,
1238,108,Indian Super league,2021/2022,male,3813272,2021-12-18,Goa,Hyderabad,True,True,False,2967,
1238,108,Indian Super league,2021/2022,male,3813268,2021-12-06,Jamshedpur,ATK Mohun Bagan,True,True,False,2732,
1238,108,Indian Super league,2021/2022,male,3813267,2021-12-07,East Bengal,Goa,True,True,False,3359,
1238,108,Indian Super league,2021/2022,male,3813265,2022-01-07,East Bengal,Mumbai City,True,True,False,2879,
1238,108,Indian Super league,2021/2022,male,3813264,2022-01-05,ATK Mohun Bagan,Hyderabad,True,True,False,3076,
11,90,La Liga,2020/2021,male,3773386,2020-10-31,Deportivo Alavés,Barcelona,True,True,False,3891,
11,90,La Liga,2020/2021,male,3773565,2021-01-09,Granada,Barcelona,True,True,False,3775,
11,90,La Liga,2020/2021,male,3773457,2021-05-16,Barcelona,Celta Vigo,True,True,False,4205,
11,90,La Liga,2020/2021,male,3773631,2021-02-07,Real Betis,Barcelona,True,True,False,4004,
11,90,La Liga,2020/2021,male,3773665,2021-03-06,Osasuna,Barcelona,True,True,False,4188,
11,90,La Liga,2020/2021,male,3773497,2021-04-10,Real Madrid,Barcelona,True,True,False,3991,
11,90,La Liga,2020/2021,male,3773660,2020-12-13,Barcelona,Levante UD,True,True,False,3743,
11,90,La Liga,2020/2021,male,3773593,2020-09-27,Barcelona,Villarreal,True,True,False,4342,
11,90,La Liga,2020/2021,male,3773466,2020-10-01,Celta Vigo,Barcelona,True,True,False,3710,
11,90,La Liga,2020/2021,male,3773585,2020-10-24,Barcelona,Real Madrid,True,True,False,4213,
11,90,La Liga,2020/2021,male,3773552,2021-01-03,Huesca,Barcelona,True,True,False,4179,
11,90,La Liga,2020/2021,male,3773672,2020-10-04,Barcelona,Sevilla,True,True,False,4167,
11,90,La Liga,2020/2021,male,3773587,2020-10-17,Getafe,Barcelona,True,True,False,3216,
11,90,La Liga,2020/2021,male,3773656,2020-11-21,Atlético Madrid,Barcelona,True,True,False,4163,
11,90,La Liga,2020/2021,male,3773377,2020-12-19,Barcelona,Valencia,True,True,False,3717,
11,90,La Liga,2020/2021,male,3773586,2021-04-29,Barcelona,Granada,True,True,False,3953,
11,90,La Liga,2020/2021,male,3773372,2021-05-08,Barcelona,Atlético Madrid,True,True,False,3847,
11,90,La Liga,2020/2021,male,3773387,2021-05-11,Levante UD,Barcelona,True,True,False,3822,
11,90,La Liga,2020/2021,male,3773695,2021-05-02,Valencia,Barcelona,True,True,False,3831,
11,90,La Liga,2020/2021,male,3773369,2021-03-15,Barcelona,Huesca,True,True,False,4806,
11,90,La Liga,2020/2021,male,3773661,2021-04-22,Barcelona,Getafe,True,True,False,4129,
11,90,La Liga,2020/2021,male,3773597,2021-03-21,Real Sociedad,Barcelona,True,True,False,4053,
11,90,La Liga,2020/2021,male,3773523,2020-12-16,Barcelona,Real Sociedad,True,True,False,3609,
11,90,La Liga,2020/2021,male,3773571,2020-12-22,Real Valladolid,Barcelona,True,True,False,3993,
11,90,La Liga,2020/2021,male,3773428,2020-12-05,Cádiz,Barcelona,True,True,False,3861,
11,90,La Liga,2020/2021,male,3764661,2021-01-06,Athletic Club,Barcelona,True,True,False,3985,
11,90,La Liga,2020/2021,male,3773526,2021-02-13,Barcelona,Deportivo Alavés,True,True,False,4027,
11,90,La Liga,2020/2021,male,3773474,2021-04-05,Barcelona,Real Valladolid,True,True,False,3955,
11,90,La Liga,2020/2021,male,3773625,2021-02-27,Sevilla,Barcelona,True,True,False,4011,
11,90,La Liga,2020/2021,male,3773403,2021-01-31,Barcelona,Athletic Club,True,True,False,3759,
11,90,La Liga,2020/2021,male,3773547,2020-11-29,Barcelona,Osasuna,True,True,False,4036,
11,90,La Liga,2020/2021,male,3773415,2021-02-21,Barcelona,Cádiz,True,True,False,3967,
11,90,La Liga,2020/2021,male,3764440,2021-02-24,Barcelona,Elche,True,True,False,4160,
11,90,La Liga,2020/2021,male,3773689,2021-04-25,Villarreal,Barcelona,True,True,False,3942,
11,90,La Liga,2020/2021,male,3773477,2020-11-07,Barcelona,Real Betis,True,True,False,3780,
11,42,La Liga,2019/2020,male,303731,2020-02-22,Barcelona,Eibar,True,True,False,3690,
11,42,La Liga,2019/2020,male,303532,2020-06-16,Barcelona,Leganés,True,True,False,4170,
11,42,La Liga,2019/2020,male,303516,2020-06-27,Celta Vigo,Barcelona,True,True,False,3631,
11,42,La Liga,2019/2020,male,303596,2019-12-18,Barcelona,Real Madrid,True,True,False,4158,
11,42,La Liga,2019/2020,male,303430,2019-09-24,Barcelona,Villarreal,True,True,False,4132,
11,42,La Liga,2019/2020,male,303725,2020-07-05,Villarreal,Barcelona,True,True,False,4243,
11,42,La Liga,2019/2020,male,303504,2019-11-02,Levante UD,Barcelona,True,True,False,3805,
11,42,La Liga,2019/2020,male,303451,2019-12-07,Barcelona,Mallorca,True,True,False,4068,
11,42,La Liga,2019/2020,male,303664,2019-12-14,Real Sociedad,Barcelona,True,True,False,3979,
11,42,La Liga,2019/2020,male,303682,2020-02-02,Barcelona,Levante UD,True,True,False,4022,
11,42,La Liga,2019/2020,male,303400,2020-01-25,Valencia,Barcelona,True,True,False,4048,
11,42,La Liga,2019/2020,male,303634,2020-07-16,Barcelona,Osasuna,True,True,False,3758,
11,42,La Liga,2019/2020,male,303421,2020-07-19,Deportivo Alavés,Barcelona,True,True,False,3979,
11,42,La Liga,2019/2020,male,303493,2020-06-23,Barcelona,Athletic Club,True,True,False,3963,
11,42,La Liga,2019/2020,male,303680,2020-07-11,Real Valladolid,Barcelona,True,True,False,4038,
11,42,La Liga,2019/2020,male,303479,2020-03-07,Barcelona,Real Sociedad,True,True,False,3654,
11,42,La Liga,2019/2020,male,303615,2020-07-08,Barcelona,Espanyol,True,True,False,3754,
11,42,La Liga,2019/2020,male,303696,2020-06-30,Barcelona,Atlético Madrid,True,True,False,3832,
11,42,La Liga,2019/2020,male,303487,2019-11-09,Barcelona,Celta Vigo,True,True,False,3981,
11,42,La Liga,2019/2020,male,303600,2019-10-29,Barcelona,Real Valladolid,True,True,False,3949,
11,42,La Liga,2019/2020,male,303548,2020-06-13,Mallorca,Barcelona,True,True,False,3902,
11,42,La Liga,2019/2020,male,303652,2020-01-04,Espanyol,Barcelona,True,True,False,3942,
11,42,La Liga,2019/2020,male,303674,2020-06-19,Sevilla,Barcelona,True,True,False,4047,
11,42,La Liga,2019/2020,male,303470,2020-03-01,Real Madrid,Barcelona,True,True,False,4227,
11,42,La Liga,2019/2020,male,303700,2019-10-19,Eibar,Barcelona,True,True,False,3868,
11,42,La Liga,2019/2020,male,303707,2020-02-09,Real Betis,Barcelona,True,True,False,3565,
11,42,La Liga,2019/2020,male,303666,2019-09-21,Granada,Barcelona,True,True,False,3381,
11,42,La Liga,2019/2020,male,303715,2019-11-23,Leganés,Barcelona,True,True,False,3678,
11,42,La Liga,2019/2020,male,303377,2020-02-15,Barcelona,Getafe,True,True,False,3453,
11,42,La Liga,2019/2020,male,303524,2019-12-01,Atlético Madrid,Barcelona,True,True,False,3871,
11,42,La Liga,2019/2020,male,303517,2019-12-21,Barcelona,Deportivo Alavés,True,True,False,3906,
11,42,La Liga,2019/2020,male,303610,2020-01-19,Barcelona,Granada,True,True,False,4656,
11,42,La Liga,2019/2020,male,303473,2019-10-06,Barcelona,Sevilla,True,True,False,3708,
11,4,La Liga,2018/2019,male,15978,2018-09-15,Real Sociedad,Barcelona,True,True,False,3905,
11,4,La Liga,2018/2019,male,15998,2018-09-26,Leganés,Barcelona,True,True,False,3947,
11,4,La Liga,2018/2019,male,16029,2018-10-20,Barcelona,Sevilla,True,True,False,3542,
11,4,La Liga,2018/2019,male,16073,2018-11-24,Atlético Madrid,Barcelona,True,True,False,4096,
11,4,La Liga,2018/2019,male,16086,2018-12-08,Espanyol,Barcelona,True,True,False,3908,
11,4,La Liga,2018/2019,male,16190,2019-02-23,Sevilla,Barcelona,True,True,False,3717,
11,4,La Liga,2018/2019,male,16109,2018-12-22,Barcelona,Celta Vigo,True,True,False,3818,
11,4,La Liga,2018/2019,male,16120,2019-01-06,Getafe,Barcelona,True,True,False,3668,
11,4,La Liga,2018/2019,male,16182,2019-02-16,Barcelona,Real Valladolid,True,True,False,4487,
11,4,La Liga,2018/2019,male,16215,2019-03-17,Real Betis,Barcelona,True,True,False,3997,
11,4,La Liga,2018/2019,male,16173,2019-02-10,Athletic Club,Barcelona,True,True,False,3670,
11,4,La Liga,2018/2019,male,16265,2019-04-20,Barcelona,Real Sociedad,True,True,False,4036,
11,4,La Liga,2018/2019,male,15946,2018-08-18,Barcelona,Deportivo Alavés,True,True,False,3762,
11,4,La Liga,2018/2019,male,16157,2019-02-02,Barcelona,Valencia,True,True,False,4465,
11,4,La Liga,2018/2019,male,16136,2019-01-20,Barcelona,Leganés,True,True,False,3877,
11,4,La Liga,2018/2019,male,16248,2019-04-06,Barcelona,Atlético Madrid,True,True,False,4463,
11,4,La Liga,2018/2019,male,16056,2018-11-11,Barcelona,Real Betis,True,True,False,3388,
11,4,La Liga,2018/2019,male,16289,2019-04-27,Barcelona,Levante UD,True,True,False,3764,
11,4,La Liga,2018/2019,male,16079,2018-12-02,Barcelona,Villarreal,True,True,False,3916,
11,4,La Liga,2018/2019,male,16149,2019-01-27,Girona,Barcelona,True,True,False,3668,
11,4,La Liga,2018/2019,male,16275,2019-04-23,Deportivo Alavés,Barcelona,True,True,False,3693,
11,4,La Liga,2018/2019,male,15973,2018-09-02,Barcelona,Huesca,True,True,False,3440,
11,4,La Liga,2018/2019,male,16317,2019-05-19,Eibar,Barcelona,True,True,False,3867,
11,4,La Liga,2018/2019,male,16131,2019-01-13,Barcelona,Eibar,True,True,False,3791,
11,4,La Liga,2018/2019,male,16205,2019-03-09,Barcelona,Rayo Vallecano,True,True,False,4058,
11,4,La Liga,2018/2019,male,16095,2018-12-16,Levante UD,Barcelona,True,True,False,3376,
11,4,La Liga,2018/2019,male,16306,2019-05-12,Barcelona,Getafe,True,True,False,4374,
11,4,La Liga,2018/2019,male,16010,2018-09-29,Barcelona,Athletic Club,True,True,False,3591,
11,4,La Liga,2018/2019,male,15986,2018-09-23,Barcelona,Girona,True,True,False,3910,
11,4,La Liga,2018/2019,male,16240,2019-04-02,Villarreal,Barcelona,True,True,False,3833,
11,4,La Liga,2018/2019,male,16023,2018-10-07,Valencia,Barcelona,True,True,False,4541,
11,4,La Liga,2018/2019,male,16196,2019-03-02,Real Madrid,Barcelona,True,True,False,3978,
11,4,La Liga,2018/2019,male,15956,2018-08-25,Real Valladolid,Barcelona,True,True,False,3342,
11,4,La Liga,2018/2019,male,16231,2019-03-30,Barcelona,Espanyol,True,True,False,3814,
11,1,La Liga,2017/2018,male,9880,2018-04-14,Barcelona,Valencia,True,True,False,3947,
11,1,La Liga,2017/2018,male,9912,2018-04-29,RC Deportivo La Coruña,Barcelona,True,True,False,3989,
11,1,La Liga,2017/2018,male,9924,2018-05-06,Barcelona,Real Madrid,True,True,False,3831,
11,1,La Liga,2017/2018,male,9855,2018-03-18,Barcelona,Athletic Club,True,True,False,3714,
11,1,La Liga,2017/2018,male,9827,2018-03-01,Las Palmas,Barcelona,True,True,False,3340,
11,1,La Liga,2017/2018,male,9799,2018-02-17,Eibar,Barcelona,True,True,False,3658,
11,1,La Liga,2017/2018,male,9636,2017-10-01,Barcelona,Las Palmas,True,True,False,4024,
11,1,La Liga,2017/2018,male,9609,2017-09-19,Barcelona,Eibar,True,True,False,3700,
11,1,La Liga,2017/2018,male,9575,2017-08-20,Barcelona,Real Betis,True,True,False,4086,
11,1,La Liga,2017/2018,male,9928,2018-05-09,Barcelona,Villarreal,True,True,False,4093,
11,1,La Liga,2017/2018,male,9736,2017-12-23,Real Madrid,Barcelona,True,True,False,4101,
11,1,La Liga,2017/2018,male,9742,2018-01-07,Barcelona,Levante UD,True,True,False,3723,
11,1,La Liga,2017/2018,male,9765,2018-01-21,Real Betis,Barcelona,True,True,False,3872,
11,1,La Liga,2017/2018,male,9661,2017-10-28,Athletic Club,Barcelona,True,True,False,3514,
11,1,La Liga,2017/2018,male,9592,2017-09-09,Barcelona,Espanyol,True,True,False,3589,
11,1,La Liga,2017/2018,male,9870,2018-04-07,Barcelona,Leganés,True,True,False,3858,
11,1,La Liga,2017/2018,male,9783,2018-02-04,Espanyol,Barcelona,True,True,False,3267,
11,1,La Liga,2017/2018,male,9700,2017-12-02,Barcelona,Celta Vigo,True,True,False,4147,
11,1,La Liga,2017/2018,male,9860,2018-03-31,Sevilla,Barcelona,True,True,False,3802,
11,1,La Liga,2017/2018,male,9695,2017-11-26,Valencia,Barcelona,True,True,False,4002,
11,1,La Liga,2017/2018,male,9794,2018-02-11,Barcelona,Getafe,True,True,False,3532,
11,1,La Liga,2017/2018,male,9717,2017-12-10,Villarreal,Barcelona,True,True,False,4137,
11,1,La Liga,2017/2018,male,9673,2017-11-04,Barcelona,Sevilla,True,True,False,4098,
11,1,La Liga,2017/2018,male,9650,2017-10-21,Barcelona,Málaga,True,True,False,4058,
11,1,La Liga,2017/2018,male,9620,2017-09-23,Girona,Barcelona,True,True,False,3435,
11,1,La Liga,2017/2018,male,9837,2018-03-04,Barcelona,Atlético Madrid,True,True,False,3980,
11,1,La Liga,2017/2018,male,9811,2018-02-24,Barcelona,Girona,True,True,False,3545,
11,1,La Liga,2017/2018,male,9642,2017-10-14,Atlético Madrid,Barcelona,True,True,False,3904,
11,1,La Liga,2017/2018,male,9774,2018-01-28,Barcelona,Deportivo Alavés,True,True,False,3515,
11,1,La Liga,2017/2018,male,9602,2017-09-16,Getafe,Barcelona,True,True,False,3593,
11,1,La Liga,2017/2018,male,9948,2018-05-20,Barcelona,Real Sociedad,True,True,False,3657,
11,1,La Liga,2017/2018,male,9682,2017-11-18,Leganés,Barcelona,True,True,False,3515,
11,1,La Liga,2017/2018,male,9581,2017-08-26,Deportivo Alavés,Barcelona,True,True,False,3905,
11,1,La Liga,2017/2018,male,9726,2017-12-17,Barcelona,RC Deportivo La Coruña,True,True,False,4003,
11,1,La Liga,2017/2018,male,9754,2018-01-14,Real Sociedad,Barcelona,True,True,False,3690,
11,1,La Liga,2017/2018,male,9889,2018-04-17,Celta Vigo,Barcelona,True,True,False,3714,
11,2,La Liga,2016/2017,male,266989,2016-11-06,Sevilla,Barcelona,True,True,False,3803,
11,2,La Liga,2016/2017,male,266357,2016-12-10,Osasuna,Barcelona,True,True,False,3982,
11,2,La Liga,2016/2017,male,267569,2017-04-23,Real Madrid,Barcelona,True,True,False,3667,
11,2,La Liga,2016/2017,male,267212,2016-09-17,Leganés,Barcelona,True,True,False,3424,
11,2,La Liga,2016/2017,male,266669,2016-09-10,Barcelona,Deportivo Alavés,True,True,False,3523,
11,2,La Liga,2016/2017,male,266892,2016-08-28,Athletic Club,Barcelona,True,True,False,3524,
11,2,La Liga,2016/2017,male,267220,2016-09-21,Barcelona,Atlético Madrid,True,True,False,3953,
11,2,La Liga,2016/2017,male,267670,2016-08-20,Barcelona,Real Betis,True,True,False,3505,
11,2,La Liga,2016/2017,male,266516,2017-01-29,Real Betis,Barcelona,True,True,False,3423,
11,2,La Liga,2016/2017,male,267039,2017-05-14,Las Palmas,Barcelona,True,True,False,3737,
11,2,La Liga,2016/2017,male,266477,2017-01-08,Villarreal,Barcelona,True,True,False,3804,
11,2,La Liga,2016/2017,male,267101,2017-04-26,Barcelona,Osasuna,True,True,False,3901,
11,2,La Liga,2016/2017,male,266440,2017-03-19,Barcelona,Valencia,True,True,False,3504,
11,2,La Liga,2016/2017,male,266033,2016-10-22,Valencia,Barcelona,True,True,False,3687,
11,2,La Liga,2016/2017,male,267660,2017-03-12,RC Deportivo La Coruña,Barcelona,True,True,False,3671,
11,2,La Liga,2016/2017,male,266273,2017-02-11,Deportivo Alavés,Barcelona,True,True,False,3677,
11,2,La Liga,2016/2017,male,267395,2017-01-14,Barcelona,Las Palmas,True,True,False,3696,
11,2,La Liga,2016/2017,male,266874,2017-02-04,Barcelona,Athletic Club,True,True,False,3439,
11,2,La Liga,2016/2017,male,266731,2017-01-22,Eibar,Barcelona,True,True,False,3576,
11,2,La Liga,2016/2017,male,266528,2016-12-18,Barcelona,Espanyol,True,True,False,3556,
11,2,La Liga,2016/2017,male,266280,2017-04-05,Barcelona,Sevilla,True,True,False,4018,
11,2,La Liga,2016/2017,male,267432,2017-05-21,Barcelona,Eibar,True,True,False,3359,
11,2,La Liga,2016/2017,male,267076,2016-12-03,Barcelona,Real Madrid,True,True,False,3979,
11,2,La Liga,2016/2017,male,267590,2017-04-08,Málaga,Barcelona,True,True,False,3547,
11,2,La Liga,2016/2017,male,267373,2017-04-15,Barcelona,Real Sociedad,True,True,False,3872,
11,2,La Liga,2016/2017,male,267077,2017-04-29,Espanyol,Barcelona,True,True,False,3713,
11,2,La Liga,2016/2017,male,266952,2017-05-06,Barcelona,Villarreal,True,True,False,4063,
11,2,La Liga,2016/2017,male,267464,2017-02-26,Atlético Madrid,Barcelona,True,True,False,3079,
11,2,La Liga,2016/2017,male,266299,2017-03-04,Barcelona,Celta Vigo,True,True,False,3685,
11,2,La Liga,2016/2017,male,266191,2016-11-27,Real Sociedad,Barcelona,True,True,False,3753,
11,2,La Liga,2016/2017,male,265952,2017-03-01,Barcelona,Sporting Gijón,True,True,False,3504,
11,2,La Liga,2016/2017,male,267492,2016-10-15,Barcelona,RC Deportivo La Coruña,True,True,False,3687,
11,2,La Liga,2016/2017,male,267596,2017-02-19,Barcelona,Leganés,True,True,False,3874,
11,2,La Liga,2016/2017,male,267058,2016-10-29,Barcelona,Granada,True,True,False,3628,
11,27,La Liga,2015/2016,male,3825848,2015-09-23,Levante UD,Eibar,True,True,False,2614,
11,27,La Liga,2015/2016,male,3825895,2015-09-23,Las Palmas,Sevilla,True,True,False,3126,
11,27,La Liga,2015/2016,male,3825894,2016-05-01,RC Deportivo La Coruña,Getafe,True,True,False,3183,
11,27,La Liga,2015/2016,male,3825855,2016-05-02,Málaga,Levante UD,True,True,False,3025,
11,27,La Liga,2015/2016,male,3825908,2016-05-15,Espanyol,Eibar,True,True,False,3273,
11,27,La Liga,2015/2016,male,3825883,2016-05-15,Málaga,Las Palmas,True,True,False,3311,
11,27,La Liga,2015/2016,male,3825900,2016-05-15,Sporting Gijón,Villarreal,True,True,False,3798,
11,27,La Liga,2015/2016,male,3825902,2016-05-15,Rayo Vallecano,Levante UD,True,True,False,3599,
11,27,La Liga,2015/2016,male,3825876,2016-05-15,Real Betis,Getafe,True,True,False,3269,
11,27,La Liga,2015/2016,male,3825846,2016-05-14,RC Deportivo La Coruña,Real Madrid,True,True,False,4126,
11,27,La Liga,2015/2016,male,3825869,2016-05-14,Athletic Club,Sevilla,True,True,False,3501,
11,27,La Liga,2015/2016,male,3825882,2016-05-14,Atlético Madrid,Celta Vigo,True,True,False,3816,
11,27,La Liga,2015/2016,male,3825849,2016-05-13,Valencia,Real Sociedad,True,True,False,3533,
11,27,La Liga,2015/2016,male,3825860,2016-05-08,Levante UD,Atlético Madrid,True,True,False,3819,
11,27,La Liga,2015/2016,male,3825847,2016-04-23,Eibar,RC Deportivo La Coruña,True,True,False,3524,
11,27,La Liga,2015/2016,male,3825817,2016-03-18,Getafe,Eibar,True,True,False,3140,
11,27,La Liga,2015/2016,male,3825778,2016-02-20,Real Betis,Sporting Gijón,True,True,False,3260,
11,27,La Liga,2015/2016,male,3825777,2016-02-19,Levante UD,Getafe,True,True,False,3061,
11,27,La Liga,2015/2016,male,3825740,2016-01-18,Eibar,Granada,True,True,False,2782,
11,27,La Liga,2015/2016,male,3825875,2016-04-24,Villarreal,Real Sociedad,True,True,False,3553,
11,27,La Liga,2015/2016,male,3825884,2016-04-24,Sevilla,Real Betis,True,True,False,2825,
11,27,La Liga,2015/2016,male,3825842,2016-04-24,Levante UD,Athletic Club,True,True,False,3005,
11,27,La Liga,2015/2016,male,3825890,2016-04-23,Atlético Madrid,Málaga,True,True,False,3337,
11,27,La Liga,2015/2016,male,3825871,2016-04-22,Las Palmas,Espanyol,True,True,False,3853,
11,27,La Liga,2015/2016,male,3825896,2016-04-21,Granada,Levante UD,True,True,False,2855,
11,27,La Liga,2015/2016,male,3825841,2016-04-21,Real Sociedad,Getafe,True,True,False,3528,
11,27,La Liga,2015/2016,male,3825843,2016-04-20,Málaga,Rayo Vallecano,True,True,False,3071,
11,27,La Liga,2015/2016,male,3825839,2016-04-20,Sporting Gijón,Sevilla,True,True,False,3397,
11,27,La Liga,2015/2016,male,3825838,2016-04-20,Athletic Club,Atlético Madrid,True,True,False,3966,
11,27,La Liga,2015/2016,male,3825840,2016-04-20,Valencia,Eibar,True,True,False,3625,
11,27,La Liga,2015/2016,male,3825837,2016-04-19,Real Betis,Las Palmas,True,True,False,3515,
11,27,La Liga,2015/2016,male,3825836,2016-04-17,Rayo Vallecano,Villarreal,True,True,False,3547,
11,27,La Liga,2015/2016,male,3825835,2016-04-17,Málaga,Athletic Club,True,True,False,3118,
11,27,La Liga,2015/2016,male,3825834,2016-04-17,Atlético Madrid,Granada,True,True,False,3477,
11,27,La Liga,2015/2016,male,3825906,2016-04-17,Sevilla,RC Deportivo La Coruña,True,True,False,3430,
11,27,La Liga,2015/2016,male,3825897,2016-04-16,Eibar,Real Sociedad,True,True,False,3145,
11,27,La Liga,2015/2016,male,3825889,2016-04-16,Celta Vigo,Real Betis,True,True,False,3541,
11,27,La Liga,2015/2016,male,3825833,2016-04-16,Getafe,Real Madrid,True,True,False,3322,
11,27,La Liga,2015/2016,male,3825857,2016-04-15,Levante UD,Espanyol,True,True,False,2968,
11,27,La Liga,2015/2016,male,3825863,2016-04-11,RC Deportivo La Coruña,Las Palmas,True,True,False,3600,
11,27,La Liga,2015/2016,male,3825829,2016-04-10,Athletic Club,Rayo Vallecano,True,True,False,3752,
11,27,La Liga,2015/2016,male,3825830,2016-04-10,Villarreal,Getafe,True,True,False,3144,
11,27,La Liga,2015/2016,male,3825832,2016-04-10,Sporting Gijón,Celta Vigo,True,True,False,3259,
11,27,La Liga,2015/2016,male,3825831,2016-04-10,Valencia,Sevilla,True,True,False,3148,
11,27,La Liga,2015/2016,male,3825828,2016-04-09,Espanyol,Atlético Madrid,True,True,False,3293,
11,27,La Liga,2015/2016,male,3825827,2016-04-09,Real Betis,Levante UD,True,True,False,3400,
11,27,La Liga,2015/2016,male,3825826,2016-04-08,Granada,Málaga,True,True,False,3231,
11,27,La Liga,2015/2016,male,3825825,2016-04-04,Levante UD,Sporting Gijón,True,True,False,3096,
11,27,La Liga,2015/2016,male,3825824,2016-04-03,Eibar,Villarreal,True,True,False,3669,
11,27,La Liga,2015/2016,male,3825823,2016-04-03,Sevilla,Real Sociedad,True,True,False,3295,
11,27,La Liga,2015/2016,male,3825905,2016-04-03,Málaga,Espanyol,True,True,False,3257,
11,27,La Liga,2015/2016,male,3825822,2016-04-02,Las Palmas,Valencia,True,True,False,3829,
11,27,La Liga,2015/2016,male,3825821,2016-03-20,Espanyol,Athletic Club,True,True,False,3356,
11,27,La Liga,2015/2016,male,3825820,2016-03-20,Real Madrid,Sevilla,True,True,False,3576,
11,27,La Liga,2015/2016,male,3825819,2016-03-20,Valencia,Celta Vigo,True,True,False,3729,
11,27,La Liga,2015/2016,male,3825818,2016-03-19,Real Sociedad,Las Palmas,True,True,False,3326,
11,27,La Liga,2015/2016,male,3825887,2016-03-19,Granada,Rayo Vallecano,True,True,False,3042,
11,27,La Liga,2015/2016,male,3825907,2016-03-19,Sporting Gijón,Atlético Madrid,True,True,False,3581,
11,27,La Liga,2015/2016,male,3825903,2016-03-19,Real Betis,Málaga,True,True,False,3671,
11,27,La Liga,2015/2016,male,3825816,2016-03-13,Sevilla,Villarreal,True,True,False,3176,
11,27,La Liga,2015/2016,male,3825815,2016-03-13,Levante UD,Valencia,True,True,False,3318,
11,27,La Liga,2015/2016,male,3825858,2016-03-12,Rayo Vallecano,Eibar,True,True,False,2846,
11,27,La Liga,2015/2016,male,3825813,2016-03-12,Atlético Madrid,RC Deportivo La Coruña,True,True,False,3560,
11,27,La Liga,2015/2016,male,3825814,2016-03-12,Celta Vigo,Real Sociedad,True,True,False,3403,
11,27,La Liga,2015/2016,male,3825812,2016-03-11,Málaga,Sporting Gijón,True,True,False,3505,
11,27,La Liga,2015/2016,male,3825811,2016-03-07,Espanyol,Rayo Vallecano,True,True,False,3190,
11,27,La Liga,2015/2016,male,3825807,2016-03-06,Valencia,Atlético Madrid,True,True,False,3892,
11,27,La Liga,2015/2016,male,3825809,2016-03-06,Real Betis,Granada,True,True,False,2961,
11,27,La Liga,2015/2016,male,3825810,2016-03-06,Real Sociedad,Levante UD,True,True,False,3398,
11,27,La Liga,2015/2016,male,3825808,2016-03-06,Sporting Gijón,Athletic Club,True,True,False,3575,
11,27,La Liga,2015/2016,male,3825804,2016-03-05,RC Deportivo La Coruña,Málaga,True,True,False,3249,
11,27,La Liga,2015/2016,male,3825867,2016-03-05,Getafe,Sevilla,True,True,False,3068,
11,27,La Liga,2015/2016,male,3825805,2016-03-05,Villarreal,Las Palmas,True,True,False,4197,
11,27,La Liga,2015/2016,male,3825784,2016-02-21,Atlético Madrid,Villarreal,True,True,False,3661,
11,27,La Liga,2015/2016,male,3825782,2016-02-21,Granada,Valencia,True,True,False,3618,
11,27,La Liga,2015/2016,male,3825757,2016-01-31,Real Madrid,Espanyol,True,True,False,3851,
11,27,La Liga,2015/2016,male,3825641,2015-10-26,Athletic Club,Sporting Gijón,True,True,False,3454,
11,27,La Liga,2015/2016,male,3825803,2016-03-03,Granada,Sporting Gijón,True,True,False,3292,
11,27,La Liga,2015/2016,male,3825800,2016-03-02,Celta Vigo,Villarreal,True,True,False,3569,
11,27,La Liga,2015/2016,male,3825801,2016-03-02,Sevilla,Eibar,True,True,False,3346,
11,27,La Liga,2015/2016,male,3825799,2016-03-02,Málaga,Valencia,True,True,False,3367,
11,27,La Liga,2015/2016,male,3825797,2016-03-02,Athletic Club,RC Deportivo La Coruña,True,True,False,3745,
11,27,La Liga,2015/2016,male,3825798,2016-03-02,Levante UD,Real Madrid,True,True,False,3683,
11,27,La Liga,2015/2016,male,3825796,2016-03-01,Las Palmas,Getafe,True,True,False,3392,
11,27,La Liga,2015/2016,male,3825795,2016-03-01,Atlético Madrid,Real Sociedad,True,True,False,4326,
11,27,La Liga,2015/2016,male,3825793,2016-02-28,Valencia,Athletic Club,True,True,False,3741,
11,27,La Liga,2015/2016,male,3825792,2016-02-28,RC Deportivo La Coruña,Granada,True,True,False,3566,
11,27,La Liga,2015/2016,male,3825794,2016-02-28,Villarreal,Levante UD,True,True,False,3595,
11,27,La Liga,2015/2016,male,3825788,2016-02-27,Getafe,Celta Vigo,True,True,False,3191,
11,27,La Liga,2015/2016,male,3825791,2016-02-27,Real Betis,Rayo Vallecano,True,True,False,3025,
11,27,La Liga,2015/2016,male,3825790,2016-02-27,Sporting Gijón,Espanyol,True,True,False,3198,
11,27,La Liga,2015/2016,male,3825787,2016-02-27,Real Madrid,Atlético Madrid,True,True,False,4022,
11,27,La Liga,2015/2016,male,3825789,2016-02-27,Real Sociedad,Málaga,True,True,False,3171,
11,27,La Liga,2015/2016,male,3825786,2016-02-26,Eibar,Las Palmas,True,True,False,3440,
11,27,La Liga,2015/2016,male,3825781,2016-02-21,Rayo Vallecano,Sevilla,True,True,False,2810,
11,27,La Liga,2015/2016,male,3825785,2016-02-21,Málaga,Real Madrid,True,True,False,3145,
11,27,La Liga,2015/2016,male,3825783,2016-02-21,Athletic Club,Real Sociedad,True,True,False,3026,
11,27,La Liga,2015/2016,male,3825780,2016-02-20,Espanyol,RC Deportivo La Coruña,True,True,False,3380,
11,27,La Liga,2015/2016,male,3825779,2016-02-20,Celta Vigo,Eibar,True,True,False,3208,
11,27,La Liga,2015/2016,male,3825773,2016-02-14,Eibar,Levante UD,True,True,False,3261,
11,27,La Liga,2015/2016,male,3825776,2016-02-14,Sevilla,Las Palmas,True,True,False,3469,
11,27,La Liga,2015/2016,male,3825775,2016-02-14,Real Sociedad,Granada,True,True,False,3133,
11,27,La Liga,2015/2016,male,3825769,2016-02-13,Villarreal,Málaga,True,True,False,3486,
11,27,La Liga,2015/2016,male,3825770,2016-02-13,Real Madrid,Athletic Club,True,True,False,3793,
11,27,La Liga,2015/2016,male,3825768,2016-02-12,Sporting Gijón,Rayo Vallecano,True,True,False,3451,
11,27,La Liga,2015/2016,male,3825736,2016-01-17,Valencia,Rayo Vallecano,True,True,False,3475,
11,27,La Liga,2015/2016,male,3825731,2016-01-10,Las Palmas,Málaga,True,True,False,3629,
11,27,La Liga,2015/2016,male,3825685,2015-12-06,Sporting Gijón,Las Palmas,True,True,False,3192,
11,27,La Liga,2015/2016,male,3825678,2015-11-29,Eibar,Real Madrid,True,True,False,3448,
11,27,La Liga,2015/2016,male,3825643,2015-10-31,Real Madrid,Las Palmas,True,True,False,4185,
11,27,La Liga,2015/2016,male,3825642,2015-10-30,RC Deportivo La Coruña,Atlético Madrid,True,True,False,4042,
11,27,La Liga,2015/2016,male,3825638,2015-10-25,Atlético Madrid,Valencia,True,True,False,3557,
11,27,La Liga,2015/2016,male,3825614,2015-10-03,Granada,RC Deportivo La Coruña,True,True,False,3060,
11,27,La Liga,2015/2016,male,3825612,2015-09-27,Getafe,Levante UD,True,True,False,3307,
11,27,La Liga,2015/2016,male,3825607,2015-09-26,Villarreal,Atlético Madrid,True,True,False,4016,
11,27,La Liga,2015/2016,male,3825595,2015-09-20,Villarreal,Athletic Club,True,True,False,3121,
11,27,La Liga,2015/2016,male,3825579,2015-08-30,Sevilla,Atlético Madrid,True,True,False,3123,
11,27,La Liga,2015/2016,male,3825572,2015-08-29,Real Madrid,Real Betis,True,True,False,3430,
11,27,La Liga,2015/2016,male,3825774,2016-02-14,Getafe,Atlético Madrid,True,True,False,4064,
11,27,La Liga,2015/2016,male,3825772,2016-02-13,Valencia,Espanyol,True,True,False,2839,
11,27,La Liga,2015/2016,male,3825771,2016-02-13,RC Deportivo La Coruña,Real Betis,True,True,False,3070,
11,27,La Liga,2015/2016,male,3825767,2016-02-08,Espanyol,Real Sociedad,True,True,False,3388,
11,27,La Liga,2015/2016,male,3825706,2015-12-30,Celta Vigo,Athletic Club,True,True,False,3758,
11,27,La Liga,2015/2016,male,3825712,2015-12-30,Getafe,RC Deportivo La Coruña,True,True,False,3215,
11,27,La Liga,2015/2016,male,3825708,2015-12-30,Levante UD,Málaga,True,True,False,3032,
11,27,La Liga,2015/2016,male,3825707,2015-12-30,Las Palmas,Granada,True,True,False,3295,
11,27,La Liga,2015/2016,male,3825705,2015-12-30,Eibar,Sporting Gijón,True,True,False,2832,
11,27,La Liga,2015/2016,male,3825711,2015-12-30,Rayo Vallecano,Atlético Madrid,True,True,False,3062,
11,27,La Liga,2015/2016,male,3825703,2015-12-20,Athletic Club,Levante UD,True,True,False,3427,
11,27,La Liga,2015/2016,male,3825700,2015-12-20,Real Madrid,Rayo Vallecano,True,True,False,3509,
11,27,La Liga,2015/2016,male,3825701,2015-12-20,Málaga,Atlético Madrid,True,True,False,3457,
11,27,La Liga,2015/2016,male,3825702,2015-12-20,Real Sociedad,Villarreal,True,True,False,3702,
11,27,La Liga,2015/2016,male,3825704,2015-12-20,Granada,Celta Vigo,True,True,False,3271,
11,27,La Liga,2015/2016,male,3825891,2015-12-19,Espanyol,Las Palmas,True,True,False,3294,
11,27,La Liga,2015/2016,male,3825699,2015-12-19,Real Betis,Sevilla,True,True,False,2786,
11,27,La Liga,2015/2016,male,3825697,2015-12-19,Valencia,Getafe,True,True,False,3483,
11,27,La Liga,2015/2016,male,3825698,2015-12-19,RC Deportivo La Coruña,Eibar,True,True,False,3338,
11,27,La Liga,2015/2016,male,3825694,2015-12-13,Eibar,Valencia,True,True,False,3034,
11,27,La Liga,2015/2016,male,3825693,2015-12-13,Atlético Madrid,Athletic Club,True,True,False,3764,
11,27,La Liga,2015/2016,male,3825696,2015-12-13,Rayo Vallecano,Málaga,True,True,False,2916,
11,27,La Liga,2015/2016,male,3825695,2015-12-13,Villarreal,Real Madrid,True,True,False,3634,
11,27,La Liga,2015/2016,male,3825689,2015-12-12,Celta Vigo,Espanyol,True,True,False,3220,
11,27,La Liga,2015/2016,male,3825690,2015-12-12,Las Palmas,Real Betis,True,True,False,3433,
11,27,La Liga,2015/2016,male,3825692,2015-12-12,Sevilla,Sporting Gijón,True,True,False,3395,
11,27,La Liga,2015/2016,male,3825691,2015-12-12,Levante UD,Granada,True,True,False,3374,
11,27,La Liga,2015/2016,male,3825688,2015-12-11,Getafe,Real Sociedad,True,True,False,3311,
11,27,La Liga,2015/2016,male,3825687,2015-12-07,Espanyol,Levante UD,True,True,False,3316,
11,27,La Liga,2015/2016,male,3825683,2015-12-06,Real Sociedad,Eibar,True,True,False,3147,
11,27,La Liga,2015/2016,male,3825686,2015-12-06,Athletic Club,Málaga,True,True,False,3117,
11,27,La Liga,2015/2016,male,3825684,2015-12-06,Villarreal,Rayo Vallecano,True,True,False,3268,
11,27,La Liga,2015/2016,male,3825681,2015-12-05,Real Madrid,Getafe,True,True,False,3932,
11,27,La Liga,2015/2016,male,3825682,2015-12-05,Granada,Atlético Madrid,True,True,False,3802,
11,27,La Liga,2015/2016,male,3825680,2015-12-05,RC Deportivo La Coruña,Sevilla,True,True,False,3296,
11,27,La Liga,2015/2016,male,3825677,2015-11-29,Sevilla,Valencia,True,True,False,3306,
11,27,La Liga,2015/2016,male,3825675,2015-11-29,Rayo Vallecano,Athletic Club,True,True,False,3280,
11,27,La Liga,2015/2016,male,3825676,2015-11-29,Getafe,Villarreal,True,True,False,3086,
11,27,La Liga,2015/2016,male,3825674,2015-11-28,Atlético Madrid,Espanyol,True,True,False,3537,
11,27,La Liga,2015/2016,male,3825673,2015-11-28,Las Palmas,RC Deportivo La Coruña,True,True,False,3585,
11,27,La Liga,2015/2016,male,3825671,2015-11-28,Celta Vigo,Sporting Gijón,True,True,False,3490,
11,27,La Liga,2015/2016,male,3825672,2015-11-28,Málaga,Granada,True,True,False,2682,
11,27,La Liga,2015/2016,male,3825670,2015-11-27,Levante UD,Real Betis,True,True,False,3261,
11,27,La Liga,2015/2016,male,3825669,2015-11-23,Getafe,Rayo Vallecano,True,True,False,3182,
11,27,La Liga,2015/2016,male,3825668,2015-11-22,Sporting Gijón,Levante UD,True,True,False,3319,
11,27,La Liga,2015/2016,male,3825666,2015-11-22,Real Betis,Atlético Madrid,True,True,False,4016,
11,27,La Liga,2015/2016,male,3825665,2015-11-22,Granada,Athletic Club,True,True,False,2959,
11,27,La Liga,2015/2016,male,3825667,2015-11-22,Villarreal,Eibar,True,True,False,3224,
11,27,La Liga,2015/2016,male,3825664,2015-11-21,Real Sociedad,Sevilla,True,True,False,3296,
11,27,La Liga,2015/2016,male,3825662,2015-11-21,RC Deportivo La Coruña,Celta Vigo,True,True,False,3340,
11,27,La Liga,2015/2016,male,3825888,2015-11-21,Valencia,Las Palmas,True,True,False,3840,
11,27,La Liga,2015/2016,male,3825663,2015-11-21,Espanyol,Málaga,True,True,False,3143,
11,27,La Liga,2015/2016,male,3825659,2015-11-08,Athletic Club,Espanyol,True,True,False,2818,
11,27,La Liga,2015/2016,male,3825658,2015-11-08,Atlético Madrid,Sporting Gijón,True,True,False,3368,
11,27,La Liga,2015/2016,male,3825660,2015-11-08,Barcelona,Villarreal,True,True,False,3588,
11,27,La Liga,2015/2016,male,3825661,2015-11-08,Sevilla,Real Madrid,True,True,False,3868,
11,27,La Liga,2015/2016,male,3825656,2015-11-07,Levante UD,RC Deportivo La Coruña,True,True,False,3255,
11,27,La Liga,2015/2016,male,3825657,2015-11-07,Málaga,Real Betis,True,True,False,3128,
11,27,La Liga,2015/2016,male,3825652,2015-11-06,Las Palmas,Real Sociedad,True,True,False,3538,
11,27,La Liga,2015/2016,male,3825623,2015-10-17,Valencia,Málaga,True,True,False,3434,
11,27,La Liga,2015/2016,male,3825626,2015-10-17,Real Betis,Espanyol,True,True,False,3269,
11,27,La Liga,2015/2016,male,3825616,2015-10-03,Málaga,Real Sociedad,True,True,False,3371,
11,27,La Liga,2015/2016,male,3825608,2015-09-26,Eibar,Celta Vigo,True,True,False,3609,
11,27,La Liga,2015/2016,male,3825601,2015-09-23,Rayo Vallecano,Sporting Gijón,True,True,False,3080,
11,27,La Liga,2015/2016,male,3825899,2016-04-24,Getafe,Valencia,True,True,False,3366,
11,27,La Liga,2015/2016,male,3825852,2016-04-16,Las Palmas,Sporting Gijón,True,True,False,3511,
11,27,La Liga,2015/2016,male,3825647,2015-10-31,Valencia,Levante UD,True,True,False,2933,
11,27,La Liga,2015/2016,male,3825637,2015-10-25,Barcelona,Eibar,True,True,False,3314,
11,27,La Liga,2015/2016,male,3825628,2015-10-18,Getafe,Las Palmas,True,True,False,3593,
11,27,La Liga,2015/2016,male,3825619,2015-10-04,Levante UD,Villarreal,True,True,False,3130,
11,27,La Liga,2015/2016,male,3825618,2015-10-03,Las Palmas,Eibar,True,True,False,3722,
11,27,La Liga,2015/2016,male,3825611,2015-09-27,RC Deportivo La Coruña,Espanyol,True,True,False,3364,
11,27,La Liga,2015/2016,male,3825609,2015-09-27,Real Sociedad,Athletic Club,True,True,False,3197,
11,27,La Liga,2015/2016,male,3825598,2015-09-22,Atlético Madrid,Getafe,True,True,False,3592,
11,27,La Liga,2015/2016,male,3825584,2015-09-13,Granada,Villarreal,True,True,False,2947,
11,27,La Liga,2015/2016,male,3825570,2015-08-24,Granada,Eibar,True,True,False,3236,
11,27,La Liga,2015/2016,male,3825562,2015-08-21,Málaga,Sevilla,True,True,False,2750,
11,27,La Liga,2015/2016,male,3825904,2016-05-08,Eibar,Real Betis,True,True,False,3605,
11,27,La Liga,2015/2016,male,3825901,2016-05-08,Real Madrid,Valencia,True,True,False,4191,
11,27,La Liga,2015/2016,male,3825898,2016-04-02,Celta Vigo,RC Deportivo La Coruña,True,True,False,3263,
11,27,La Liga,2015/2016,male,3825893,2016-04-20,Real Madrid,Villarreal,True,True,False,4103,
11,27,La Liga,2015/2016,male,3825892,2015-09-22,Granada,Real Sociedad,True,True,False,3099,
11,27,La Liga,2015/2016,male,3825886,2016-04-23,Rayo Vallecano,Real Madrid,True,True,False,3534,
11,27,La Liga,2015/2016,male,3825885,2016-04-01,Rayo Vallecano,Getafe,True,True,False,2853,
11,27,La Liga,2015/2016,male,3825881,2016-03-14,Granada,Espanyol,True,True,False,2919,
11,27,La Liga,2015/2016,male,3825880,2016-03-19,RC Deportivo La Coruña,Levante UD,True,True,False,3346,
11,27,La Liga,2015/2016,male,3825879,2016-03-13,Las Palmas,Real Madrid,True,True,False,3659,
11,27,La Liga,2015/2016,male,3825878,2016-04-30,Atlético Madrid,Rayo Vallecano,True,True,False,3404,
11,27,La Liga,2015/2016,male,3825877,2016-04-03,Athletic Club,Granada,True,True,False,3242,
11,27,La Liga,2015/2016,male,3825874,2015-10-24,Sevilla,Getafe,True,True,False,3127,
11,27,La Liga,2015/2016,male,3825873,2016-05-01,Valencia,Villarreal,True,True,False,3890,
11,27,La Liga,2015/2016,male,3825872,2016-04-02,Atlético Madrid,Real Betis,True,True,False,3605,
11,27,La Liga,2015/2016,male,3825870,2016-05-01,Athletic Club,Celta Vigo,True,True,False,3044,
11,27,La Liga,2015/2016,male,3825868,2016-04-25,Celta Vigo,Granada,True,True,False,3346,
11,27,La Liga,2015/2016,male,3825866,2016-05-08,Las Palmas,Athletic Club,True,True,False,3913,
11,27,La Liga,2015/2016,male,3825865,2016-05-08,Getafe,Sporting Gijón,True,True,False,2904,
11,27,La Liga,2015/2016,male,3825864,2016-04-30,Real Sociedad,Real Madrid,True,True,False,3499,
11,27,La Liga,2015/2016,male,3825862,2016-04-19,Espanyol,Celta Vigo,True,True,False,4090,
11,27,La Liga,2015/2016,male,3825861,2016-05-08,Real Sociedad,Rayo Vallecano,True,True,False,3296,
11,27,La Liga,2015/2016,male,3825859,2016-04-30,Granada,Las Palmas,True,True,False,3521,
11,27,La Liga,2015/2016,male,3825856,2016-04-09,Real Madrid,Eibar,True,True,False,3411,
11,27,La Liga,2015/2016,male,3825854,2016-04-29,Sporting Gijón,Eibar,True,True,False,3228,
11,27,La Liga,2015/2016,male,3825853,2016-05-08,Sevilla,Granada,True,True,False,3101,
11,27,La Liga,2015/2016,male,3825851,2016-05-08,Villarreal,RC Deportivo La Coruña,True,True,False,3352,
11,27,La Liga,2015/2016,male,3825850,2016-05-08,Celta Vigo,Málaga,True,True,False,3527,
11,27,La Liga,2015/2016,male,3825845,2016-05-01,Espanyol,Sevilla,True,True,False,3157,
11,27,La Liga,2015/2016,male,3825844,2016-03-13,Athletic Club,Real Betis,True,True,False,3952,
11,27,La Liga,2015/2016,male,3825806,2016-03-05,Real Madrid,Celta Vigo,True,True,False,3895,
11,27,La Liga,2015/2016,male,3825802,2016-03-03,Espanyol,Real Betis,True,True,False,3182,
11,27,La Liga,2015/2016,male,3825679,2015-12-05,Real Betis,Celta Vigo,True,True,False,3078,
11,27,La Liga,2015/2016,male,3825655,2015-11-07,Rayo Vallecano,Granada,True,True,False,2894,
11,27,La Liga,2015/2016,male,3825654,2015-11-07,Celta Vigo,Valencia,True,True,False,3025,
11,27,La Liga,2015/2016,male,3825653,2015-11-07,Eibar,Getafe,True,True,False,3179,
11,27,La Liga,2015/2016,male,3825651,2015-11-01,Espanyol,Granada,True,True,False,2755,
11,27,La Liga,2015/2016,male,3825650,2015-11-01,Real Betis,Athletic Club,True,True,False,3448,
11,27,La Liga,2015/2016,male,3825649,2015-11-01,Sporting Gijón,Málaga,True,True,False,3235,
11,27,La Liga,2015/2016,male,3825648,2015-11-01,Eibar,Rayo Vallecano,True,True,False,3233,
11,27,La Liga,2015/2016,male,3825765,2016-02-07,Celta Vigo,Sevilla,True,True,False,3451,
11,27,La Liga,2015/2016,male,3825766,2016-02-07,Real Betis,Valencia,True,True,False,2885,
11,27,La Liga,2015/2016,male,3825764,2016-02-07,Granada,Real Madrid,True,True,False,3802,
11,27,La Liga,2015/2016,male,3825760,2016-02-06,Atlético Madrid,Eibar,True,True,False,3079,
11,27,La Liga,2015/2016,male,3825763,2016-02-06,Rayo Vallecano,Las Palmas,True,True,False,3440,
11,27,La Liga,2015/2016,male,3825761,2016-02-06,Athletic Club,Villarreal,True,True,False,3466,
11,27,La Liga,2015/2016,male,3825762,2016-02-06,Sporting Gijón,RC Deportivo La Coruña,True,True,False,3119,
11,27,La Liga,2015/2016,male,3825759,2016-02-05,Málaga,Getafe,True,True,False,3587,
11,27,La Liga,2015/2016,male,3825758,2016-02-01,RC Deportivo La Coruña,Rayo Vallecano,True,True,False,3115,
11,27,La Liga,2015/2016,male,3825756,2016-01-31,Sevilla,Levante UD,True,True,False,3364,
11,27,La Liga,2015/2016,male,3825755,2016-01-31,Valencia,Sporting Gijón,True,True,False,3294,
11,27,La Liga,2015/2016,male,3825754,2016-01-31,Las Palmas,Celta Vigo,True,True,False,3353,
11,27,La Liga,2015/2016,male,3825750,2016-01-30,Real Sociedad,Real Betis,True,True,False,3673,
11,27,La Liga,2015/2016,male,3825752,2016-01-30,Eibar,Málaga,True,True,False,3031,
11,27,La Liga,2015/2016,male,3825751,2016-01-30,Getafe,Athletic Club,True,True,False,3292,
11,27,La Liga,2015/2016,male,3825753,2016-01-30,Villarreal,Granada,True,True,False,3429,
11,27,La Liga,2015/2016,male,3825749,2016-01-25,Levante UD,Las Palmas,True,True,False,3478,
11,27,La Liga,2015/2016,male,3825747,2016-01-24,Athletic Club,Eibar,True,True,False,3199,
11,27,La Liga,2015/2016,male,3825748,2016-01-24,Atlético Madrid,Sevilla,True,True,False,3106,
11,27,La Liga,2015/2016,male,3825745,2016-01-24,RC Deportivo La Coruña,Valencia,True,True,False,3396,
11,27,La Liga,2015/2016,male,3825746,2016-01-24,Real Betis,Real Madrid,True,True,False,3834,
11,27,La Liga,2015/2016,male,3825743,2016-01-23,Rayo Vallecano,Celta Vigo,True,True,False,2754,
11,27,La Liga,2015/2016,male,3825744,2016-01-23,Espanyol,Villarreal,True,True,False,3403,
11,27,La Liga,2015/2016,male,3825742,2016-01-23,Granada,Getafe,True,True,False,3355,
11,27,La Liga,2015/2016,male,3825741,2016-01-22,Sporting Gijón,Real Sociedad,True,True,False,3147,
11,27,La Liga,2015/2016,male,3825739,2016-01-17,Real Madrid,Sporting Gijón,True,True,False,3947,
11,27,La Liga,2015/2016,male,3825738,2016-01-17,Las Palmas,Atlético Madrid,True,True,False,4156,
11,27,La Liga,2015/2016,male,3825737,2016-01-17,Getafe,Espanyol,True,True,False,3417,
11,27,La Liga,2015/2016,male,3825734,2016-01-16,Real Sociedad,RC Deportivo La Coruña,True,True,False,3794,
11,27,La Liga,2015/2016,male,3825733,2016-01-16,Sevilla,Málaga,True,True,False,3133,
11,27,La Liga,2015/2016,male,3825732,2016-01-16,Celta Vigo,Levante UD,True,True,False,3539,
11,27,La Liga,2015/2016,male,3825735,2016-01-16,Villarreal,Real Betis,True,True,False,3934,
11,27,La Liga,2015/2016,male,3825729,2016-01-10,Villarreal,Sporting Gijón,True,True,False,3686,
11,27,La Liga,2015/2016,male,3825728,2016-01-10,Celta Vigo,Atlético Madrid,True,True,False,3860,
11,27,La Liga,2015/2016,male,3825730,2016-01-10,Real Sociedad,Valencia,True,True,False,3581,
11,27,La Liga,2015/2016,male,3825727,2016-01-10,Eibar,Espanyol,True,True,False,3195,
11,27,La Liga,2015/2016,male,3825723,2016-01-09,Levante UD,Rayo Vallecano,True,True,False,3076,
11,27,La Liga,2015/2016,male,3825726,2016-01-09,Sevilla,Athletic Club,True,True,False,3465,
11,27,La Liga,2015/2016,male,3825725,2016-01-09,Getafe,Real Betis,True,True,False,3131,
11,27,La Liga,2015/2016,male,3825724,2016-01-09,Real Madrid,RC Deportivo La Coruña,True,True,False,3851,
11,27,La Liga,2015/2016,male,3825722,2016-01-04,Sporting Gijón,Getafe,True,True,False,3039,
11,27,La Liga,2015/2016,male,3825716,2016-01-03,Rayo Vallecano,Real Sociedad,True,True,False,2681,
11,27,La Liga,2015/2016,male,3825719,2016-01-03,Athletic Club,Las Palmas,True,True,False,3717,
11,27,La Liga,2015/2016,male,3825720,2016-01-03,Real Betis,Eibar,True,True,False,3354,
11,27,La Liga,2015/2016,male,3825717,2016-01-03,Granada,Sevilla,True,True,False,2706,
11,27,La Liga,2015/2016,male,3825721,2016-01-03,RC Deportivo La Coruña,Villarreal,True,True,False,3376,
11,27,La Liga,2015/2016,male,3825718,2016-01-03,Valencia,Real Madrid,True,True,False,3680,
11,27,La Liga,2015/2016,male,3825715,2016-01-02,Málaga,Celta Vigo,True,True,False,3155,
11,27,La Liga,2015/2016,male,3825714,2016-01-02,Atlético Madrid,Levante UD,True,True,False,3495,
11,27,La Liga,2015/2016,male,3825713,2015-12-31,Villarreal,Valencia,True,True,False,3208,
11,27,La Liga,2015/2016,male,3825710,2015-12-30,Real Madrid,Real Sociedad,True,True,False,3767,
11,27,La Liga,2015/2016,male,3825709,2015-12-30,Sevilla,Espanyol,True,True,False,3698,
11,27,La Liga,2015/2016,male,3825646,2015-10-31,Villarreal,Sevilla,True,True,False,3034,
11,27,La Liga,2015/2016,male,3825645,2015-10-31,Getafe,Barcelona,True,True,False,3795,
11,27,La Liga,2015/2016,male,3825644,2015-10-31,Real Sociedad,Celta Vigo,True,True,False,3277,
11,27,La Liga,2015/2016,male,3825640,2015-10-25,Levante UD,Real Sociedad,True,True,False,2957,
11,27,La Liga,2015/2016,male,3825639,2015-10-25,Las Palmas,Villarreal,True,True,False,3644,
11,27,La Liga,2015/2016,male,3825636,2015-10-24,Málaga,RC Deportivo La Coruña,True,True,False,3391,
11,27,La Liga,2015/2016,male,3825635,2015-10-24,Celta Vigo,Real Madrid,True,True,False,3803,
11,27,La Liga,2015/2016,male,3825634,2015-10-24,Granada,Real Betis,True,True,False,3411,
11,27,La Liga,2015/2016,male,3825633,2015-10-23,Rayo Vallecano,Espanyol,True,True,False,3135,
11,27,La Liga,2015/2016,male,3825632,2015-10-19,Sporting Gijón,Granada,True,True,False,3063,
11,27,La Liga,2015/2016,male,3825631,2015-10-18,Real Sociedad,Atlético Madrid,True,True,False,3594,
11,27,La Liga,2015/2016,male,3825630,2015-10-18,RC Deportivo La Coruña,Athletic Club,True,True,False,3331,
11,27,La Liga,2015/2016,male,3825629,2015-10-18,Villarreal,Celta Vigo,True,True,False,3521,
11,27,La Liga,2015/2016,male,3825627,2015-10-17,Barcelona,Rayo Vallecano,True,True,False,3759,
11,27,La Liga,2015/2016,male,3825625,2015-10-17,Real Madrid,Levante UD,True,True,False,3610,
11,27,La Liga,2015/2016,male,3825624,2015-10-17,Eibar,Sevilla,True,True,False,3069,
11,27,La Liga,2015/2016,male,3825622,2015-10-04,Athletic Club,Valencia,True,True,False,3395,
11,27,La Liga,2015/2016,male,3825621,2015-10-04,Atlético Madrid,Real Madrid,True,True,False,3949,
11,27,La Liga,2015/2016,male,3825620,2015-10-04,Rayo Vallecano,Real Betis,True,True,False,3379,
11,27,La Liga,2015/2016,male,3825617,2015-10-03,Sevilla,Barcelona,True,True,False,3212,
11,27,La Liga,2015/2016,male,3825615,2015-10-03,Espanyol,Sporting Gijón,True,True,False,3800,
11,27,La Liga,2015/2016,male,3825613,2015-10-02,Celta Vigo,Getafe,True,True,False,3266,
11,27,La Liga,2015/2016,male,3825610,2015-09-27,Sporting Gijón,Real Betis,True,True,False,3549,
11,27,La Liga,2015/2016,male,3825606,2015-09-26,Real Madrid,Málaga,True,True,False,3517,
11,27,La Liga,2015/2016,male,3825605,2015-09-26,Sevilla,Rayo Vallecano,True,True,False,3220,
11,27,La Liga,2015/2016,male,3825604,2015-09-25,Valencia,Granada,True,True,False,3048,
11,27,La Liga,2015/2016,male,3825603,2015-09-24,Real Betis,RC Deportivo La Coruña,True,True,False,3334,
11,27,La Liga,2015/2016,male,3825602,2015-09-23,Athletic Club,Real Madrid,True,True,False,3677,
11,27,La Liga,2015/2016,male,3825600,2015-09-23,Málaga,Villarreal,True,True,False,3301,
11,27,La Liga,2015/2016,male,3825599,2015-09-22,Espanyol,Valencia,True,True,False,3116,
11,27,La Liga,2015/2016,male,3825597,2015-09-20,Las Palmas,Rayo Vallecano,True,True,False,3127,
11,27,La Liga,2015/2016,male,3825596,2015-09-20,RC Deportivo La Coruña,Sporting Gijón,True,True,False,3342,
11,27,La Liga,2015/2016,male,3825594,2015-09-20,Sevilla,Celta Vigo,True,True,False,3350,
11,27,La Liga,2015/2016,male,3825593,2015-09-19,Eibar,Atlético Madrid,True,True,False,4205,
11,27,La Liga,2015/2016,male,3825592,2015-09-19,Real Sociedad,Espanyol,True,True,False,3171,
11,27,La Liga,2015/2016,male,3825591,2015-09-19,Valencia,Real Betis,True,True,False,3299,
11,27,La Liga,2015/2016,male,3825590,2015-09-19,Real Madrid,Granada,True,True,False,3660,
11,27,La Liga,2015/2016,male,3825589,2015-09-18,Getafe,Málaga,True,True,False,3238,
11,27,La Liga,2015/2016,male,3825588,2015-09-14,Rayo Vallecano,RC Deportivo La Coruña,True,True,False,3450,
11,27,La Liga,2015/2016,male,3825587,2015-09-13,Athletic Club,Getafe,True,True,False,3360,
11,27,La Liga,2015/2016,male,3825586,2015-09-13,Málaga,Eibar,True,True,False,3144,
11,27,La Liga,2015/2016,male,3825585,2015-09-13,Celta Vigo,Las Palmas,True,True,False,3734,
11,27,La Liga,2015/2016,male,3825583,2015-09-12,Sporting Gijón,Valencia,True,True,False,3823,
11,27,La Liga,2015/2016,male,3825582,2015-09-12,Real Betis,Real Sociedad,True,True,False,3137,
11,27,La Liga,2015/2016,male,3825581,2015-09-12,Espanyol,Real Madrid,True,True,False,3600,
11,27,La Liga,2015/2016,male,3825580,2015-09-11,Levante UD,Sevilla,True,True,False,3119,
11,27,La Liga,2015/2016,male,3825578,2015-08-30,Eibar,Athletic Club,True,True,False,3335,
11,27,La Liga,2015/2016,male,3825577,2015-08-30,Getafe,Granada,True,True,False,2757,
11,27,La Liga,2015/2016,male,3825576,2015-08-30,Valencia,RC Deportivo La Coruña,True,True,False,3178,
11,27,La Liga,2015/2016,male,3825575,2015-08-30,Las Palmas,Levante UD,True,True,False,3347,
11,27,La Liga,2015/2016,male,3825574,2015-08-29,Celta Vigo,Rayo Vallecano,True,True,False,3901,
11,27,La Liga,2015/2016,male,3825573,2015-08-29,Real Sociedad,Sporting Gijón,True,True,False,3436,
11,27,La Liga,2015/2016,male,3825571,2015-08-28,Villarreal,Espanyol,True,True,False,3307,
11,27,La Liga,2015/2016,male,3825569,2015-08-23,Levante UD,Celta Vigo,True,True,False,3558,
11,27,La Liga,2015/2016,male,3825568,2015-08-23,Real Betis,Villarreal,True,True,False,2671,
11,27,La Liga,2015/2016,male,3825567,2015-08-23,Sporting Gijón,Real Madrid,True,True,False,3767,
11,27,La Liga,2015/2016,male,3825566,2015-08-22,Rayo Vallecano,Valencia,True,True,False,3289,
11,27,La Liga,2015/2016,male,3825565,2015-08-22,Espanyol,Getafe,True,True,False,3296,
11,27,La Liga,2015/2016,male,3825564,2015-08-22,RC Deportivo La Coruña,Real Sociedad,True,True,False,3279,
11,27,La Liga,2015/2016,male,3825563,2015-08-22,Atlético Madrid,Las Palmas,True,True,False,3827,
11,27,La Liga,2015/2016,male,266498,2016-03-12,Barcelona,Getafe,True,True,False,3755,
11,27,La Liga,2015/2016,male,266986,2016-04-30,Real Betis,Barcelona,True,True,False,3779,
11,27,La Liga,2015/2016,male,267533,2016-04-02,Barcelona,Real Madrid,True,True,False,3700,
11,27,La Liga,2015/2016,male,266310,2016-04-20,RC Deportivo La Coruña,Barcelona,True,True,False,3922,
11,27,La Liga,2015/2016,male,267576,2016-01-30,Barcelona,Atlético Madrid,True,True,False,3784,
11,27,La Liga,2015/2016,male,266653,2016-03-03,Rayo Vallecano,Barcelona,True,True,False,3221,
11,27,La Liga,2015/2016,male,265944,2016-04-23,Barcelona,Sporting Gijón,True,True,False,3610,
11,27,La Liga,2015/2016,male,265894,2016-01-23,Málaga,Barcelona,True,True,False,3270,
11,27,La Liga,2015/2016,male,265958,2016-05-08,Barcelona,Espanyol,True,True,False,3359,
11,27,La Liga,2015/2016,male,267611,2015-09-26,Barcelona,Las Palmas,True,True,False,3580,
11,27,La Liga,2015/2016,male,267422,2015-08-29,Barcelona,Málaga,True,True,False,3361,
11,27,La Liga,2015/2016,male,266236,2015-08-23,Athletic Club,Barcelona,True,True,False,3775,
11,27,La Liga,2015/2016,male,267274,2015-12-05,Valencia,Barcelona,True,True,False,3965,
11,27,La Liga,2015/2016,male,266961,2015-12-12,Barcelona,RC Deportivo La Coruña,True,True,False,3915,
11,27,La Liga,2015/2016,male,266885,2015-11-28,Barcelona,Real Sociedad,True,True,False,3676,
11,27,La Liga,2015/2016,male,266815,2016-02-17,Sporting Gijón,Barcelona,True,True,False,3771,
11,27,La Liga,2015/2016,male,267506,2016-05-14,Granada,Barcelona,True,True,False,3287,
11,27,La Liga,2015/2016,male,266664,2016-04-09,Real Sociedad,Barcelona,True,True,False,3618,
11,27,La Liga,2015/2016,male,266106,2016-03-20,Villarreal,Barcelona,True,True,False,3620,
11,27,La Liga,2015/2016,male,266670,2016-01-02,Espanyol,Barcelona,True,True,False,3467,
11,27,La Liga,2015/2016,male,266149,2016-01-17,Barcelona,Athletic Club,True,True,False,3529,
11,27,La Liga,2015/2016,male,266620,2016-01-09,Barcelona,Granada,True,True,False,3948,
11,27,La Liga,2015/2016,male,266056,2016-03-06,Eibar,Barcelona,True,True,False,3923,
11,27,La Liga,2015/2016,male,267327,2015-12-30,Barcelona,Real Betis,True,True,False,3497,
11,27,La Liga,2015/2016,male,266166,2015-09-12,Atlético Madrid,Barcelona,True,True,False,3967,
11,27,La Liga,2015/2016,male,266160,2016-02-07,Levante UD,Barcelona,True,True,False,3513,
11,27,La Liga,2015/2016,male,265839,2016-02-28,Barcelona,Sevilla,True,True,False,3841,
11,27,La Liga,2015/2016,male,266424,2015-11-21,Real Madrid,Barcelona,True,True,False,3860,
11,27,La Liga,2015/2016,male,266467,2015-09-23,Celta Vigo,Barcelona,True,True,False,3419,
11,27,La Liga,2015/2016,male,267273,2016-02-20,Las Palmas,Barcelona,True,True,False,4091,
11,27,La Liga,2015/2016,male,266490,2015-09-20,Barcelona,Levante UD,True,True,False,3760,
11,27,La Liga,2015/2016,male,266254,2016-02-14,Barcelona,Celta Vigo,True,True,False,3541,
11,27,La Liga,2015/2016,male,266557,2016-04-17,Barcelona,Valencia,True,True,False,3630,
11,26,La Liga,2014/2015,male,267183,2015-03-22,Barcelona,Real Madrid,True,True,False,3823,
11,26,La Liga,2014/2015,male,265835,2014-11-22,Barcelona,Sevilla,True,True,False,4166,
11,26,La Liga,2014/2015,male,266838,2014-09-24,Málaga,Barcelona,True,True,False,3337,
11,26,La Liga,2014/2015,male,265963,2015-04-28,Barcelona,Getafe,True,True,False,3911,
11,26,La Liga,2014/2015,male,266117,2014-09-27,Barcelona,Granada,True,True,False,3828,
11,26,La Liga,2014/2015,male,266916,2015-03-08,Barcelona,Rayo Vallecano,True,True,False,3501,
11,26,La Liga,2014/2015,male,267197,2015-05-23,Barcelona,RC Deportivo La Coruña,True,True,False,4241,
11,26,La Liga,2014/2015,male,70264,2014-12-13,Getafe,Barcelona,True,True,False,3916,
11,26,La Liga,2014/2015,male,70273,2014-09-13,Barcelona,Athletic Club,True,True,False,4096,
11,26,La Liga,2014/2015,male,267301,2014-11-01,Barcelona,Celta Vigo,True,True,False,3588,
11,26,La Liga,2014/2015,male,265896,2014-10-18,Barcelona,Eibar,True,True,False,3824,
11,26,La Liga,2014/2015,male,265866,2015-05-02,Córdoba CF,Barcelona,True,True,False,3814,
11,26,La Liga,2014/2015,male,267400,2015-04-08,Barcelona,Almería,True,True,False,3429,
11,26,La Liga,2014/2015,male,266406,2014-08-31,Villarreal,Barcelona,True,True,False,3785,
11,26,La Liga,2014/2015,male,267085,2014-10-25,Real Madrid,Barcelona,True,True,False,3839,
11,26,La Liga,2014/2015,male,267561,2014-10-04,Rayo Vallecano,Barcelona,True,True,False,3287,
11,26,La Liga,2014/2015,male,266148,2015-02-21,Barcelona,Málaga,True,True,False,3769,
11,26,La Liga,2014/2015,male,266045,2015-05-09,Barcelona,Real Sociedad,True,True,False,3561,
11,26,La Liga,2014/2015,male,70303,2015-01-11,Barcelona,Atlético Madrid,True,True,False,3447,
11,26,La Liga,2014/2015,male,266240,2015-01-04,Real Sociedad,Barcelona,True,True,False,3621,
11,26,La Liga,2014/2015,male,267597,2015-02-01,Barcelona,Villarreal,True,True,False,3843,
11,26,La Liga,2014/2015,male,266794,2015-01-24,Elche,Barcelona,True,True,False,3618,
11,26,La Liga,2014/2015,male,267343,2015-02-28,Granada,Barcelona,True,True,False,2916,
11,26,La Liga,2014/2015,male,266631,2015-05-17,Atlético Madrid,Barcelona,True,True,False,3670,
11,26,La Liga,2014/2015,male,266320,2014-12-07,Barcelona,Espanyol,True,True,False,4208,
11,26,La Liga,2014/2015,male,266230,2015-01-18,RC Deportivo La Coruña,Barcelona,True,True,False,3901,
11,26,La Liga,2014/2015,male,266525,2015-04-18,Barcelona,Valencia,True,True,False,3961,
11,26,La Liga,2014/2015,male,266560,2014-11-30,Valencia,Barcelona,True,True,False,3868,
11,26,La Liga,2014/2015,male,266846,2014-12-20,Barcelona,Córdoba CF,True,True,False,4062,
11,26,La Liga,2014/2015,male,266531,2015-04-25,Espanyol,Barcelona,True,True,False,3797,
11,26,La Liga,2014/2015,male,266921,2014-08-24,Barcelona,Elche,True,True,False,4212,
11,26,La Liga,2014/2015,male,267499,2014-11-08,Almería,Barcelona,True,True,False,3293,
11,26,La Liga,2014/2015,male,266741,2015-02-15,Barcelona,Levante UD,True,True,False,3505,
11,26,La Liga,2014/2015,male,266871,2015-02-08,Athletic Club,Barcelona,True,True,False,3844,
11,26,La Liga,2014/2015,male,266967,2015-03-14,Eibar,Barcelona,True,True,False,4024,
11,26,La Liga,2014/2015,male,266929,2015-04-05,Celta Vigo,Barcelona,True,True,False,3729,
11,26,La Liga,2014/2015,male,266770,2014-09-21,Levante UD,Barcelona,True,True,False,3849,
11,26,La Liga,2014/2015,male,266142,2015-04-11,Sevilla,Barcelona,True,True,False,3874,
11,25,La Liga,2013/2014,male,267368,2014-04-05,Barcelona,Real Betis,True,True,False,3834,
11,25,La Liga,2013/2014,male,70301,2013-09-14,Barcelona,Sevilla,True,True,False,3937,
11,25,La Liga,2013/2014,male,70298,2013-09-01,Valencia,Barcelona,True,True,False,3938,
11,25,La Liga,2013/2014,male,70302,2013-09-21,Rayo Vallecano,Barcelona,True,True,False,3396,
11,25,La Liga,2013/2014,male,70291,2014-01-26,Barcelona,Málaga,True,True,False,3761,
11,25,La Liga,2013/2014,male,267138,2014-04-12,Granada,Barcelona,True,True,False,3452,
11,25,La Liga,2013/2014,male,267520,2013-09-24,Barcelona,Real Sociedad,True,True,False,4222,
11,25,La Liga,2013/2014,male,70289,2014-04-27,Villarreal,Barcelona,True,True,False,3818,
11,25,La Liga,2013/2014,male,266066,2014-03-02,Barcelona,Almería,True,True,False,3848,
11,25,La Liga,2013/2014,male,267675,2014-02-09,Sevilla,Barcelona,True,True,False,3970,
11,25,La Liga,2013/2014,male,70288,2014-01-19,Levante UD,Barcelona,True,True,False,3501,
11,25,La Liga,2013/2014,male,266074,2014-03-16,Barcelona,Osasuna,True,True,False,3808,
11,25,La Liga,2013/2014,male,267567,2014-04-20,Barcelona,Athletic Club,True,True,False,3551,
11,25,La Liga,2013/2014,male,266201,2014-05-11,Elche,Barcelona,True,True,False,3330,
11,25,La Liga,2013/2014,male,266274,2014-03-26,Barcelona,Celta Vigo,True,True,False,4145,
11,25,La Liga,2013/2014,male,70293,2013-10-26,Barcelona,Real Madrid,True,True,False,3693,
11,25,La Liga,2013/2014,male,265918,2014-02-15,Barcelona,Rayo Vallecano,True,True,False,3930,
11,25,La Liga,2013/2014,male,70277,2013-08-18,Barcelona,Levante UD,True,True,False,3587,
11,25,La Liga,2013/2014,male,70283,2013-11-01,Barcelona,Espanyol,True,True,False,3827,
11,25,La Liga,2013/2014,male,70306,2014-03-29,Espanyol,Barcelona,True,True,False,3862,
11,25,La Liga,2013/2014,male,266256,2014-05-17,Barcelona,Atlético Madrid,True,True,False,3448,
11,25,La Liga,2013/2014,male,266613,2014-02-01,Barcelona,Valencia,True,True,False,4029,
11,25,La Liga,2013/2014,male,266491,2014-05-03,Barcelona,Getafe,True,True,False,3978,
11,25,La Liga,2013/2014,male,265830,2014-01-11,Atlético Madrid,Barcelona,True,True,False,3989,
11,25,La Liga,2013/2014,male,265857,2014-03-23,Real Madrid,Barcelona,True,True,False,3905,
11,25,La Liga,2013/2014,male,266883,2013-11-10,Real Betis,Barcelona,True,True,False,3754,
11,25,La Liga,2013/2014,male,266603,2014-03-08,Real Valladolid,Barcelona,True,True,False,3789,
11,25,La Liga,2013/2014,male,265837,2014-02-22,Real Sociedad,Barcelona,True,True,False,3474,
11,25,La Liga,2013/2014,male,266462,2013-10-19,Osasuna,Barcelona,True,True,False,4038,
11,25,La Liga,2013/2014,male,267192,2013-10-29,Celta Vigo,Barcelona,True,True,False,4030,
11,25,La Liga,2013/2014,male,266420,2013-09-28,Almería,Barcelona,True,True,False,4172,
11,24,La Liga,2012/2013,male,266015,2012-12-22,Real Valladolid,Barcelona,True,True,False,4312,
11,24,La Liga,2012/2013,male,70270,2012-09-22,Barcelona,Granada,True,True,False,3994,
11,24,La Liga,2012/2013,male,70281,2013-05-05,Barcelona,Real Betis,True,True,False,4042,
11,24,La Liga,2012/2013,male,70308,2012-11-03,Barcelona,Celta Vigo,True,True,False,4555,
11,24,La Liga,2012/2013,male,70282,2013-02-03,Valencia,Barcelona,True,True,False,4255,
11,24,La Liga,2012/2013,male,266724,2012-11-11,Mallorca,Barcelona,True,True,False,4385,
11,24,La Liga,2012/2013,male,70272,2013-03-02,Real Madrid,Barcelona,True,True,False,3867,
11,24,La Liga,2012/2013,male,70304,2012-10-20,RC Deportivo La Coruña,Barcelona,True,True,False,4197,
11,24,La Liga,2012/2013,male,70280,2012-11-25,Levante UD,Barcelona,True,True,False,4490,
11,24,La Liga,2012/2013,male,70296,2012-12-16,Barcelona,Atlético Madrid,True,True,False,4181,
11,24,La Liga,2012/2013,male,70297,2013-02-10,Barcelona,Getafe,True,True,False,4282,
11,24,La Liga,2012/2013,male,266433,2013-01-06,Barcelona,Espanyol,True,True,False,4170,
11,24,La Liga,2012/2013,male,70256,2013-03-30,Celta Vigo,Barcelona,True,True,False,3517,
11,24,La Liga,2012/2013,male,70259,2012-08-19,Barcelona,Real Sociedad,True,True,False,3847,
11,24,La Liga,2012/2013,male,70260,2013-01-27,Barcelona,Osasuna,True,True,False,3813,
11,24,La Liga,2012/2013,male,70263,2012-12-01,Barcelona,Athletic Club,True,True,False,4437,
11,24,La Liga,2012/2013,male,70276,2012-10-27,Rayo Vallecano,Barcelona,True,True,False,3661,
11,24,La Liga,2012/2013,male,70287,2013-01-19,Real Sociedad,Barcelona,True,True,False,3738,
11,24,La Liga,2012/2013,male,70284,2013-05-12,Atlético Madrid,Barcelona,True,True,False,4102,
11,24,La Liga,2012/2013,male,70275,2012-09-29,Sevilla,Barcelona,True,True,False,3760,
11,24,La Liga,2012/2013,male,70286,2012-09-02,Barcelona,Valencia,True,True,False,4102,
11,24,La Liga,2012/2013,male,70309,2012-11-17,Barcelona,Real Zaragoza,True,True,False,4406,
11,24,La Liga,2012/2013,male,70300,2012-10-07,Barcelona,Real Madrid,True,True,False,3675,
11,24,La Liga,2012/2013,male,70295,2012-12-09,Real Betis,Barcelona,True,True,False,3811,
11,24,La Liga,2012/2013,male,70307,2013-03-17,Barcelona,Rayo Vallecano,True,True,False,4050,
11,24,La Liga,2012/2013,male,70305,2013-03-09,Barcelona,RC Deportivo La Coruña,True,True,False,4740,
11,24,La Liga,2012/2013,male,266827,2013-01-13,Málaga,Barcelona,True,True,False,4542,
11,24,La Liga,2012/2013,male,267502,2013-04-27,Athletic Club,Barcelona,True,True,False,4125,
11,24,La Liga,2012/2013,male,70271,2013-02-23,Barcelona,Sevilla,True,True,False,4387,
11,24,La Liga,2012/2013,male,70294,2013-02-16,Granada,Barcelona,True,True,False,4039,
11,24,La Liga,2012/2013,male,70262,2012-08-26,Osasuna,Barcelona,True,True,False,3348,
11,24,La Liga,2012/2013,male,70292,2012-09-15,Getafe,Barcelona,True,True,False,3627,
11,23,La Liga,2011/2012,male,69328,2012-02-19,Barcelona,Valencia,True,True,False,3920,
11,23,La Liga,2011/2012,male,69329,2011-10-22,Barcelona,Sevilla,True,True,False,4134,
11,23,La Liga,2011/2012,male,70219,2012-04-07,Real Zaragoza,Barcelona,True,True,False,3370,
11,23,La Liga,2011/2012,male,69331,2011-11-19,Barcelona,Real Zaragoza,True,True,False,3588,
11,23,La Liga,2011/2012,male,69337,2012-02-26,Atlético Madrid,Barcelona,True,True,False,3990,
11,23,La Liga,2011/2012,male,69322,2012-03-11,Racing Santander,Barcelona,True,True,False,4059,
11,23,La Liga,2011/2012,male,69316,2012-02-04,Barcelona,Real Sociedad,True,True,False,4301,
11,23,La Liga,2011/2012,male,69332,2011-11-29,Barcelona,Rayo Vallecano,True,True,False,3591,
11,23,La Liga,2011/2012,male,69335,2012-01-22,Málaga,Barcelona,True,True,False,4585,
11,23,La Liga,2011/2012,male,69330,2011-11-06,Athletic Club,Barcelona,True,True,False,3627,
11,23,La Liga,2011/2012,male,69297,2011-09-24,Barcelona,Atlético Madrid,True,True,False,4571,
11,23,La Liga,2011/2012,male,69325,2012-03-24,Mallorca,Barcelona,True,True,False,3712,
11,23,La Liga,2011/2012,male,69324,2012-04-21,Barcelona,Real Madrid,True,True,False,3616,
11,23,La Liga,2011/2012,male,70225,2012-03-20,Barcelona,Granada,True,True,False,3776,
11,23,La Liga,2011/2012,male,69293,2011-10-15,Barcelona,Racing Santander,True,True,False,4413,
11,23,La Liga,2011/2012,male,70223,2011-09-21,Valencia,Barcelona,True,True,False,3871,
11,23,La Liga,2011/2012,male,69333,2011-12-03,Barcelona,Levante UD,True,True,False,3800,
11,23,La Liga,2011/2012,male,69264,2011-09-10,Real Sociedad,Barcelona,True,True,False,4196,
11,23,La Liga,2011/2012,male,69343,2012-04-10,Barcelona,Getafe,True,True,False,3751,
11,23,La Liga,2011/2012,male,69340,2012-05-02,Barcelona,Málaga,True,True,False,4087,
11,23,La Liga,2011/2012,male,69265,2011-10-02,Sporting Gijón,Barcelona,True,True,False,4265,
11,23,La Liga,2011/2012,male,69319,2012-05-12,Real Betis,Barcelona,True,True,False,3923,
11,23,La Liga,2011/2012,male,69334,2011-12-10,Real Madrid,Barcelona,True,True,False,4049,
11,23,La Liga,2011/2012,male,69327,2012-01-15,Barcelona,Real Betis,True,True,False,4118,
11,23,La Liga,2011/2012,male,69315,2011-11-26,Getafe,Barcelona,True,True,False,3868,
11,23,La Liga,2011/2012,male,69336,2012-02-11,Osasuna,Barcelona,True,True,False,3509,
11,23,La Liga,2011/2012,male,69326,2012-03-17,Sevilla,Barcelona,True,True,False,4026,
11,23,La Liga,2011/2012,male,69268,2011-08-29,Barcelona,Villarreal,True,True,False,4037,
11,23,La Liga,2011/2012,male,69320,2012-05-05,Barcelona,Espanyol,True,True,False,3826,
11,23,La Liga,2011/2012,male,69312,2012-01-08,Espanyol,Barcelona,True,True,False,4142,
11,23,La Liga,2011/2012,male,69314,2011-10-29,Barcelona,Mallorca,True,True,False,3908,
11,23,La Liga,2011/2012,male,69318,2011-10-25,Granada,Barcelona,True,True,False,4025,
11,23,La Liga,2011/2012,male,69338,2012-01-28,Villarreal,Barcelona,True,True,False,3958,
11,23,La Liga,2011/2012,male,70220,2011-09-17,Barcelona,Osasuna,True,True,False,3789,
11,23,La Liga,2011/2012,male,70224,2012-04-29,Rayo Vallecano,Barcelona,True,True,False,3512,
11,23,La Liga,2011/2012,male,70221,2012-04-14,Levante UD,Barcelona,True,True,False,3910,
11,23,La Liga,2011/2012,male,69323,2012-03-31,Barcelona,Athletic Club,True,True,False,4170,
11,22,La Liga,2010/2011,male,69276,2011-02-05,Barcelona,Atlético Madrid,True,True,False,4251,
11,22,La Liga,2010/2011,male,69304,2011-04-02,Villarreal,Barcelona,True,True,False,4149,
11,22,La Liga,2010/2011,male,69307,2010-12-04,Osasuna,Barcelona,True,True,False,3861,
11,22,La Liga,2010/2011,male,69271,2011-04-23,Barcelona,Osasuna,True,True,False,3601,
11,22,La Liga,2010/2011,male,69305,2011-04-09,Barcelona,Almería,True,True,False,3745,
11,22,La Liga,2010/2011,male,69278,2011-01-16,Barcelona,Málaga,True,True,False,4293,
11,22,La Liga,2010/2011,male,69275,2010-12-18,Espanyol,Barcelona,True,True,False,3712,
11,22,La Liga,2010/2011,male,69295,2011-01-22,Barcelona,Racing Santander,True,True,False,4599,
11,22,La Liga,2010/2011,male,69270,2010-11-07,Getafe,Barcelona,True,True,False,3881,
11,22,La Liga,2010/2011,male,69303,2011-03-19,Barcelona,Getafe,True,True,False,3927,
11,22,La Liga,2010/2011,male,69245,2011-04-16,Real Madrid,Barcelona,True,True,False,3794,
11,22,La Liga,2010/2011,male,69287,2010-09-11,Barcelona,Hércules,True,True,False,3741,
11,22,La Liga,2010/2011,male,69296,2011-01-29,Hércules,Barcelona,True,True,False,4567,
11,22,La Liga,2010/2011,male,69260,2010-10-16,Barcelona,Valencia,True,True,False,3669,
11,22,La Liga,2010/2011,male,69269,2010-09-19,Atlético Madrid,Barcelona,True,True,False,3469,
11,22,La Liga,2010/2011,male,69246,2011-04-30,Real Sociedad,Barcelona,True,True,False,3633,
11,22,La Liga,2010/2011,male,69302,2010-12-12,Barcelona,Real Sociedad,True,True,False,4439,
11,22,La Liga,2010/2011,male,69282,2011-02-20,Barcelona,Athletic Club,True,True,False,4230,
11,22,La Liga,2010/2011,male,69274,2011-03-02,Valencia,Barcelona,True,True,False,3930,
11,22,La Liga,2010/2011,male,69283,2011-02-26,Mallorca,Barcelona,True,True,False,4198,
11,22,La Liga,2010/2011,male,69280,2011-01-08,RC Deportivo La Coruña,Barcelona,True,True,False,4415,
11,22,La Liga,2010/2011,male,69286,2010-08-29,Racing Santander,Barcelona,True,True,False,3701,
11,22,La Liga,2010/2011,male,69291,2011-03-13,Sevilla,Barcelona,True,True,False,3973,
11,22,La Liga,2010/2011,male,69236,2010-10-03,Barcelona,Mallorca,True,True,False,3372,
11,22,La Liga,2010/2011,male,69234,2011-05-08,Barcelona,Espanyol,True,True,False,4153,
11,22,La Liga,2010/2011,male,69272,2011-05-11,Levante UD,Barcelona,True,True,False,4525,
11,22,La Liga,2010/2011,male,69308,2010-11-13,Barcelona,Villarreal,True,True,False,4072,
11,22,La Liga,2010/2011,male,69299,2010-11-29,Barcelona,Real Madrid,True,True,False,3975,
11,22,La Liga,2010/2011,male,69300,2011-03-05,Barcelona,Real Zaragoza,True,True,False,4202,
11,22,La Liga,2010/2011,male,69289,2010-10-30,Barcelona,Sevilla,True,True,False,3482,
11,22,La Liga,2010/2011,male,69263,2010-10-23,Real Zaragoza,Barcelona,True,True,False,3622,
11,22,La Liga,2010/2011,male,69306,2010-11-20,Almería,Barcelona,True,True,False,3970,
11,22,La Liga,2010/2011,male,69248,2011-02-12,Sporting Gijón,Barcelona,True,True,False,3748,
11,21,La Liga,2009/2010,male,69243,2010-01-16,Barcelona,Sevilla,True,True,False,3791,
11,21,La Liga,2009/2010,male,69241,2010-05-04,Barcelona,Tenerife,True,True,False,3903,
11,21,La Liga,2009/2010,male,69239,2010-05-08,Sevilla,Barcelona,True,True,False,3378,
11,21,La Liga,2009/2010,male,69257,2010-03-24,Barcelona,Osasuna,True,True,False,3556,
11,21,La Liga,2009/2010,male,69253,2009-10-25,Barcelona,Real Zaragoza,True,True,False,4246,
11,21,La Liga,2009/2010,male,69244,2010-05-01,Villarreal,Barcelona,True,True,False,3988,
11,21,La Liga,2009/2010,male,69277,2009-10-31,Osasuna,Barcelona,True,True,False,3484,
11,21,La Liga,2009/2010,male,69229,2009-09-12,Getafe,Barcelona,True,True,False,3551,
11,21,La Liga,2009/2010,male,69219,2010-01-10,Tenerife,Barcelona,True,True,False,3409,
11,21,La Liga,2009/2010,male,69218,2009-12-05,RC Deportivo La Coruña,Barcelona,True,True,False,3607,
11,21,La Liga,2009/2010,male,69250,2009-11-07,Barcelona,Mallorca,True,True,False,3123,
11,21,La Liga,2009/2010,male,69242,2010-05-16,Barcelona,Real Valladolid,True,True,False,3508,
11,21,La Liga,2009/2010,male,69256,2009-10-03,Barcelona,Almería,True,True,False,3895,
11,21,La Liga,2009/2010,male,69298,2010-03-27,Mallorca,Barcelona,True,True,False,3602,
11,21,La Liga,2009/2010,male,69259,2010-04-10,Real Madrid,Barcelona,True,True,False,3688,
11,21,La Liga,2009/2010,male,69224,2010-03-14,Barcelona,Valencia,True,True,False,3764,
11,21,La Liga,2009/2010,male,69210,2010-01-23,Real Valladolid,Barcelona,True,True,False,3736,
11,21,La Liga,2009/2010,male,69220,2010-01-30,Sporting Gijón,Barcelona,True,True,False,4005,
11,21,La Liga,2009/2010,male,69237,2010-02-14,Atlético Madrid,Barcelona,True,True,False,3695,
11,21,La Liga,2009/2010,male,69226,2010-03-06,Almería,Barcelona,True,True,False,3885,
11,21,La Liga,2009/2010,male,69252,2009-10-17,Valencia,Barcelona,True,True,False,3768,
11,21,La Liga,2009/2010,male,69255,2009-09-26,Málaga,Barcelona,True,True,False,3645,
11,21,La Liga,2009/2010,male,69214,2010-04-24,Barcelona,Xerez,True,True,False,3357,
11,21,La Liga,2009/2010,male,69262,2009-11-29,Barcelona,Real Madrid,True,True,False,3906,
11,21,La Liga,2009/2010,male,69240,2010-02-06,Barcelona,Getafe,True,True,False,3660,
11,21,La Liga,2009/2010,male,69233,2010-02-20,Barcelona,Racing Santander,True,True,False,3705,
11,21,La Liga,2009/2010,male,69213,2010-04-17,Espanyol,Barcelona,True,True,False,3242,
11,21,La Liga,2009/2010,male,69238,2010-02-27,Barcelona,Málaga,True,True,False,3708,
11,21,La Liga,2009/2010,male,69267,2009-12-02,Xerez,Barcelona,True,True,False,3372,
11,21,La Liga,2009/2010,male,69288,2009-11-21,Athletic Club,Barcelona,True,True,False,3373,
11,21,La Liga,2009/2010,male,69254,2009-09-22,Racing Santander,Barcelona,True,True,False,3875,
11,21,La Liga,2009/2010,male,69292,2009-09-19,Barcelona,Atlético Madrid,True,True,False,3771,
11,21,La Liga,2009/2010,male,69227,2010-03-21,Real Zaragoza,Barcelona,True,True,False,3356,
11,21,La Liga,2009/2010,male,69247,2010-04-03,Barcelona,Athletic Club,True,True,False,3832,
11,21,La Liga,2009/2010,male,69221,2010-04-14,Barcelona,RC Deportivo La Coruña,True,True,False,4011,
11,41,La Liga,2008/2009,male,69225,2008-12-13,Barcelona,Real Madrid,True,True,False,3379,
11,41,La Liga,2008/2009,male,69212,2008-10-04,Barcelona,Atlético Madrid,True,True,False,3640,
11,41,La Liga,2008/2009,male,69235,2008-11-01,Málaga,Barcelona,True,True,False,2716,
11,41,La Liga,2008/2009,male,69232,2008-10-25,Barcelona,Almería,True,True,False,3566,
11,41,La Liga,2008/2009,male,69216,2009-03-07,Barcelona,Athletic Club,True,True,False,3411,
11,41,La Liga,2008/2009,male,69209,2009-02-01,Racing Santander,Barcelona,True,True,False,3663,
11,41,La Liga,2008/2009,male,69231,2009-02-08,Barcelona,Sporting Gijón,True,True,False,3648,
11,41,La Liga,2008/2009,male,69217,2009-05-10,Barcelona,Villarreal,True,True,False,3641,
11,41,La Liga,2008/2009,male,69273,2009-04-04,Real Valladolid,Barcelona,True,True,False,3298,
11,41,La Liga,2008/2009,male,69222,2009-04-11,Barcelona,Recreativo Huelva,True,True,False,3322,
11,41,La Liga,2008/2009,male,69223,2009-04-18,Getafe,Barcelona,True,True,False,3738,
11,41,La Liga,2008/2009,male,69195,2009-02-14,Real Betis,Barcelona,True,True,False,3130,
11,41,La Liga,2008/2009,male,69251,2009-04-25,Valencia,Barcelona,True,True,False,3190,
11,41,La Liga,2008/2009,male,69185,2009-03-01,Atlético Madrid,Barcelona,True,True,False,3378,
11,41,La Liga,2008/2009,male,69142,2009-03-22,Barcelona,Málaga,True,True,False,3640,
11,41,La Liga,2008/2009,male,69139,2009-02-21,Barcelona,Espanyol,True,True,False,3116,
11,41,La Liga,2008/2009,male,69189,2009-01-24,Barcelona,CD Numancia de Soria,True,True,False,3265,
11,41,La Liga,2008/2009,male,69171,2008-11-29,Sevilla,Barcelona,True,True,False,3479,
11,41,La Liga,2008/2009,male,69249,2009-05-02,Real Madrid,Barcelona,True,True,False,3657,
11,41,La Liga,2008/2009,male,69215,2008-09-13,Barcelona,Racing Santander,True,True,False,3617,
11,41,La Liga,2008/2009,male,69138,2008-09-21,Sporting Gijón,Barcelona,True,True,False,3546,
11,41,La Liga,2008/2009,male,69147,2008-08-31,CD Numancia de Soria,Barcelona,True,True,False,3295,
11,41,La Liga,2008/2009,male,69177,2009-03-15,Almería,Barcelona,True,True,False,3659,
11,41,La Liga,2008/2009,male,69207,2008-09-24,Barcelona,Real Betis,True,True,False,3533,
11,41,La Liga,2008/2009,male,69228,2008-12-21,Villarreal,Barcelona,True,True,False,3893,
11,41,La Liga,2008/2009,male,69183,2009-01-17,Barcelona,RC Deportivo La Coruña,True,True,False,3409,
11,41,La Liga,2008/2009,male,69279,2008-11-08,Barcelona,Real Valladolid,True,True,False,3316,
11,41,La Liga,2008/2009,male,69285,2008-11-16,Recreativo Huelva,Barcelona,True,True,False,3415,
11,41,La Liga,2008/2009,male,69211,2008-09-27,Espanyol,Barcelona,True,True,False,2933,
11,41,La Liga,2008/2009,male,69230,2009-01-11,Osasuna,Barcelona,True,True,False,3896,
11,41,La Liga,2008/2009,male,69149,2008-12-06,Barcelona,Valencia,True,True,False,3700,
11,40,La Liga,2007/2008,male,69151,2007-09-29,Levante UD,Barcelona,True,True,False,3363,
11,40,La Liga,2007/2008,male,69144,2007-10-07,Barcelona,Atlético Madrid,True,True,False,3682,
11,40,La Liga,2007/2008,male,69169,2007-09-02,Barcelona,Athletic Club,True,True,False,3824,
11,40,La Liga,2007/2008,male,68360,2008-02-24,Barcelona,Levante UD,True,True,False,3870,
11,40,La Liga,2007/2008,male,69186,2008-05-17,Real Murcia CF,Barcelona,True,True,False,3824,
11,40,La Liga,2007/2008,male,69180,2007-08-26,Racing Santander,Barcelona,True,True,False,3445,
11,40,La Liga,2007/2008,male,69143,2007-09-26,Barcelona,Real Zaragoza,True,True,False,3766,
11,40,La Liga,2007/2008,male,69181,2008-01-27,Athletic Club,Barcelona,True,True,False,3737,
11,40,La Liga,2007/2008,male,68365,2008-03-01,Atlético Madrid,Barcelona,True,True,False,3473,
11,40,La Liga,2007/2008,male,69178,2007-11-10,Getafe,Barcelona,True,True,False,3260,
11,40,La Liga,2007/2008,male,68364,2007-10-20,Villarreal,Barcelona,True,True,False,3911,
11,40,La Liga,2007/2008,male,69170,2007-12-09,Barcelona,RC Deportivo La Coruña,True,True,False,3943,
11,40,La Liga,2007/2008,male,68359,2008-04-19,Barcelona,Espanyol,True,True,False,3514,
11,40,La Liga,2007/2008,male,68356,2007-12-01,Espanyol,Barcelona,True,True,False,3240,
11,40,La Liga,2007/2008,male,69158,2007-10-28,Barcelona,Almería,True,True,False,3475,
11,40,La Liga,2007/2008,male,69187,2008-02-03,Barcelona,Osasuna,True,True,False,3263,
11,40,La Liga,2007/2008,male,68363,2007-11-01,Real Valladolid,Barcelona,True,True,False,3743,
11,40,La Liga,2007/2008,male,69166,2007-11-04,Barcelona,Real Betis,True,True,False,3605,
11,40,La Liga,2007/2008,male,68366,2008-05-11,Barcelona,Mallorca,True,True,False,3609,
11,40,La Liga,2007/2008,male,69148,2007-09-22,Barcelona,Sevilla,True,True,False,3245,
11,40,La Liga,2007/2008,male,69184,2007-11-24,Barcelona,Recreativo Huelva,True,True,False,3669,
11,40,La Liga,2007/2008,male,69173,2008-01-20,Barcelona,Racing Santander,True,True,False,3689,
11,40,La Liga,2007/2008,male,69146,2008-02-09,Sevilla,Barcelona,True,True,False,3401,
11,40,La Liga,2007/2008,male,69182,2008-02-16,Real Zaragoza,Barcelona,True,True,False,3534,
11,40,La Liga,2007/2008,male,68358,2008-04-12,Recreativo Huelva,Barcelona,True,True,False,3285,
11,40,La Liga,2007/2008,male,68361,2008-05-07,Real Madrid,Barcelona,True,True,False,3404,
11,40,La Liga,2007/2008,male,69141,2008-05-04,Barcelona,Valencia,True,True,False,3948,
11,40,La Liga,2007/2008,male,69145,2007-12-15,Valencia,Barcelona,True,True,False,3958,
11,39,La Liga,2006/2007,male,69176,2007-05-20,Atlético Madrid,Barcelona,True,True,False,3327,
11,39,La Liga,2006/2007,male,69179,2007-04-07,Real Zaragoza,Barcelona,True,True,False,3867,
11,39,La Liga,2006/2007,male,68334,2007-03-03,Sevilla,Barcelona,True,True,False,3516,
11,39,La Liga,2006/2007,male,68333,2007-02-25,Barcelona,Athletic Club,True,True,False,3777,
11,39,La Liga,2006/2007,male,68336,2007-06-17,Gimnàstic Tarragona,Barcelona,True,True,False,3453,
11,39,La Liga,2006/2007,male,68326,2006-08-28,Celta Vigo,Barcelona,True,True,False,3653,
11,39,La Liga,2006/2007,male,69162,2007-05-13,Barcelona,Real Betis,True,True,False,3291,
11,39,La Liga,2006/2007,male,68335,2007-03-10,Barcelona,Real Madrid,True,True,False,3678,
11,39,La Liga,2006/2007,male,68332,2007-02-18,Valencia,Barcelona,True,True,False,4011,
11,39,La Liga,2006/2007,male,68330,2006-10-22,Real Madrid,Barcelona,True,True,False,3354,
11,39,La Liga,2006/2007,male,68329,2006-10-15,Barcelona,Sevilla,True,True,False,3829,
11,39,La Liga,2006/2007,male,68341,2007-03-17,Recreativo Huelva,Barcelona,True,True,False,4263,
11,39,La Liga,2006/2007,male,69165,2007-06-09,Barcelona,Espanyol,True,True,False,3360,
11,39,La Liga,2006/2007,male,69155,2007-04-22,Villarreal,Barcelona,True,True,False,3721,
11,39,La Liga,2006/2007,male,69154,2007-02-11,Barcelona,Racing Santander,True,True,False,3341,
11,39,La Liga,2006/2007,male,69156,2007-04-29,Barcelona,Levante UD,True,True,False,3257,
11,39,La Liga,2006/2007,male,69159,2007-04-15,Barcelona,Mallorca,True,True,False,3801,
11,39,La Liga,2006/2007,male,69175,2007-03-31,Barcelona,RC Deportivo La Coruña,True,True,False,3732,
11,39,La Liga,2006/2007,male,69160,2007-05-05,Real Sociedad,Barcelona,True,True,False,3475,
11,39,La Liga,2006/2007,male,68331,2006-11-12,Barcelona,Real Zaragoza,True,True,False,3418,
11,39,La Liga,2006/2007,male,68328,2006-09-24,Barcelona,Valencia,True,True,False,3659,
11,39,La Liga,2006/2007,male,68340,2006-09-17,Racing Santander,Barcelona,True,True,False,3275,
11,39,La Liga,2006/2007,male,69174,2006-11-04,RC Deportivo La Coruña,Barcelona,True,True,False,3380,
11,39,La Liga,2006/2007,male,68347,2006-09-30,Athletic Club,Barcelona,True,True,False,3383,
11,39,La Liga,2006/2007,male,68327,2006-09-09,Barcelona,Osasuna,True,True,False,3683,
11,39,La Liga,2006/2007,male,69157,2007-05-26,Barcelona,Getafe,True,True,False,3152,
11,38,La Liga,2005/2006,male,69164,2005-10-26,Barcelona,Málaga,True,True,False,3204,
11,38,La Liga,2005/2006,male,68324,2006-01-22,Barcelona,Deportivo Alavés,True,True,False,3440,
11,38,La Liga,2005/2006,male,68320,2005-12-04,Villarreal,Barcelona,True,True,False,3538,
11,38,La Liga,2005/2006,male,68323,2005-12-20,Barcelona,Celta Vigo,True,True,False,3686,
11,38,La Liga,2005/2006,male,69172,2006-02-18,Barcelona,Real Betis,True,True,False,3124,
11,38,La Liga,2005/2006,male,68339,2005-11-06,Getafe,Barcelona,True,True,False,3688,
11,38,La Liga,2005/2006,male,68348,2006-01-07,Espanyol,Barcelona,True,True,False,2770,
11,38,La Liga,2005/2006,male,68354,2005-11-27,Barcelona,Racing Santander,True,True,False,3728,
11,38,La Liga,2005/2006,male,68351,2006-02-25,Real Zaragoza,Barcelona,True,True,False,3510,
11,38,La Liga,2005/2006,male,68317,2005-10-01,Barcelona,Real Zaragoza,True,True,False,3071,
11,38,La Liga,2005/2006,male,68350,2006-02-05,Barcelona,Atlético Madrid,True,True,False,3228,
11,38,La Liga,2005/2006,male,68325,2006-01-29,Mallorca,Barcelona,True,True,False,3341,
11,38,La Liga,2005/2006,male,68321,2005-12-11,Barcelona,Sevilla,True,True,False,3920,
11,38,La Liga,2005/2006,male,68319,2005-11-19,Real Madrid,Barcelona,True,True,False,3653,
11,38,La Liga,2005/2006,male,68342,2006-01-15,Barcelona,Athletic Club,True,True,False,3038,
11,38,La Liga,2005/2006,male,68322,2005-12-17,Cádiz,Barcelona,True,True,False,3275,
11,38,La Liga,2005/2006,male,68318,2005-10-22,Barcelona,Osasuna,True,True,False,3454,
11,37,La Liga,2004/2005,male,68314,2004-12-04,Barcelona,Málaga,True,True,False,3107,
11,37,La Liga,2004/2005,male,68313,2004-10-24,Barcelona,Osasuna,True,True,False,3044,
11,37,La Liga,2004/2005,male,68316,2005-05-01,Barcelona,Albacete,True,True,False,3467,
11,37,La Liga,2004/2005,male,68315,2004-12-21,Barcelona,Levante UD,True,True,False,3330,
11,37,La Liga,2004/2005,male,69153,2004-12-11,Albacete,Barcelona,True,True,False,2914,
11,37,La Liga,2004/2005,male,68352,2005-04-17,Barcelona,Getafe,True,True,False,3572,
11,37,La Liga,2004/2005,male,68353,2004-10-16,Espanyol,Barcelona,True,True,False,2770,
11,278,La Liga,1973/1974,male,3888713,1974-02-17,Real Madrid,Barcelona,True,True,False,2974,
81,48,Liga Profesional,1997/1998,male,3889115,1997-10-25,River Plate,Boca Juniors,True,True,False,3572,
81,275,Liga Profesional,1981,male,3889082,1981-04-10,Boca Juniors,River Plate,True,True,False,3086,
7,235,Ligue 1,2022/2023,male,3838017,2023-06-03,Paris Saint-Germain,Clermont Foot,True,True,False,3852,
7,235,Ligue 1,2022/2023,male,3837987,2023-05-13,Paris Saint-Germain,AC Ajaccio,True,True,False,3872,
7,235,Ligue 1,2022/2023,male,3837928,2023-04-02,Paris Saint-Germain,Lyon,True,True,False,4623,
7,235,Ligue 1,2022/2023,male,3837918,2023-03-19,Paris Saint-Germain,Rennes,True,True,False,3977,
7,235,Ligue 1,2022/2023,male,3837902,2023-03-11,Stade Brestois,Paris Saint-Germain,True,True,False,3834,
7,235,Ligue 1,2022/2023,male,3837885,2023-02-26,Marseille,Paris Saint-Germain,True,True,False,3520,
7,235,Ligue 1,2022/2023,male,3837876,2023-02-19,Paris Saint-Germain,Lille,True,True,False,3711,
7,235,Ligue 1,2022/2023,male,3837839,2023-01-29,Paris Saint-Germain,Stade de Reims,True,True,False,4394,
7,235,Ligue 1,2022/2023,male,3837827,2023-01-15,Rennes,Paris Saint-Germain,True,True,False,3779,
7,235,Ligue 1,2022/2023,male,3837818,2023-01-11,Paris Saint-Germain,Angers,True,True,False,4431,
7,235,Ligue 1,2022/2023,male,3837785,2022-11-13,Paris Saint-Germain,Auxerre,True,True,False,3934,
7,235,Ligue 1,2022/2023,male,3837747,2022-10-16,Paris Saint-Germain,Marseille,True,True,False,3782,
7,235,Ligue 1,2022/2023,male,3837680,2022-08-28,Paris Saint-Germain,AS Monaco,True,True,False,3876,
7,235,Ligue 1,2022/2023,male,3837659,2022-08-13,Paris Saint-Germain,Montpellier,True,True,False,3870,
7,235,Ligue 1,2022/2023,male,3837650,2022-08-06,Clermont Foot,Paris Saint-Germain,True,True,False,3926,
7,235,Ligue 1,2022/2023,male,3838004,2023-05-27,Strasbourg,Paris Saint-Germain,True,True,False,4078,
7,235,Ligue 1,2022/2023,male,3837998,2023-05-21,Auxerre,Paris Saint-Germain,True,True,False,4253,
7,235,Ligue 1,2022/2023,male,3837963,2023-04-30,Paris Saint-Germain,Lorient,True,True,False,4087,
7,235,Ligue 1,2022/2023,male,3837954,2023-04-21,Angers,Paris Saint-Germain,True,True,False,4606,
7,235,Ligue 1,2022/2023,male,3837947,2023-04-15,Paris Saint-Germain,Lens,True,True,False,4220,
7,235,Ligue 1,2022/2023,male,3837938,2023-04-08,OGC Nice,Paris Saint-Germain,True,True,False,4794,
7,235,Ligue 1,2022/2023,male,3837896,2023-03-04,Paris Saint-Germain,Nantes,True,True,False,4305,
7,235,Ligue 1,2022/2023,male,3837859,2023-02-04,Paris Saint-Germain,Toulouse,True,True,False,3875,
7,235,Ligue 1,2022/2023,male,3837844,2023-02-01,Montpellier,Paris Saint-Germain,True,True,False,3918,
7,235,Ligue 1,2022/2023,male,3837771,2022-10-29,Paris Saint-Germain,Troyes,True,True,False,3889,
7,235,Ligue 1,2022/2023,male,3837752,2022-10-21,AC Ajaccio,Paris Saint-Germain,True,True,False,3817,
7,235,Ligue 1,2022/2023,male,3837727,2022-10-01,Paris Saint-Germain,OGC Nice,True,True,False,4253,
7,235,Ligue 1,2022/2023,male,3837717,2022-09-18,Lyon,Paris Saint-Germain,True,True,False,4279,
7,235,Ligue 1,2022/2023,male,3837706,2022-09-10,Paris Saint-Germain,Stade Brestois,True,True,False,4026,
7,235,Ligue 1,2022/2023,male,3837695,2022-09-03,Nantes,Paris Saint-Germain,True,True,False,4110,
7,235,Ligue 1,2022/2023,male,3837683,2022-08-31,Toulouse,Paris Saint-Germain,True,True,False,3608,
7,235,Ligue 1,2022/2023,male,3837662,2022-08-21,Lille,Paris Saint-Germain,True,True,False,3991,
7,108,Ligue 1,2021/2022,male,3802643,2022-04-29,Strasbourg,Paris Saint-Germain,True,True,False,4009,
7,108,Ligue 1,2021/2022,male,3803000,2022-04-09,Clermont Foot,Paris Saint-Germain,True,True,False,4037,
7,108,Ligue 1,2021/2022,male,3802802,2022-01-23,Paris Saint-Germain,Stade de Reims,True,True,False,4390,
7,108,Ligue 1,2021/2022,male,3802696,2021-08-29,Stade de Reims,Paris Saint-Germain,True,True,False,4053,
7,108,Ligue 1,2021/2022,male,3802699,2021-10-29,Paris Saint-Germain,Lille,True,True,False,3594,
7,108,Ligue 1,2021/2022,male,3802685,2021-12-04,Lens,Paris Saint-Germain,True,True,False,3961,
7,108,Ligue 1,2021/2022,male,3802665,2022-05-14,Montpellier,Paris Saint-Germain,True,True,False,3900,
7,108,Ligue 1,2021/2022,male,3802752,2021-09-19,Paris Saint-Germain,Lyon,True,True,False,3765,
7,108,Ligue 1,2021/2022,male,3802809,2021-10-03,Rennes,Paris Saint-Germain,True,True,False,3568,
7,108,Ligue 1,2021/2022,male,3802676,2022-04-23,Paris Saint-Germain,Lens,True,True,False,3898,
7,108,Ligue 1,2021/2022,male,3802983,2022-04-17,Paris Saint-Germain,Marseille,True,True,False,4146,
7,108,Ligue 1,2021/2022,male,3802907,2022-02-06,Lille,Paris Saint-Germain,True,True,False,3827,
7,108,Ligue 1,2021/2022,male,3802902,2021-10-24,Marseille,Paris Saint-Germain,True,True,False,3707,
7,108,Ligue 1,2021/2022,male,3802818,2022-04-03,Paris Saint-Germain,Lorient,True,True,False,4005,
7,108,Ligue 1,2021/2022,male,3802683,2021-12-12,Paris Saint-Germain,AS Monaco,True,True,False,3838,
7,108,Ligue 1,2021/2022,male,3802690,2021-12-22,Lorient,Paris Saint-Germain,True,True,False,3851,
7,108,Ligue 1,2021/2022,male,3802904,2022-03-13,Paris Saint-Germain,Bordeaux,True,True,False,4225,
7,108,Ligue 1,2021/2022,male,3802837,2021-11-28,Saint-Étienne,Paris Saint-Germain,True,True,False,3748,
7,108,Ligue 1,2021/2022,male,3802984,2021-11-20,Paris Saint-Germain,Nantes,True,True,False,4227,
7,108,Ligue 1,2021/2022,male,3802805,2022-03-05,OGC Nice,Paris Saint-Germain,True,True,False,4248,
7,108,Ligue 1,2021/2022,male,3802709,2022-02-26,Paris Saint-Germain,Saint-Étienne,True,True,False,3767,
7,108,Ligue 1,2021/2022,male,3802948,2022-05-21,Paris Saint-Germain,Metz,True,True,False,3586,
7,108,Ligue 1,2021/2022,male,3802930,2022-05-08,Paris Saint-Germain,Troyes,True,True,False,3703,
7,108,Ligue 1,2021/2022,male,3802793,2021-12-01,Paris Saint-Germain,OGC Nice,True,True,False,3914,
7,108,Ligue 1,2021/2022,male,3802839,2022-02-19,Nantes,Paris Saint-Germain,True,True,False,3777,
7,108,Ligue 1,2021/2022,male,3802795,2022-02-11,Paris Saint-Germain,Rennes,True,True,False,4024,
7,27,Ligue 1,2015/2016,male,3901199,2016-04-02,Rennes,Stade de Reims,True,True,False,3855,
7,27,Ligue 1,2015/2016,male,3901178,2016-03-12,Lorient,Marseille,True,True,False,3757,
7,27,Ligue 1,2015/2016,male,3901260,2016-05-14,Lorient,Gazélec Ajaccio,True,True,False,3791,
7,27,Ligue 1,2015/2016,male,3829470,2015-09-20,Saint-Étienne,Nantes,True,True,False,3771,
7,27,Ligue 1,2015/2016,male,3901259,2016-05-14,Troyes,Marseille,True,True,False,4189,
7,27,Ligue 1,2015/2016,male,3901263,2016-05-14,Rennes,Bastia,True,True,False,3393,
7,27,Ligue 1,2015/2016,male,3900594,2016-01-23,Nantes,Bordeaux,True,True,False,3368,
7,27,Ligue 1,2015/2016,male,3900587,2016-01-17,Saint-Étienne,Lyon,True,True,False,3375,
7,27,Ligue 1,2015/2016,male,3900541,2015-12-05,Bastia,AS Monaco,True,True,False,3409,
7,27,Ligue 1,2015/2016,male,3900596,2016-01-23,Guingamp,Bastia,True,True,False,3187,
7,27,Ligue 1,2015/2016,male,3900591,2016-01-23,Paris Saint-Germain,Angers,True,True,False,4517,
7,27,Ligue 1,2015/2016,male,3901188,2016-03-19,Saint-Étienne,Montpellier,True,True,False,3452,
7,27,Ligue 1,2015/2016,male,3901184,2016-03-18,Marseille,Rennes,True,True,False,4003,
7,27,Ligue 1,2015/2016,male,3901182,2016-03-13,Nantes,Angers,True,True,False,3844,
7,27,Ligue 1,2015/2016,male,3901170,2016-03-06,Rennes,Nantes,True,True,False,3844,
7,27,Ligue 1,2015/2016,male,3901169,2016-03-06,Marseille,Toulouse,True,True,False,3916,
7,27,Ligue 1,2015/2016,male,3901166,2016-03-05,Paris Saint-Germain,Montpellier,True,True,False,4299,
7,27,Ligue 1,2015/2016,male,3901168,2016-03-05,Lille,Stade de Reims,True,True,False,3175,
7,27,Ligue 1,2015/2016,male,3900601,2016-01-30,Gazélec Ajaccio,Montpellier,True,True,False,3155,
7,27,Ligue 1,2015/2016,male,3901262,2016-05-14,Caen,Bordeaux,True,True,False,3800,
7,27,Ligue 1,2015/2016,male,3901261,2016-05-14,Paris Saint-Germain,Nantes,True,True,False,3886,
7,27,Ligue 1,2015/2016,male,3901258,2016-05-14,Guingamp,OGC Nice,True,True,False,4121,
7,27,Ligue 1,2015/2016,male,3901257,2016-05-14,Saint-Étienne,Lille,True,True,False,3468,
7,27,Ligue 1,2015/2016,male,3901256,2016-05-14,AS Monaco,Montpellier,True,True,False,3792,
7,27,Ligue 1,2015/2016,male,3901255,2016-05-14,Angers,Toulouse,True,True,False,2689,
7,27,Ligue 1,2015/2016,male,3901254,2016-05-14,Stade de Reims,Lyon,True,True,False,3503,
7,27,Ligue 1,2015/2016,male,3901253,2016-05-11,Bordeaux,Paris Saint-Germain,True,True,False,4166,
7,27,Ligue 1,2015/2016,male,3901252,2016-05-07,Lyon,AS Monaco,True,True,False,3455,
7,27,Ligue 1,2015/2016,male,3901251,2016-05-07,Marseille,Stade de Reims,True,True,False,3501,
7,27,Ligue 1,2015/2016,male,3901250,2016-05-07,OGC Nice,Saint-Étienne,True,True,False,3373,
7,27,Ligue 1,2015/2016,male,3901249,2016-05-07,Montpellier,Rennes,True,True,False,3917,
7,27,Ligue 1,2015/2016,male,3901248,2016-05-07,Lille,Guingamp,True,True,False,3407,
7,27,Ligue 1,2015/2016,male,3901247,2016-05-07,Gazélec Ajaccio,Paris Saint-Germain,True,True,False,4033,
7,27,Ligue 1,2015/2016,male,3901246,2016-05-07,Nantes,Caen,True,True,False,3764,
7,27,Ligue 1,2015/2016,male,3901245,2016-05-07,Bordeaux,Lorient,True,True,False,3794,
7,27,Ligue 1,2015/2016,male,3901244,2016-05-07,Toulouse,Troyes,True,True,False,3326,
7,27,Ligue 1,2015/2016,male,3901243,2016-05-07,Bastia,Angers,True,True,False,3544,
7,27,Ligue 1,2015/2016,male,3901242,2016-05-01,Angers,Marseille,True,True,False,3547,
7,27,Ligue 1,2015/2016,male,3901241,2016-04-30,Caen,Bastia,True,True,False,3768,
7,27,Ligue 1,2015/2016,male,3901240,2016-04-30,Lorient,Lille,True,True,False,3918,
7,27,Ligue 1,2015/2016,male,3901238,2016-04-30,AS Monaco,Guingamp,True,True,False,3230,
7,27,Ligue 1,2015/2016,male,3901237,2016-04-30,Saint-Étienne,Toulouse,True,True,False,2902,
7,27,Ligue 1,2015/2016,male,3901236,2016-04-30,Nantes,OGC Nice,True,True,False,3824,
7,27,Ligue 1,2015/2016,male,3901235,2016-04-30,Lyon,Gazélec Ajaccio,True,True,False,3838,
7,27,Ligue 1,2015/2016,male,3901234,2016-04-30,Stade de Reims,Montpellier,True,True,False,3267,
7,27,Ligue 1,2015/2016,male,3901233,2016-04-29,Paris Saint-Germain,Rennes,True,True,False,4237,
7,27,Ligue 1,2015/2016,male,3901232,2016-04-27,Lille,Angers,True,True,False,4003,
7,27,Ligue 1,2015/2016,male,3901231,2016-04-24,Rennes,AS Monaco,True,True,False,3547,
7,27,Ligue 1,2015/2016,male,3901230,2016-04-24,Gazélec Ajaccio,Bastia,True,True,False,3187,
7,27,Ligue 1,2015/2016,male,3901229,2016-04-24,Guingamp,Caen,True,True,False,3582,
7,27,Ligue 1,2015/2016,male,3901228,2016-04-24,Saint-Étienne,Lorient,True,True,False,3756,
7,27,Ligue 1,2015/2016,male,3901227,2016-04-24,Marseille,Nantes,True,True,False,3477,
7,27,Ligue 1,2015/2016,male,3901226,2016-04-24,Montpellier,Troyes,True,True,False,3484,
7,27,Ligue 1,2015/2016,male,3901225,2016-04-23,Toulouse,Lyon,True,True,False,3282,
7,27,Ligue 1,2015/2016,male,3901224,2016-04-22,OGC Nice,Stade de Reims,True,True,False,4031,
7,27,Ligue 1,2015/2016,male,3901223,2016-04-17,AS Monaco,Marseille,True,True,False,3708,
7,27,Ligue 1,2015/2016,male,3901222,2016-04-17,Nantes,Montpellier,True,True,False,3399,
7,27,Ligue 1,2015/2016,male,3901221,2016-04-17,Rennes,Guingamp,True,True,False,3521,
7,27,Ligue 1,2015/2016,male,3901220,2016-04-16,Bastia,Saint-Étienne,True,True,False,3513,
7,27,Ligue 1,2015/2016,male,3901219,2016-04-16,Lorient,Toulouse,True,True,False,3850,
7,27,Ligue 1,2015/2016,male,3901218,2016-04-16,Bordeaux,Angers,True,True,False,3484,
7,27,Ligue 1,2015/2016,male,3901217,2016-04-16,Troyes,Stade de Reims,True,True,False,3026,
7,27,Ligue 1,2015/2016,male,3901216,2016-04-16,Paris Saint-Germain,Caen,True,True,False,3974,
7,27,Ligue 1,2015/2016,male,3901215,2016-04-16,Gazélec Ajaccio,Lille,True,True,False,3550,
7,27,Ligue 1,2015/2016,male,3901214,2016-04-15,Lyon,OGC Nice,True,True,False,3831,
7,27,Ligue 1,2015/2016,male,3901213,2016-04-10,OGC Nice,Rennes,True,True,False,3707,
7,27,Ligue 1,2015/2016,male,3901212,2016-04-10,Lille,AS Monaco,True,True,False,3271,
7,27,Ligue 1,2015/2016,male,3901211,2016-04-10,Marseille,Bordeaux,True,True,False,3855,
7,27,Ligue 1,2015/2016,male,3901210,2016-04-09,Saint-Étienne,Troyes,True,True,False,3576,
7,27,Ligue 1,2015/2016,male,3901209,2016-04-09,Angers,Gazélec Ajaccio,True,True,False,3422,
7,27,Ligue 1,2015/2016,male,3901208,2016-04-09,Guingamp,Paris Saint-Germain,True,True,False,4000,
7,27,Ligue 1,2015/2016,male,3901207,2016-04-09,Stade de Reims,Nantes,True,True,False,3325,
7,27,Ligue 1,2015/2016,male,3901206,2016-04-09,Toulouse,Bastia,True,True,False,3372,
7,27,Ligue 1,2015/2016,male,3901205,2016-04-09,Caen,Lorient,True,True,False,3943,
7,27,Ligue 1,2015/2016,male,3901204,2016-04-08,Montpellier,Lyon,True,True,False,4185,
7,27,Ligue 1,2015/2016,male,3901203,2016-04-03,Nantes,Lille,True,True,False,3581,
7,27,Ligue 1,2015/2016,male,3901202,2016-04-03,Lorient,Lyon,True,True,False,4052,
7,27,Ligue 1,2015/2016,male,3901201,2016-04-03,Bastia,Marseille,True,True,False,3235,
7,27,Ligue 1,2015/2016,male,3901200,2016-04-02,Toulouse,Caen,True,True,False,3259,
7,27,Ligue 1,2015/2016,male,3901198,2016-04-02,Troyes,Angers,True,True,False,3869,
7,27,Ligue 1,2015/2016,male,3901197,2016-04-02,Guingamp,Montpellier,True,True,False,3153,
7,27,Ligue 1,2015/2016,male,3901196,2016-04-02,Paris Saint-Germain,OGC Nice,True,True,False,4239,
7,27,Ligue 1,2015/2016,male,3901195,2016-04-02,Gazélec Ajaccio,Saint-Étienne,True,True,False,3403,
7,27,Ligue 1,2015/2016,male,3901194,2016-04-01,AS Monaco,Bordeaux,True,True,False,3658,
7,27,Ligue 1,2015/2016,male,3901193,2016-03-20,Paris Saint-Germain,AS Monaco,True,True,False,4146,
7,27,Ligue 1,2015/2016,male,3901192,2016-03-20,Bordeaux,Bastia,True,True,False,3480,
7,27,Ligue 1,2015/2016,male,3901191,2016-03-20,OGC Nice,Gazélec Ajaccio,True,True,False,3957,
7,27,Ligue 1,2015/2016,male,3901190,2016-03-19,Caen,Troyes,True,True,False,3414,
7,27,Ligue 1,2015/2016,male,3901189,2016-03-19,Lille,Toulouse,True,True,False,3597,
7,27,Ligue 1,2015/2016,male,3901187,2016-03-19,Angers,Lorient,True,True,False,3177,
7,27,Ligue 1,2015/2016,male,3901186,2016-03-19,Lyon,Nantes,True,True,False,3751,
7,27,Ligue 1,2015/2016,male,3901185,2016-03-19,Stade de Reims,Guingamp,True,True,False,3575,
7,27,Ligue 1,2015/2016,male,3901183,2016-03-13,Troyes,Paris Saint-Germain,True,True,False,4035,
7,27,Ligue 1,2015/2016,male,3901181,2016-03-13,Rennes,Lyon,True,True,False,3292,
7,27,Ligue 1,2015/2016,male,3901180,2016-03-12,Guingamp,Saint-Étienne,True,True,False,3460,
7,27,Ligue 1,2015/2016,male,3901179,2016-03-12,Gazélec Ajaccio,Caen,True,True,False,3478,
7,27,Ligue 1,2015/2016,male,3901177,2016-03-12,Bastia,Lille,True,True,False,3476,
7,27,Ligue 1,2015/2016,male,3901176,2016-03-12,Toulouse,Bordeaux,True,True,False,3201,
7,27,Ligue 1,2015/2016,male,3901175,2016-03-12,Montpellier,OGC Nice,True,True,False,4095,
7,27,Ligue 1,2015/2016,male,3901174,2016-03-11,AS Monaco,Stade de Reims,True,True,False,3587,
7,27,Ligue 1,2015/2016,male,3901173,2016-03-09,Gazélec Ajaccio,Marseille,True,True,False,3127,
7,27,Ligue 1,2015/2016,male,3901172,2016-03-09,Bastia,Nantes,True,True,False,3423,
7,27,Ligue 1,2015/2016,male,3901171,2016-03-06,Lyon,Guingamp,True,True,False,3548,
7,27,Ligue 1,2015/2016,male,3901167,2016-03-05,Bastia,Lorient,True,True,False,3591,
7,27,Ligue 1,2015/2016,male,3901165,2016-03-05,Bordeaux,Gazélec Ajaccio,True,True,False,3831,
7,27,Ligue 1,2015/2016,male,3901164,2016-03-05,Angers,Saint-Étienne,True,True,False,3571,
7,27,Ligue 1,2015/2016,male,3901163,2016-03-05,OGC Nice,Troyes,True,True,False,4178,
7,27,Ligue 1,2015/2016,male,3901162,2016-03-04,Caen,AS Monaco,True,True,False,3590,
7,27,Ligue 1,2015/2016,male,3901161,2016-02-28,Saint-Étienne,Caen,True,True,False,3491,
7,27,Ligue 1,2015/2016,male,3901160,2016-02-28,Nantes,AS Monaco,True,True,False,3455,
7,27,Ligue 1,2015/2016,male,3901159,2016-02-28,Lyon,Paris Saint-Germain,True,True,False,3508,
7,27,Ligue 1,2015/2016,male,3901158,2016-02-27,Toulouse,Rennes,True,True,False,4178,
7,27,Ligue 1,2015/2016,male,3901157,2016-02-27,Stade de Reims,Bordeaux,True,True,False,3467,
7,27,Ligue 1,2015/2016,male,3901156,2016-02-27,Guingamp,Angers,True,True,False,3193,
7,27,Ligue 1,2015/2016,male,3901155,2016-02-27,Montpellier,Lille,True,True,False,3458,
7,27,Ligue 1,2015/2016,male,3901154,2016-02-27,Troyes,Lorient,True,True,False,3896,
7,27,Ligue 1,2015/2016,male,3901153,2016-02-26,OGC Nice,Bastia,True,True,False,3425,
7,27,Ligue 1,2015/2016,male,3901152,2016-02-21,Caen,Rennes,True,True,False,3795,
7,27,Ligue 1,2015/2016,male,3901151,2016-02-21,Lille,Lyon,True,True,False,3265,
7,27,Ligue 1,2015/2016,male,3901150,2016-02-21,Marseille,Saint-Étienne,True,True,False,3577,
7,27,Ligue 1,2015/2016,male,3901149,2016-02-20,AS Monaco,Troyes,True,True,False,4078,
7,27,Ligue 1,2015/2016,male,3901148,2016-02-20,Lorient,Guingamp,True,True,False,3123,
7,27,Ligue 1,2015/2016,male,3901147,2016-02-20,Toulouse,Gazélec Ajaccio,True,True,False,3540,
7,27,Ligue 1,2015/2016,male,3901146,2016-02-20,Paris Saint-Germain,Stade de Reims,True,True,False,4359,
7,27,Ligue 1,2015/2016,male,3901145,2016-02-20,Angers,Montpellier,True,True,False,3750,
7,27,Ligue 1,2015/2016,male,3901144,2016-02-19,Bordeaux,OGC Nice,True,True,False,3953,
7,27,Ligue 1,2015/2016,male,3900608,2016-01-31,Caen,OGC Nice,True,True,False,3427,
7,27,Ligue 1,2015/2016,male,3900602,2016-01-30,Lorient,Stade de Reims,True,True,False,3375,
7,27,Ligue 1,2015/2016,male,3829518,2015-10-25,Lille,Marseille,True,True,False,3047,
7,27,Ligue 1,2015/2016,male,3829479,2015-09-23,Lorient,Caen,True,True,False,3601,
7,27,Ligue 1,2015/2016,male,3829478,2015-09-23,Gazélec Ajaccio,Rennes,True,True,False,3366,
7,27,Ligue 1,2015/2016,male,3829519,2015-10-25,Paris Saint-Germain,Saint-Étienne,True,True,False,4632,
7,27,Ligue 1,2015/2016,male,3829416,2015-08-08,OGC Nice,AS Monaco,True,True,False,3366,
7,27,Ligue 1,2015/2016,male,3829459,2015-09-12,OGC Nice,Guingamp,True,True,False,3957,
7,27,Ligue 1,2015/2016,male,3900636,2016-02-13,Nantes,Lorient,True,True,False,3573,
7,27,Ligue 1,2015/2016,male,3900633,2016-02-13,Gazélec Ajaccio,Troyes,True,True,False,3356,
7,27,Ligue 1,2015/2016,male,3900628,2016-02-07,Lille,Rennes,True,True,False,3632,
7,27,Ligue 1,2015/2016,male,3900627,2016-02-07,Bordeaux,Saint-Étienne,True,True,False,3084,
7,27,Ligue 1,2015/2016,male,3900625,2016-02-06,AS Monaco,OGC Nice,True,True,False,3767,
7,27,Ligue 1,2015/2016,male,3900624,2016-02-06,Angers,Lyon,True,True,False,3895,
7,27,Ligue 1,2015/2016,male,3900616,2016-02-03,Lyon,Bordeaux,True,True,False,3566,
7,27,Ligue 1,2015/2016,male,3900617,2016-02-03,Stade de Reims,Angers,True,True,False,3335,
7,27,Ligue 1,2015/2016,male,3900609,2016-01-31,Bordeaux,Rennes,True,True,False,3727,
7,27,Ligue 1,2015/2016,male,3900604,2016-01-30,Angers,AS Monaco,True,True,False,3555,
7,27,Ligue 1,2015/2016,male,3900605,2016-01-30,Bastia,Lyon,True,True,False,3492,
7,27,Ligue 1,2015/2016,male,3900603,2016-01-30,Toulouse,Guingamp,True,True,False,3359,
7,27,Ligue 1,2015/2016,male,3900606,2016-01-30,Troyes,Nantes,True,True,False,3972,
7,27,Ligue 1,2015/2016,male,3900600,2016-01-29,Marseille,Lille,True,True,False,3622,
7,27,Ligue 1,2015/2016,male,3900598,2016-01-24,AS Monaco,Toulouse,True,True,False,3293,
7,27,Ligue 1,2015/2016,male,3900597,2016-01-24,Lyon,Marseille,True,True,False,3669,
7,27,Ligue 1,2015/2016,male,3900599,2016-01-24,Stade de Reims,Saint-Étienne,True,True,False,3714,
7,27,Ligue 1,2015/2016,male,3900592,2016-01-23,Montpellier,Caen,True,True,False,3771,
7,27,Ligue 1,2015/2016,male,3900595,2016-01-23,OGC Nice,Lorient,True,True,False,4149,
7,27,Ligue 1,2015/2016,male,3900593,2016-01-23,Lille,Troyes,True,True,False,3681,
7,27,Ligue 1,2015/2016,male,3900590,2016-01-22,Rennes,Gazélec Ajaccio,True,True,False,3714,
7,27,Ligue 1,2015/2016,male,3900589,2016-01-17,Caen,Marseille,True,True,False,3613,
7,27,Ligue 1,2015/2016,male,3900588,2016-01-17,Lorient,AS Monaco,True,True,False,3790,
7,27,Ligue 1,2015/2016,male,3900586,2016-01-16,Guingamp,Nantes,True,True,False,3260,
7,27,Ligue 1,2015/2016,male,3900584,2016-01-16,Bastia,Montpellier,True,True,False,3497,
7,27,Ligue 1,2015/2016,male,3900582,2016-01-16,Gazélec Ajaccio,Stade de Reims,True,True,False,3713,
7,27,Ligue 1,2015/2016,male,3900583,2016-01-16,Troyes,Rennes,True,True,False,3794,
7,27,Ligue 1,2015/2016,male,3900585,2016-01-16,Toulouse,Paris Saint-Germain,True,True,False,3966,
7,27,Ligue 1,2015/2016,male,3900570,2016-01-08,Paris Saint-Germain,Bastia,True,True,False,4149,
7,27,Ligue 1,2015/2016,male,3900567,2015-12-20,Bordeaux,Marseille,True,True,False,3737,
7,27,Ligue 1,2015/2016,male,3900568,2015-12-20,Gazélec Ajaccio,Lyon,True,True,False,3740,
7,27,Ligue 1,2015/2016,male,3900549,2015-12-06,Saint-Étienne,Rennes,True,True,False,3571,
7,27,Ligue 1,2015/2016,male,3900548,2015-12-06,Bordeaux,Guingamp,True,True,False,3452,
7,27,Ligue 1,2015/2016,male,3900547,2015-12-06,Marseille,Montpellier,True,True,False,3430,
7,27,Ligue 1,2015/2016,male,3900545,2015-12-05,Lyon,Angers,True,True,False,4015,
7,27,Ligue 1,2015/2016,male,3900546,2015-12-05,Gazélec Ajaccio,Nantes,True,True,False,3337,
7,27,Ligue 1,2015/2016,male,3900544,2015-12-05,Toulouse,Lorient,True,True,False,3846,
7,27,Ligue 1,2015/2016,male,3900540,2015-12-04,OGC Nice,Paris Saint-Germain,True,True,False,4146,
7,27,Ligue 1,2015/2016,male,3900539,2015-12-03,Rennes,Marseille,True,True,False,3775,
7,27,Ligue 1,2015/2016,male,3900533,2015-12-02,AS Monaco,Caen,True,True,False,3681,
7,27,Ligue 1,2015/2016,male,3900538,2015-12-02,Guingamp,Stade de Reims,True,True,False,3090,
7,27,Ligue 1,2015/2016,male,3900537,2015-12-02,Troyes,Toulouse,True,True,False,3687,
7,27,Ligue 1,2015/2016,male,3900536,2015-12-02,Montpellier,Gazélec Ajaccio,True,True,False,3475,
7,27,Ligue 1,2015/2016,male,3900534,2015-12-02,Bastia,Bordeaux,True,True,False,3491,
7,27,Ligue 1,2015/2016,male,3900535,2015-12-02,Lille,Saint-Étienne,True,True,False,3019,
7,27,Ligue 1,2015/2016,male,3900530,2015-12-01,Nantes,Lyon,True,True,False,3665,
7,27,Ligue 1,2015/2016,male,3900532,2015-12-01,Angers,Paris Saint-Germain,True,True,False,3857,
7,27,Ligue 1,2015/2016,male,3900531,2015-12-01,Lorient,OGC Nice,True,True,False,4011,
7,27,Ligue 1,2015/2016,male,3900529,2015-11-29,Saint-Étienne,Guingamp,True,True,False,2652,
7,27,Ligue 1,2015/2016,male,3900528,2015-11-29,Bordeaux,Caen,True,True,False,3491,
7,27,Ligue 1,2015/2016,male,3900522,2015-11-28,Toulouse,OGC Nice,True,True,False,4327,
7,27,Ligue 1,2015/2016,male,3900523,2015-11-28,Stade de Reims,Rennes,True,True,False,3578,
7,27,Ligue 1,2015/2016,male,3900521,2015-11-28,Paris Saint-Germain,Troyes,True,True,False,4230,
7,27,Ligue 1,2015/2016,male,3900518,2015-11-22,Caen,Angers,True,True,False,3720,
7,27,Ligue 1,2015/2016,male,3900519,2015-11-22,Rennes,Bordeaux,True,True,False,3547,
7,27,Ligue 1,2015/2016,male,3900511,2015-11-21,Lorient,Paris Saint-Germain,True,True,False,4281,
7,27,Ligue 1,2015/2016,male,3900514,2015-11-21,Guingamp,Toulouse,True,True,False,3200,
7,27,Ligue 1,2015/2016,male,3900515,2015-11-21,AS Monaco,Nantes,True,True,False,3598,
7,27,Ligue 1,2015/2016,male,3829512,2015-10-23,Lyon,Toulouse,True,True,False,3685,
7,27,Ligue 1,2015/2016,male,3829495,2015-10-03,Lyon,Stade de Reims,True,True,False,4017,
7,27,Ligue 1,2015/2016,male,3900491,2015-10-31,Saint-Étienne,Stade de Reims,True,True,False,3281,
7,27,Ligue 1,2015/2016,male,3900504,2015-11-07,Montpellier,Nantes,True,True,False,3491,
7,27,Ligue 1,2015/2016,male,3900506,2015-11-07,Stade de Reims,Gazélec Ajaccio,True,True,False,3533,
7,27,Ligue 1,2015/2016,male,3900505,2015-11-07,Caen,Guingamp,True,True,False,3235,
7,27,Ligue 1,2015/2016,male,3829496,2015-10-03,Angers,Bastia,True,True,False,3363,
7,27,Ligue 1,2015/2016,male,3829514,2015-10-24,Angers,Guingamp,True,True,False,3221,
7,27,Ligue 1,2015/2016,male,3829499,2015-10-04,Caen,Saint-Étienne,True,True,False,3087,
7,27,Ligue 1,2015/2016,male,3829469,2015-09-20,AS Monaco,Lorient,True,True,False,3602,
7,27,Ligue 1,2015/2016,male,3829454,2015-09-12,Lyon,Lille,True,True,False,3203,
7,27,Ligue 1,2015/2016,male,3829439,2015-08-22,Toulouse,AS Monaco,True,True,False,3249,
7,27,Ligue 1,2015/2016,male,3829513,2015-10-23,Caen,Nantes,True,True,False,3296,
7,27,Ligue 1,2015/2016,male,3829510,2015-10-18,Rennes,OGC Nice,True,True,False,3997,
7,27,Ligue 1,2015/2016,male,3829445,2015-08-29,Angers,OGC Nice,True,True,False,3544,
7,27,Ligue 1,2015/2016,male,3829433,2015-08-21,Montpellier,Paris Saint-Germain,True,True,False,4182,
7,27,Ligue 1,2015/2016,male,3829466,2015-09-19,Angers,Troyes,True,True,False,3307,
7,27,Ligue 1,2015/2016,male,3900639,2016-02-14,Saint-Étienne,AS Monaco,True,True,False,3157,
7,27,Ligue 1,2015/2016,male,3900638,2016-02-14,Lyon,Caen,True,True,False,3492,
7,27,Ligue 1,2015/2016,male,3900637,2016-02-14,OGC Nice,Marseille,True,True,False,4010,
7,27,Ligue 1,2015/2016,male,3900635,2016-02-13,Stade de Reims,Bastia,True,True,False,3187,
7,27,Ligue 1,2015/2016,male,3900634,2016-02-13,Paris Saint-Germain,Lille,True,True,False,3725,
7,27,Ligue 1,2015/2016,male,3900632,2016-02-13,Guingamp,Bordeaux,True,True,False,3150,
7,27,Ligue 1,2015/2016,male,3900631,2016-02-13,Montpellier,Toulouse,True,True,False,3729,
7,27,Ligue 1,2015/2016,male,3900630,2016-02-12,Rennes,Angers,True,True,False,3564,
7,27,Ligue 1,2015/2016,male,3900629,2016-02-07,Marseille,Paris Saint-Germain,True,True,False,4082,
7,27,Ligue 1,2015/2016,male,3900626,2016-02-06,Gazélec Ajaccio,Guingamp,True,True,False,3304,
7,27,Ligue 1,2015/2016,male,3900623,2016-02-06,Lorient,Montpellier,True,True,False,3916,
7,27,Ligue 1,2015/2016,male,3900622,2016-02-06,Bastia,Troyes,True,True,False,3346,
7,27,Ligue 1,2015/2016,male,3900621,2016-02-06,Toulouse,Nantes,True,True,False,3601,
7,27,Ligue 1,2015/2016,male,3900620,2016-02-06,Caen,Stade de Reims,True,True,False,3339,
7,27,Ligue 1,2015/2016,male,3900619,2016-02-04,Rennes,Saint-Étienne,True,True,False,3554,
7,27,Ligue 1,2015/2016,male,3900618,2016-02-03,Paris Saint-Germain,Lorient,True,True,False,4372,
7,27,Ligue 1,2015/2016,male,3900615,2016-02-03,Nantes,Gazélec Ajaccio,True,True,False,3399,
7,27,Ligue 1,2015/2016,male,3900614,2016-02-03,Lille,Caen,True,True,False,3554,
7,27,Ligue 1,2015/2016,male,3900613,2016-02-03,OGC Nice,Toulouse,True,True,False,4183,
7,27,Ligue 1,2015/2016,male,3900612,2016-02-03,Guingamp,Troyes,True,True,False,3514,
7,27,Ligue 1,2015/2016,male,3900611,2016-02-02,AS Monaco,Bastia,True,True,False,3994,
7,27,Ligue 1,2015/2016,male,3900610,2016-02-02,Montpellier,Marseille,True,True,False,3608,
7,27,Ligue 1,2015/2016,male,3900581,2016-01-16,Bordeaux,Lille,True,True,False,3805,
7,27,Ligue 1,2015/2016,male,3900580,2016-01-15,OGC Nice,Angers,True,True,False,3910,
7,27,Ligue 1,2015/2016,male,3900579,2016-01-10,Nantes,Saint-Étienne,True,True,False,2982,
7,27,Ligue 1,2015/2016,male,3900578,2016-01-10,Lille,OGC Nice,True,True,False,3531,
7,27,Ligue 1,2015/2016,male,3900577,2016-01-10,Marseille,Guingamp,True,True,False,3468,
7,27,Ligue 1,2015/2016,male,3900576,2016-01-09,Montpellier,Bordeaux,True,True,False,3901,
7,27,Ligue 1,2015/2016,male,3900575,2016-01-09,Stade de Reims,Toulouse,True,True,False,3481,
7,27,Ligue 1,2015/2016,male,3900574,2016-01-09,Lyon,Troyes,True,True,False,4004,
7,27,Ligue 1,2015/2016,male,3900573,2016-01-09,Angers,Caen,True,True,False,3417,
7,27,Ligue 1,2015/2016,male,3900572,2016-01-09,AS Monaco,Gazélec Ajaccio,True,True,False,3795,
7,27,Ligue 1,2015/2016,male,3900571,2016-01-09,Rennes,Lorient,True,True,False,3814,
7,27,Ligue 1,2015/2016,male,3900569,2015-12-20,Saint-Étienne,Angers,True,True,False,3303,
7,27,Ligue 1,2015/2016,male,3900566,2015-12-19,Bastia,Stade de Reims,True,True,False,3506,
7,27,Ligue 1,2015/2016,male,3900565,2015-12-19,Lorient,Nantes,True,True,False,3500,
7,27,Ligue 1,2015/2016,male,3900564,2015-12-19,Troyes,AS Monaco,True,True,False,3274,
7,27,Ligue 1,2015/2016,male,3900563,2015-12-19,Guingamp,Rennes,True,True,False,3172,
7,27,Ligue 1,2015/2016,male,3900562,2015-12-19,Caen,Paris Saint-Germain,True,True,False,3791,
7,27,Ligue 1,2015/2016,male,3900561,2015-12-19,Toulouse,Lille,True,True,False,3504,
7,27,Ligue 1,2015/2016,male,3900560,2015-12-18,OGC Nice,Montpellier,True,True,False,3710,
7,27,Ligue 1,2015/2016,male,3900559,2015-12-13,Marseille,Gazélec Ajaccio,True,True,False,3712,
7,27,Ligue 1,2015/2016,male,3900558,2015-12-13,AS Monaco,Saint-Étienne,True,True,False,3156,
7,27,Ligue 1,2015/2016,male,3900557,2015-12-13,Paris Saint-Germain,Lyon,True,True,False,3824,
7,27,Ligue 1,2015/2016,male,3900556,2015-12-13,Angers,Bordeaux,True,True,False,3692,
7,27,Ligue 1,2015/2016,male,3900555,2015-12-12,Nantes,Toulouse,True,True,False,3490,
7,27,Ligue 1,2015/2016,male,3900554,2015-12-12,Troyes,Bastia,True,True,False,3344,
7,27,Ligue 1,2015/2016,male,3900553,2015-12-12,Stade de Reims,OGC Nice,True,True,False,3880,
7,27,Ligue 1,2015/2016,male,3900552,2015-12-12,Montpellier,Guingamp,True,True,False,3600,
7,27,Ligue 1,2015/2016,male,3900551,2015-12-12,Lille,Lorient,True,True,False,3823,
7,27,Ligue 1,2015/2016,male,3900550,2015-12-11,Rennes,Caen,True,True,False,3489,
7,27,Ligue 1,2015/2016,male,3900543,2015-12-05,Stade de Reims,Troyes,True,True,False,3796,
7,27,Ligue 1,2015/2016,male,3900542,2015-12-05,Caen,Lille,True,True,False,3195,
7,27,Ligue 1,2015/2016,male,3900527,2015-11-29,Marseille,AS Monaco,True,True,False,3321,
7,27,Ligue 1,2015/2016,male,3900526,2015-11-28,Angers,Lille,True,True,False,3604,
7,27,Ligue 1,2015/2016,male,3900525,2015-11-28,Nantes,Bastia,True,True,False,3283,
7,27,Ligue 1,2015/2016,male,3900524,2015-11-28,Gazélec Ajaccio,Lorient,True,True,False,4005,
7,27,Ligue 1,2015/2016,male,3900520,2015-11-27,Lyon,Montpellier,True,True,False,3824,
7,27,Ligue 1,2015/2016,male,3900516,2015-11-22,Saint-Étienne,Marseille,True,True,False,3797,
7,27,Ligue 1,2015/2016,male,3900513,2015-11-21,Troyes,Lille,True,True,False,3683,
7,27,Ligue 1,2015/2016,male,3900512,2015-11-21,Montpellier,Stade de Reims,True,True,False,3461,
7,27,Ligue 1,2015/2016,male,3900510,2015-11-20,OGC Nice,Lyon,True,True,False,4360,
7,27,Ligue 1,2015/2016,male,3900509,2015-11-08,Lyon,Saint-Étienne,True,True,False,2990,
7,27,Ligue 1,2015/2016,male,3900508,2015-11-08,Bordeaux,AS Monaco,True,True,False,3485,
7,27,Ligue 1,2015/2016,male,3900507,2015-11-08,Marseille,OGC Nice,True,True,False,3714,
7,27,Ligue 1,2015/2016,male,3900503,2015-11-07,Lille,Bastia,True,True,False,3179,
7,27,Ligue 1,2015/2016,male,3900502,2015-11-07,Lorient,Troyes,True,True,False,4013,
7,27,Ligue 1,2015/2016,male,3900501,2015-11-07,Paris Saint-Germain,Toulouse,True,True,False,4120,
7,27,Ligue 1,2015/2016,male,3900500,2015-11-06,Angers,Rennes,True,True,False,4174,
7,27,Ligue 1,2015/2016,male,3900499,2015-11-01,Nantes,Marseille,True,True,False,3719,
7,27,Ligue 1,2015/2016,male,3900498,2015-11-01,AS Monaco,Angers,True,True,False,3740,
7,27,Ligue 1,2015/2016,male,3900497,2015-11-01,OGC Nice,Lille,True,True,False,3504,
7,27,Ligue 1,2015/2016,male,3900496,2015-10-31,Toulouse,Montpellier,True,True,False,3708,
7,27,Ligue 1,2015/2016,male,3900495,2015-10-31,Bastia,Caen,True,True,False,3146,
7,27,Ligue 1,2015/2016,male,3900494,2015-10-31,Gazélec Ajaccio,Bordeaux,True,True,False,3510,
7,27,Ligue 1,2015/2016,male,3900493,2015-10-31,Troyes,Lyon,True,True,False,3848,
7,27,Ligue 1,2015/2016,male,3900492,2015-10-31,Guingamp,Lorient,True,True,False,3187,
7,27,Ligue 1,2015/2016,male,3900490,2015-10-30,Rennes,Paris Saint-Germain,True,True,False,4511,
7,27,Ligue 1,2015/2016,male,3829438,2015-08-22,OGC Nice,Caen,True,True,False,3767,
7,27,Ligue 1,2015/2016,male,3829413,2015-08-07,Lille,Paris Saint-Germain,True,True,False,3351,
7,27,Ligue 1,2015/2016,male,3829428,2015-08-15,Caen,Toulouse,True,True,False,3961,
7,27,Ligue 1,2015/2016,male,3829522,2015-11-04,OGC Nice,Nantes,True,True,False,3711,
7,27,Ligue 1,2015/2016,male,3829521,2015-10-25,Bordeaux,Troyes,True,True,False,3696,
7,27,Ligue 1,2015/2016,male,3829520,2015-10-25,Stade de Reims,AS Monaco,True,True,False,3759,
7,27,Ligue 1,2015/2016,male,3829517,2015-10-24,Gazélec Ajaccio,OGC Nice,True,True,False,3566,
7,27,Ligue 1,2015/2016,male,3829516,2015-10-24,Lorient,Rennes,True,True,False,3960,
7,27,Ligue 1,2015/2016,male,3829515,2015-10-24,Montpellier,Bastia,True,True,False,3803,
7,27,Ligue 1,2015/2016,male,3829511,2015-10-18,Bordeaux,Montpellier,True,True,False,3546,
7,27,Ligue 1,2015/2016,male,3829509,2015-10-18,Marseille,Lorient,True,True,False,3492,
7,27,Ligue 1,2015/2016,male,3829508,2015-10-17,Stade de Reims,Caen,True,True,False,3080,
7,27,Ligue 1,2015/2016,male,3829507,2015-10-17,Toulouse,Angers,True,True,False,4069,
7,27,Ligue 1,2015/2016,male,3829506,2015-10-17,Guingamp,Lille,True,True,False,3022,
7,27,Ligue 1,2015/2016,male,3829505,2015-10-17,Saint-Étienne,Gazélec Ajaccio,True,True,False,3664,
7,27,Ligue 1,2015/2016,male,3829504,2015-10-17,Bastia,Paris Saint-Germain,True,True,False,3723,
7,27,Ligue 1,2015/2016,male,3829503,2015-10-17,Nantes,Troyes,True,True,False,3610,
7,27,Ligue 1,2015/2016,male,3829502,2015-10-16,AS Monaco,Lyon,True,True,False,3808,
7,27,Ligue 1,2015/2016,male,3829501,2015-10-04,AS Monaco,Rennes,True,True,False,3463,
7,27,Ligue 1,2015/2016,male,3829500,2015-10-04,Paris Saint-Germain,Marseille,True,True,False,3724,
7,27,Ligue 1,2015/2016,male,3829498,2015-10-04,Lorient,Bordeaux,True,True,False,3701,
7,27,Ligue 1,2015/2016,male,3829497,2015-10-03,Troyes,Guingamp,True,True,False,3227,
7,27,Ligue 1,2015/2016,male,3829494,2015-10-03,Gazélec Ajaccio,Toulouse,True,True,False,3548,
7,27,Ligue 1,2015/2016,male,3829493,2015-10-02,Lille,Montpellier,True,True,False,3509,
7,27,Ligue 1,2015/2016,male,3829492,2015-09-29,Lille,Nantes,True,True,False,3281,
7,27,Ligue 1,2015/2016,male,3829491,2015-09-27,Marseille,Angers,True,True,False,3532,
7,27,Ligue 1,2015/2016,male,3829490,2015-09-27,Saint-Étienne,OGC Nice,True,True,False,3626,
7,27,Ligue 1,2015/2016,male,3829489,2015-09-27,Montpellier,Lorient,True,True,False,3112,
7,27,Ligue 1,2015/2016,male,3829488,2015-09-27,Guingamp,AS Monaco,True,True,False,2839,
7,27,Ligue 1,2015/2016,male,3829487,2015-09-26,Caen,Gazélec Ajaccio,True,True,False,3405,
7,27,Ligue 1,2015/2016,male,3829486,2015-09-26,Bastia,Toulouse,True,True,False,3490,
7,27,Ligue 1,2015/2016,male,3829485,2015-09-26,Rennes,Troyes,True,True,False,3412,
7,27,Ligue 1,2015/2016,male,3829484,2015-09-26,Bordeaux,Lyon,True,True,False,4023,
7,27,Ligue 1,2015/2016,male,3829483,2015-09-26,Nantes,Paris Saint-Germain,True,True,False,3613,
7,27,Ligue 1,2015/2016,male,3829482,2015-09-25,Stade de Reims,Lille,True,True,False,3164,
7,27,Ligue 1,2015/2016,male,3829481,2015-09-24,Montpellier,AS Monaco,True,True,False,3640,
7,27,Ligue 1,2015/2016,male,3829480,2015-09-23,Troyes,Saint-Étienne,True,True,False,3688,
7,27,Ligue 1,2015/2016,male,3829477,2015-09-23,Toulouse,Marseille,True,True,False,3403,
7,27,Ligue 1,2015/2016,male,3829476,2015-09-23,Lyon,Bastia,True,True,False,3798,
7,27,Ligue 1,2015/2016,male,3829475,2015-09-23,OGC Nice,Bordeaux,True,True,False,4200,
7,27,Ligue 1,2015/2016,male,3829474,2015-09-22,Angers,Stade de Reims,True,True,False,3811,
7,27,Ligue 1,2015/2016,male,3829473,2015-09-22,Paris Saint-Germain,Guingamp,True,True,False,4112,
7,27,Ligue 1,2015/2016,male,3829472,2015-09-20,Marseille,Lyon,True,True,False,3815,
7,27,Ligue 1,2015/2016,male,3829471,2015-09-20,Bordeaux,Toulouse,True,True,False,3236,
7,27,Ligue 1,2015/2016,male,3829468,2015-09-19,Guingamp,Gazélec Ajaccio,True,True,False,3351,
7,27,Ligue 1,2015/2016,male,3829467,2015-09-19,Caen,Montpellier,True,True,False,3379,
7,27,Ligue 1,2015/2016,male,3829465,2015-09-19,Stade de Reims,Paris Saint-Germain,True,True,False,3806,
7,27,Ligue 1,2015/2016,male,3829464,2015-09-19,Bastia,OGC Nice,True,True,False,3487,
7,27,Ligue 1,2015/2016,male,3829463,2015-09-18,Rennes,Lille,True,True,False,3198,
7,27,Ligue 1,2015/2016,male,3829462,2015-09-13,Gazélec Ajaccio,AS Monaco,True,True,False,2928,
7,27,Ligue 1,2015/2016,male,3829461,2015-09-13,Marseille,Bastia,True,True,False,3616,
7,27,Ligue 1,2015/2016,male,3829460,2015-09-13,Nantes,Rennes,True,True,False,3500,
7,27,Ligue 1,2015/2016,male,3829458,2015-09-12,Toulouse,Stade de Reims,True,True,False,3782,
7,27,Ligue 1,2015/2016,male,3829457,2015-09-12,Montpellier,Saint-Étienne,True,True,False,3455,
7,27,Ligue 1,2015/2016,male,3829456,2015-09-12,Lorient,Angers,True,True,False,4192,
7,27,Ligue 1,2015/2016,male,3829455,2015-09-12,Troyes,Caen,True,True,False,3440,
7,27,Ligue 1,2015/2016,male,3829453,2015-09-11,Paris Saint-Germain,Bordeaux,True,True,False,3862,
7,27,Ligue 1,2015/2016,male,3829452,2015-08-30,Bordeaux,Nantes,True,True,False,3414,
7,27,Ligue 1,2015/2016,male,3829451,2015-08-30,Saint-Étienne,Bastia,True,True,False,3407,
7,27,Ligue 1,2015/2016,male,3829450,2015-08-30,AS Monaco,Paris Saint-Germain,True,True,False,4205,
7,27,Ligue 1,2015/2016,male,3829449,2015-08-29,Rennes,Toulouse,True,True,False,3387,
7,27,Ligue 1,2015/2016,male,3829448,2015-08-29,Stade de Reims,Lorient,True,True,False,3304,
7,27,Ligue 1,2015/2016,male,3829447,2015-08-29,Lille,Gazélec Ajaccio,True,True,False,3209,
7,27,Ligue 1,2015/2016,male,3829446,2015-08-29,Troyes,Montpellier,True,True,False,3483,
7,27,Ligue 1,2015/2016,male,3829444,2015-08-29,Caen,Lyon,True,True,False,3279,
7,27,Ligue 1,2015/2016,male,3829443,2015-08-28,Guingamp,Marseille,True,True,False,3202,
7,27,Ligue 1,2015/2016,male,3829442,2015-08-23,Lille,Bordeaux,True,True,False,3073,
7,27,Ligue 1,2015/2016,male,3829441,2015-08-23,Marseille,Troyes,True,True,False,3583,
7,27,Ligue 1,2015/2016,male,3829440,2015-08-23,Lorient,Saint-Étienne,True,True,False,3486,
7,27,Ligue 1,2015/2016,male,3829437,2015-08-22,Gazélec Ajaccio,Angers,True,True,False,3327,
7,27,Ligue 1,2015/2016,male,3829436,2015-08-22,Nantes,Stade de Reims,True,True,False,3696,
7,27,Ligue 1,2015/2016,male,3829435,2015-08-22,Lyon,Rennes,True,True,False,3499,
7,27,Ligue 1,2015/2016,male,3829434,2015-08-22,Bastia,Guingamp,True,True,False,3189,
7,27,Ligue 1,2015/2016,male,3829432,2015-08-16,Paris Saint-Germain,Gazélec Ajaccio,True,True,False,3972,
7,27,Ligue 1,2015/2016,male,3829431,2015-08-16,Lorient,Bastia,True,True,False,3595,
7,27,Ligue 1,2015/2016,male,3829430,2015-08-16,Stade de Reims,Marseille,True,True,False,3533,
7,27,Ligue 1,2015/2016,male,3829429,2015-08-15,Rennes,Montpellier,True,True,False,3852,
7,27,Ligue 1,2015/2016,male,3829427,2015-08-15,Troyes,OGC Nice,True,True,False,3758,
7,27,Ligue 1,2015/2016,male,3829426,2015-08-15,Guingamp,Lyon,True,True,False,3103,
7,27,Ligue 1,2015/2016,male,3829425,2015-08-15,Angers,Nantes,True,True,False,3732,
7,27,Ligue 1,2015/2016,male,3829424,2015-08-15,Saint-Étienne,Bordeaux,True,True,False,3144,
7,27,Ligue 1,2015/2016,male,3829423,2015-08-14,AS Monaco,Lille,True,True,False,3407,
7,27,Ligue 1,2015/2016,male,3829422,2015-08-09,Lyon,Lorient,True,True,False,3909,
7,27,Ligue 1,2015/2016,male,3829421,2015-08-09,Toulouse,Saint-Étienne,True,True,False,3476,
7,27,Ligue 1,2015/2016,male,3829420,2015-08-09,Bordeaux,Stade de Reims,True,True,False,3527,
7,27,Ligue 1,2015/2016,male,3829419,2015-08-08,Montpellier,Angers,True,True,False,3538,
7,27,Ligue 1,2015/2016,male,3829418,2015-08-08,Nantes,Guingamp,True,True,False,3560,
7,27,Ligue 1,2015/2016,male,3829417,2015-08-08,Troyes,Gazélec Ajaccio,True,True,False,3574,
7,27,Ligue 1,2015/2016,male,3829415,2015-08-08,Bastia,Rennes,True,True,False,3194,
7,27,Ligue 1,2015/2016,male,3829414,2015-08-08,Marseille,Caen,True,True,False,3296,
44,107,Major League Soccer,2023,male,3877060,2023-08-27,New York Red Bulls,Inter Miami,True,True,False,3540,
44,107,Major League Soccer,2023,male,3877090,2023-09-04,LAFC,Inter Miami,True,True,False,3395,
44,107,Major League Soccer,2023,male,3877194,2023-10-22,Charlotte,Inter Miami,True,True,False,3552,
44,107,Major League Soccer,2023,male,3877072,2023-08-31,Inter Miami,Nashville SC,True,True,False,3694,
44,107,Major League Soccer,2023,male,3877170,2023-10-08,Inter Miami,Cincinnati,True,True,False,3467,
44,107,Major League Soccer,2023,male,3877115,2023-09-21,Inter Miami,Toronto FC,True,True,False,4138,
116,68,North American League,1977,male,3750234,1977-08-28,NY Cosmos,Seattle Sounders,True,True,False,3205,
49,3,NWSL,2018,female,7476,2018-07-08,NJ/NY Gotham FC,Chicago Red Stars,True,True,False,3157,
49,3,NWSL,2018,female,7482,2018-07-12,North Carolina Courage,Washington Spirit,True,True,False,3573,
49,3,NWSL,2018,female,7494,2018-08-06,Houston Dash,Utah Royals,True,True,False,3697,
49,3,NWSL,2018,female,7486,2018-07-16,Portland Thorns,Houston Dash,True,True,False,3187,
49,3,NWSL,2018,female,7497,2018-08-11,Chicago Red Stars,North Carolina Courage,True,True,False,3317,
49,3,NWSL,2018,female,7430,2018-04-15,Washington Spirit,North Carolina Courage,True,True,False,3529,
49,3,NWSL,2018,female,7444,2018-05-06,North Carolina Courage,Chicago Red Stars,True,True,False,2862,
49,3,NWSL,2018,female,7443,2018-05-05,Portland Thorns,OL Reign,True,True,False,3036,
49,3,NWSL,2018,female,7521,2018-06-03,NJ/NY Gotham FC,Utah Royals,True,True,False,2929,
49,3,NWSL,2018,female,7492,2018-08-06,Orlando Pride,NJ/NY Gotham FC,True,True,False,3092,
49,3,NWSL,2018,female,7524,2018-07-12,Houston Dash,Orlando Pride,True,True,False,3457,
49,3,NWSL,2018,female,7496,2018-08-09,Utah Royals,Washington Spirit,True,True,False,2966,
49,3,NWSL,2018,female,7523,2018-06-04,OL Reign,Orlando Pride,True,True,False,3323,
49,3,NWSL,2018,female,7520,2018-06-03,Washington Spirit,Chicago Red Stars,True,True,False,3134,
49,3,NWSL,2018,female,7493,2018-08-06,OL Reign,Washington Spirit,True,True,False,3456,
49,3,NWSL,2018,female,7500,2018-08-12,Orlando Pride,Portland Thorns,True,True,False,2834,
49,3,NWSL,2018,female,7519,2018-05-31,Portland Thorns,North Carolina Courage,True,True,False,2795,
49,3,NWSL,2018,female,7473,2018-07-01,Utah Royals,NJ/NY Gotham FC,True,True,False,3558,
49,3,NWSL,2018,female,7522,2018-06-04,Houston Dash,North Carolina Courage,True,True,False,3383,
49,3,NWSL,2018,female,7484,2018-07-15,NJ/NY Gotham FC,North Carolina Courage,True,True,False,3287,
49,3,NWSL,2018,female,7475,2018-07-05,North Carolina Courage,Chicago Red Stars,True,True,False,3145,
49,3,NWSL,2018,female,7457,2018-05-24,Orlando Pride,North Carolina Courage,True,True,False,3202,
49,3,NWSL,2018,female,7445,2018-05-06,Utah Royals,Washington Spirit,True,True,False,3088,
49,3,NWSL,2018,female,7490,2018-07-22,NJ/NY Gotham FC,Portland Thorns,True,True,False,3330,
49,3,NWSL,2018,female,7479,2018-07-08,Orlando Pride,Washington Spirit,True,True,False,3295,
49,3,NWSL,2018,female,7478,2018-07-08,OL Reign,Houston Dash,True,True,False,3380,
49,3,NWSL,2018,female,7456,2018-05-20,NJ/NY Gotham FC,North Carolina Courage,True,True,False,2726,
49,3,NWSL,2018,female,7471,2018-06-30,Orlando Pride,North Carolina Courage,True,True,False,3477,
49,3,NWSL,2018,female,7477,2018-07-07,Portland Thorns,Utah Royals,True,True,False,2999,
49,3,NWSL,2018,female,7472,2018-07-01,OL Reign,Portland Thorns,True,True,False,3028,
49,3,NWSL,2018,female,7474,2018-07-02,Chicago Red Stars,Washington Spirit,True,True,False,3021,
49,3,NWSL,2018,female,7487,2018-07-21,Utah Royals,North Carolina Courage,True,True,False,3033,
49,3,NWSL,2018,female,7485,2018-07-15,Chicago Red Stars,OL Reign,True,True,False,3233,
49,3,NWSL,2018,female,7483,2018-07-15,Utah Royals,Orlando Pride,True,True,False,2565,
49,3,NWSL,2018,female,7451,2018-05-13,North Carolina Courage,Washington Spirit,True,True,False,2937,
49,3,NWSL,2018,female,7480,2018-07-12,OL Reign,Utah Royals,True,True,False,3132,
2,27,Premier League,2015/2016,male,3754058,2016-01-02,Leicester City,AFC Bournemouth,True,True,False,3576,
2,27,Premier League,2015/2016,male,3754245,2015-10-17,West Bromwich Albion,Sunderland,True,True,False,3078,
2,27,Premier League,2015/2016,male,3754136,2015-12-19,Newcastle United,Aston Villa,True,True,False,3284,
2,27,Premier League,2015/2016,male,3754037,2016-04-30,Everton,AFC Bournemouth,True,True,False,3913,
2,27,Premier League,2015/2016,male,3754039,2016-02-13,Crystal Palace,Watford,True,True,False,3169,
2,27,Premier League,2015/2016,male,3754041,2016-05-15,Arsenal,Aston Villa,True,True,False,3772,
2,27,Premier League,2015/2016,male,3754042,2016-05-15,West Bromwich Albion,Liverpool,True,True,False,3617,
2,27,Premier League,2015/2016,male,3754043,2016-03-20,Tottenham Hotspur,AFC Bournemouth,True,True,False,3752,
2,27,Premier League,2015/2016,male,3754045,2015-12-29,Leicester City,Manchester City,True,True,False,3370,
2,27,Premier League,2015/2016,male,3754048,2016-04-13,Crystal Palace,Everton,True,True,False,3643,
2,27,Premier League,2015/2016,male,3754049,2016-02-27,Leicester City,Norwich City,True,True,False,3264,
2,27,Premier League,2015/2016,male,3754050,2016-03-01,Sunderland,Crystal Palace,True,True,False,3047,
2,27,Premier League,2015/2016,male,3754052,2016-03-19,West Bromwich Albion,Norwich City,True,True,False,3215,
2,27,Premier League,2015/2016,male,3754053,2016-03-13,Aston Villa,Tottenham Hotspur,True,True,False,3641,
2,27,Premier League,2015/2016,male,3754055,2016-05-11,Liverpool,Chelsea,True,True,False,3953,
2,27,Premier League,2015/2016,male,3754226,2015-12-30,Sunderland,Liverpool,True,True,False,3165,
2,27,Premier League,2015/2016,male,3754014,2015-12-26,Stoke City,Manchester United,True,True,False,3074,
2,27,Premier League,2015/2016,male,3754091,2015-10-24,Stoke City,Watford,True,True,False,3162,
2,27,Premier League,2015/2016,male,3754135,2015-12-05,Stoke City,Manchester City,True,True,False,3487,
2,27,Premier League,2015/2016,male,3754293,2015-11-07,Stoke City,Chelsea,True,True,False,3088,
2,27,Premier League,2015/2016,male,3754339,2015-09-26,Stoke City,AFC Bournemouth,True,True,False,3285,
2,27,Premier League,2015/2016,male,3754146,2015-09-19,Stoke City,Leicester City,True,True,False,3316,
2,27,Premier League,2015/2016,male,3754347,2015-12-05,Manchester United,West Ham United,True,True,False,3300,
2,27,Premier League,2015/2016,male,3754255,2015-12-13,Liverpool,West Bromwich Albion,True,True,False,3436,
2,27,Premier League,2015/2016,male,3754278,2015-10-03,AFC Bournemouth,Watford,True,True,False,3519,
2,27,Premier League,2015/2016,male,3753979,2015-11-23,Crystal Palace,Sunderland,True,True,False,3068,
2,27,Premier League,2015/2016,male,3753972,2015-11-21,Swansea City,AFC Bournemouth,True,True,False,3683,
2,27,Premier League,2015/2016,male,3753978,2015-09-26,Southampton,Swansea City,True,True,False,3492,
2,27,Premier League,2015/2016,male,3753974,2015-12-26,Newcastle United,Everton,True,True,False,3562,
2,27,Premier League,2015/2016,male,3753993,2015-08-15,Sunderland,Norwich City,True,True,False,3573,
2,27,Premier League,2015/2016,male,3753983,2015-10-31,Swansea City,Arsenal,True,True,False,3716,
2,27,Premier League,2015/2016,male,3754015,2015-10-25,Manchester United,Manchester City,True,True,False,3645,
2,27,Premier League,2015/2016,male,3754038,2015-11-29,Norwich City,Arsenal,True,True,False,3776,
2,27,Premier League,2015/2016,male,3754001,2015-09-26,Newcastle United,Chelsea,True,True,False,3392,
2,27,Premier League,2015/2016,male,3754007,2015-08-29,Stoke City,West Bromwich Albion,True,True,False,3429,
2,27,Premier League,2015/2016,male,3754008,2015-09-26,Manchester United,Sunderland,True,True,False,3433,
2,27,Premier League,2015/2016,male,3754029,2015-11-02,Tottenham Hotspur,Aston Villa,True,True,False,3438,
2,27,Premier League,2015/2016,male,3753995,2015-10-03,Chelsea,Southampton,True,True,False,3606,
2,27,Premier League,2015/2016,male,3753999,2015-10-17,Watford,Arsenal,True,True,False,3671,
2,27,Premier League,2015/2016,male,3754017,2015-10-24,Aston Villa,Swansea City,True,True,False,3169,
2,27,Premier League,2015/2016,male,3754006,2015-10-31,West Bromwich Albion,Leicester City,True,True,False,2823,
2,27,Premier League,2015/2016,male,3754023,2015-08-29,AFC Bournemouth,Leicester City,True,True,False,3153,
2,27,Premier League,2015/2016,male,3753984,2015-08-29,Liverpool,West Ham United,True,True,False,3420,
2,27,Premier League,2015/2016,male,3754011,2015-09-20,Southampton,Manchester United,True,True,False,3531,
2,27,Premier League,2015/2016,male,3754010,2015-09-19,Newcastle United,Watford,True,True,False,3381,
2,27,Premier League,2015/2016,male,3754028,2015-11-28,Manchester City,Southampton,True,True,False,3364,
2,27,Premier League,2015/2016,male,3753996,2015-11-21,Chelsea,Norwich City,True,True,False,3605,
2,27,Premier League,2015/2016,male,3754025,2015-12-19,Chelsea,Sunderland,True,True,False,3346,
2,27,Premier League,2015/2016,male,3754068,2015-09-19,Aston Villa,West Bromwich Albion,True,True,False,2925,
2,27,Premier League,2015/2016,male,3754056,2015-12-28,Everton,Stoke City,True,True,False,3547,
2,27,Premier League,2015/2016,male,3754040,2015-09-20,Liverpool,Norwich City,True,True,False,3690,
2,27,Premier League,2015/2016,male,3754074,2015-10-04,Swansea City,Tottenham Hotspur,True,True,False,3301,
2,27,Premier League,2015/2016,male,3754076,2015-10-03,Sunderland,West Ham United,True,True,False,3210,
2,27,Premier League,2015/2016,male,3754067,2015-10-17,Crystal Palace,West Ham United,True,True,False,3368,
2,27,Premier League,2015/2016,male,3754079,2015-10-03,Manchester City,Newcastle United,True,True,False,3448,
2,27,Premier League,2015/2016,male,3754090,2015-10-31,Newcastle United,Stoke City,True,True,False,3072,
2,27,Premier League,2015/2016,male,3754083,2015-08-29,Chelsea,Crystal Palace,True,True,False,3497,
2,27,Premier League,2015/2016,male,3754077,2015-09-19,Manchester City,West Ham United,True,True,False,3799,
2,27,Premier League,2015/2016,male,3754060,2015-10-04,Everton,Liverpool,True,True,False,3165,
2,27,Premier League,2015/2016,male,3754073,2015-12-05,Chelsea,AFC Bournemouth,True,True,False,3483,
2,27,Premier League,2015/2016,male,3754085,2015-12-05,Swansea City,Leicester City,True,True,False,3670,
2,27,Premier League,2015/2016,male,3754047,2015-11-29,Liverpool,Swansea City,True,True,False,3780,
2,27,Premier League,2015/2016,male,3754051,2015-12-20,Watford,Liverpool,True,True,False,2937,
2,27,Premier League,2015/2016,male,3754093,2015-11-29,Tottenham Hotspur,Chelsea,True,True,False,3398,
2,27,Premier League,2015/2016,male,3754046,2015-12-07,Everton,Crystal Palace,True,True,False,3615,
2,27,Premier League,2015/2016,male,3754072,2015-12-12,Sunderland,Watford,True,True,False,3480,
2,27,Premier League,2015/2016,male,3754082,2015-11-01,Everton,Sunderland,True,True,False,3651,
2,27,Premier League,2015/2016,male,3754106,2015-09-13,Leicester City,Aston Villa,True,True,False,3347,
2,27,Premier League,2015/2016,male,3754099,2015-10-03,Crystal Palace,West Bromwich Albion,True,True,False,3070,
2,27,Premier League,2015/2016,male,3754098,2015-10-31,Chelsea,Liverpool,True,True,False,3783,
2,27,Premier League,2015/2016,male,3754057,2015-12-26,Tottenham Hotspur,Norwich City,True,True,False,3347,
2,27,Premier League,2015/2016,male,3754112,2015-08-09,Newcastle United,Southampton,True,True,False,3368,
2,27,Premier League,2015/2016,male,3754117,2015-12-13,Aston Villa,Arsenal,True,True,False,3453,
2,27,Premier League,2015/2016,male,3754104,2015-08-22,Norwich City,Stoke City,True,True,False,3225,
2,27,Premier League,2015/2016,male,3754054,2015-12-26,Manchester City,Sunderland,True,True,False,3488,
2,27,Premier League,2015/2016,male,3754113,2015-12-05,Southampton,Aston Villa,True,True,False,3398,
2,27,Premier League,2015/2016,male,3754107,2015-08-14,Aston Villa,Manchester United,True,True,False,3677,
2,27,Premier League,2015/2016,male,3754105,2015-09-28,West Bromwich Albion,Everton,True,True,False,3346,
2,27,Premier League,2015/2016,male,3754097,2015-08-08,Manchester United,Tottenham Hotspur,True,True,False,3780,
2,27,Premier League,2015/2016,male,3754102,2015-10-18,Newcastle United,Norwich City,True,True,False,3307,
2,27,Premier League,2015/2016,male,3754115,2015-10-17,Chelsea,Aston Villa,True,True,False,3332,
2,27,Premier League,2015/2016,male,3754148,2015-09-13,Sunderland,Tottenham Hotspur,True,True,False,2992,
2,27,Premier League,2015/2016,male,3754169,2015-09-19,AFC Bournemouth,Sunderland,True,True,False,3405,
2,27,Premier League,2015/2016,male,3754174,2015-09-26,Leicester City,Arsenal,True,True,False,3523,
2,27,Premier League,2015/2016,male,3754185,2015-11-21,Watford,Manchester United,True,True,False,3361,
2,27,Premier League,2015/2016,male,3754162,2015-12-12,AFC Bournemouth,Manchester United,True,True,False,3303,
2,27,Premier League,2015/2016,male,3754096,2015-12-12,West Ham United,Stoke City,True,True,False,3132,
2,27,Premier League,2015/2016,male,3754171,2015-10-04,Arsenal,Manchester United,True,True,False,3762,
2,27,Premier League,2015/2016,male,3754119,2015-10-25,Sunderland,Newcastle United,True,True,False,2978,
2,27,Premier League,2015/2016,male,3754126,2015-10-24,Arsenal,Everton,True,True,False,3771,
2,27,Premier League,2015/2016,male,3754133,2015-10-24,Norwich City,West Bromwich Albion,True,True,False,2999,
2,27,Premier League,2015/2016,male,3754167,2015-10-31,Manchester City,Norwich City,True,True,False,3731,
2,27,Premier League,2015/2016,male,3754145,2015-08-10,West Bromwich Albion,Manchester City,True,True,False,4018,
2,27,Premier League,2015/2016,male,3754153,2015-12-19,Stoke City,Crystal Palace,True,True,False,2973,
2,27,Premier League,2015/2016,male,3754143,2015-12-06,Newcastle United,Liverpool,True,True,False,3574,
2,27,Premier League,2015/2016,male,3754186,2015-11-28,Leicester City,Manchester United,True,True,False,3264,
2,27,Premier League,2015/2016,male,3754130,2015-12-28,Norwich City,Aston Villa,True,True,False,2990,
2,27,Premier League,2015/2016,male,3754188,2015-12-19,Southampton,Tottenham Hotspur,True,True,False,3249,
2,27,Premier League,2015/2016,male,3754178,2015-11-28,Aston Villa,Watford,True,True,False,3023,
2,27,Premier League,2015/2016,male,3754157,2015-11-28,AFC Bournemouth,Everton,True,True,False,3695,
2,27,Premier League,2015/2016,male,3754166,2015-12-19,Everton,Leicester City,True,True,False,3208,
2,27,Premier League,2015/2016,male,3754211,2015-11-21,Newcastle United,Leicester City,True,True,False,3321,
2,27,Premier League,2015/2016,male,3754150,2015-11-28,Sunderland,Stoke City,True,True,False,3358,
2,27,Premier League,2015/2016,male,3754160,2015-12-05,Arsenal,Sunderland,True,True,False,3489,
2,27,Premier League,2015/2016,male,3754218,2015-12-12,Crystal Palace,Southampton,True,True,False,3072,
2,27,Premier League,2015/2016,male,3754217,2015-09-19,Chelsea,Arsenal,True,True,False,3732,
2,27,Premier League,2015/2016,male,3754205,2015-08-29,Newcastle United,Arsenal,True,True,False,3967,
2,27,Premier League,2015/2016,male,3754221,2015-08-30,Swansea City,Manchester United,True,True,False,3707,
2,27,Premier League,2015/2016,male,3754198,2015-10-17,Tottenham Hotspur,Liverpool,True,True,False,3601,
2,27,Premier League,2015/2016,male,3754193,2015-10-17,Manchester City,AFC Bournemouth,True,True,False,3616,
2,27,Premier League,2015/2016,male,3754222,2015-09-20,Tottenham Hotspur,Crystal Palace,True,True,False,3367,
2,27,Premier League,2015/2016,male,3754213,2015-09-12,Watford,Swansea City,True,True,False,3310,
2,27,Premier League,2015/2016,male,3754212,2015-09-26,Liverpool,Aston Villa,True,True,False,3455,
2,27,Premier League,2015/2016,male,3754223,2015-10-31,Crystal Palace,Manchester United,True,True,False,3193,
2,27,Premier League,2015/2016,male,3754197,2015-09-26,Tottenham Hotspur,Manchester City,True,True,False,3662,
2,27,Premier League,2015/2016,male,3754208,2015-11-21,Manchester City,Liverpool,True,True,False,3720,
2,27,Premier League,2015/2016,male,3754204,2015-08-29,Aston Villa,Sunderland,True,True,False,3326,
2,27,Premier League,2015/2016,male,3754194,2015-11-07,West Ham United,Everton,True,True,False,3392,
2,27,Premier League,2015/2016,male,3754219,2015-12-19,West Bromwich Albion,AFC Bournemouth,True,True,False,3058,
2,27,Premier League,2015/2016,male,3754254,2015-08-22,Manchester United,Newcastle United,True,True,False,3700,
2,27,Premier League,2015/2016,male,3754230,2015-10-25,Liverpool,Southampton,True,True,False,3621,
2,27,Premier League,2015/2016,male,3754285,2015-12-26,Aston Villa,West Ham United,True,True,False,3129,
2,27,Premier League,2015/2016,male,3754233,2015-08-23,Everton,Manchester City,True,True,False,3506,
2,27,Premier League,2015/2016,male,3754270,2015-08-15,Tottenham Hotspur,Stoke City,True,True,False,3630,
2,27,Premier League,2015/2016,male,3754237,2015-08-08,Leicester City,Sunderland,True,True,False,3036,
2,27,Premier League,2015/2016,male,3754257,2015-09-12,Crystal Palace,Manchester City,True,True,False,3251,
2,27,Premier League,2015/2016,male,3754266,2015-09-27,Watford,Crystal Palace,True,True,False,2912,
2,27,Premier League,2015/2016,male,3754256,2015-10-17,Everton,Manchester United,True,True,False,3727,
2,27,Premier League,2015/2016,male,3754288,2015-10-24,West Ham United,Chelsea,True,True,False,3175,
2,27,Premier League,2015/2016,male,3754238,2015-11-07,AFC Bournemouth,Newcastle United,True,True,False,3454,
2,27,Premier League,2015/2016,male,3754269,2015-10-19,Swansea City,Stoke City,True,True,False,3759,
2,27,Premier League,2015/2016,male,3754234,2015-10-25,AFC Bournemouth,Tottenham Hotspur,True,True,False,3526,
2,27,Premier League,2015/2016,male,3754246,2015-08-29,Manchester City,Watford,True,True,False,4025,
2,27,Premier League,2015/2016,male,3754296,2015-12-21,Arsenal,Manchester City,True,True,False,3859,
2,27,Premier League,2015/2016,male,3754273,2015-10-31,Watford,West Ham United,True,True,False,3192,
2,27,Premier League,2015/2016,male,3754263,2015-10-24,Leicester City,Crystal Palace,True,True,False,3334,
2,27,Premier League,2015/2016,male,3754268,2015-08-29,Tottenham Hotspur,Everton,True,True,False,3381,
2,27,Premier League,2015/2016,male,3754286,2015-12-05,Watford,Norwich City,True,True,False,2994,
2,27,Premier League,2015/2016,male,3754291,2015-12-28,Watford,Tottenham Hotspur,True,True,False,3287,
2,27,Premier League,2015/2016,male,3754283,2015-11-21,Everton,Aston Villa,True,True,False,3695,
2,27,Premier League,2015/2016,male,3754235,2015-11-29,West Ham United,West Bromwich Albion,True,True,False,2905,
2,27,Premier League,2015/2016,male,3754279,2015-12-26,Swansea City,West Bromwich Albion,True,True,False,3380,
2,27,Premier League,2015/2016,male,3754276,2015-12-13,Tottenham Hotspur,Newcastle United,True,True,False,3132,
2,27,Premier League,2015/2016,male,3754287,2015-12-26,Chelsea,Watford,True,True,False,3268,
2,27,Premier League,2015/2016,male,3754259,2015-12-20,Swansea City,West Ham United,True,True,False,3509,
2,27,Premier League,2015/2016,male,3754335,2015-10-03,Norwich City,Leicester City,True,True,False,3234,
2,27,Premier League,2015/2016,male,3754298,2015-09-19,Swansea City,Everton,True,True,False,3514,
2,27,Premier League,2015/2016,male,3754315,2015-09-12,Norwich City,AFC Bournemouth,True,True,False,3361,
2,27,Premier League,2015/2016,male,3754330,2015-10-03,Aston Villa,Stoke City,True,True,False,3604,
2,27,Premier League,2015/2016,male,3754337,2015-08-30,Southampton,Norwich City,True,True,False,3421,
2,27,Premier League,2015/2016,male,3754297,2015-11-07,Manchester United,West Bromwich Albion,True,True,False,3585,
2,27,Premier League,2015/2016,male,3754301,2015-11-21,West Bromwich Albion,Arsenal,True,True,False,3503,
2,27,Premier League,2015/2016,male,3754323,2015-09-26,West Ham United,Norwich City,True,True,False,3245,
2,27,Premier League,2015/2016,male,3754304,2015-11-28,Crystal Palace,Newcastle United,True,True,False,3293,
2,27,Premier League,2015/2016,male,3754311,2015-11-07,Norwich City,Swansea City,True,True,False,3689,
2,27,Premier League,2015/2016,male,3754328,2015-12-12,Manchester City,Swansea City,True,True,False,3897,
2,27,Premier League,2015/2016,male,3754309,2015-12-26,Southampton,Arsenal,True,True,False,3328,
2,27,Premier League,2015/2016,male,3754325,2015-09-12,West Bromwich Albion,Southampton,True,True,False,3587,
2,27,Premier League,2015/2016,male,3754329,2015-09-14,West Ham United,Newcastle United,True,True,False,3326,
2,27,Premier League,2015/2016,male,3754302,2015-10-17,Southampton,Leicester City,True,True,False,2963,
2,27,Premier League,2015/2016,male,3754013,2015-12-14,Leicester City,Chelsea,True,True,False,3225,
2,27,Premier League,2015/2016,male,3754044,2015-12-19,Manchester United,Norwich City,True,True,False,3497,
2,27,Premier League,2015/2016,male,3754351,2015-11-08,Liverpool,Crystal Palace,True,True,False,3143,
2,27,Premier League,2015/2016,male,3754343,2015-12-26,Liverpool,Leicester City,True,True,False,3205,
2,27,Premier League,2015/2016,male,3754109,2015-11-22,Tottenham Hotspur,West Ham United,True,True,False,3489,
2,27,Premier League,2015/2016,male,3754182,2015-12-12,Norwich City,Everton,True,True,False,3670,
2,27,Premier League,2015/2016,male,3754240,2015-09-12,Arsenal,Stoke City,True,True,False,3499,
2,27,Premier League,2015/2016,male,3754336,2015-09-12,Everton,Chelsea,True,True,False,3538,
2,27,Premier League,2015/2016,male,3754247,2015-11-21,Southampton,Stoke City,True,True,False,3471,
2,27,Premier League,2015/2016,male,3754156,2015-11-07,Leicester City,Watford,True,True,False,3272,
2,27,Premier League,2015/2016,male,3754265,2015-11-08,Arsenal,Tottenham Hotspur,True,True,False,3461,
2,27,Premier League,2015/2016,male,3754000,2015-11-07,Sunderland,Southampton,True,True,False,3229,
2,27,Premier League,2015/2016,male,3754003,2015-09-12,Manchester United,Liverpool,True,True,False,3688,
2,27,Premier League,2015/2016,male,3754344,2015-08-15,Swansea City,Newcastle United,True,True,False,3698,
2,27,Premier League,2015/2016,male,3754131,2015-08-22,West Ham United,AFC Bournemouth,True,True,False,3222,
2,27,Premier League,2015/2016,male,3754300,2015-08-08,Everton,Watford,True,True,False,3564,
2,27,Premier League,2015/2016,male,3754312,2015-08-16,Crystal Palace,Arsenal,True,True,False,3777,
2,27,Premier League,2015/2016,male,3754138,2015-08-08,Norwich City,Crystal Palace,True,True,False,3049,
2,27,Premier League,2015/2016,male,3754203,2015-08-15,West Ham United,Leicester City,True,True,False,3149,
2,27,Premier League,2015/2016,male,3754190,2015-08-22,Crystal Palace,Aston Villa,True,True,False,2959,
2,27,Premier League,2015/2016,male,3754066,2015-08-16,Manchester City,Chelsea,True,True,False,3412,
2,27,Premier League,2015/2016,male,3754034,2015-08-15,Southampton,Everton,True,True,False,3292,
2,27,Premier League,2015/2016,male,3753985,2015-08-09,Stoke City,Liverpool,True,True,False,3387,
2,27,Premier League,2015/2016,male,3753987,2015-08-22,Leicester City,Tottenham Hotspur,True,True,False,3141,
2,27,Premier League,2015/2016,male,3754189,2015-08-23,Watford,Southampton,True,True,False,3329,
2,27,Premier League,2015/2016,male,3754129,2015-08-24,Arsenal,Liverpool,True,True,False,4090,
2,27,Premier League,2015/2016,male,3754180,2015-08-22,Sunderland,Swansea City,True,True,False,3375,
2,27,Premier League,2015/2016,male,3754059,2015-08-23,West Bromwich Albion,Chelsea,True,True,False,3218,
2,27,Premier League,2015/2016,male,3754064,2016-03-20,Southampton,Liverpool,True,True,False,3841,
2,27,Premier League,2015/2016,male,3754065,2016-01-13,Tottenham Hotspur,Leicester City,True,True,False,3106,
2,27,Premier League,2015/2016,male,3754173,2015-12-28,Arsenal,AFC Bournemouth,True,True,False,4043,
2,27,Premier League,2015/2016,male,3754175,2016-04-02,Sunderland,West Bromwich Albion,True,True,False,3045,
2,27,Premier League,2015/2016,male,3753973,2016-03-19,Chelsea,West Ham United,True,True,False,3478,
2,27,Premier League,2015/2016,male,3753975,2016-01-23,Sunderland,AFC Bournemouth,True,True,False,3769,
2,27,Premier League,2015/2016,male,3753976,2016-03-02,Arsenal,Swansea City,True,True,False,3939,
2,27,Premier League,2015/2016,male,3753977,2016-03-19,Watford,Stoke City,True,True,False,3545,
2,27,Premier League,2015/2016,male,3753980,2016-03-19,Everton,Arsenal,True,True,False,3887,
2,27,Premier League,2015/2016,male,3753981,2016-01-12,Aston Villa,Crystal Palace,True,True,False,3502,
2,27,Premier League,2015/2016,male,3753982,2016-04-03,Leicester City,Southampton,True,True,False,3477,
2,27,Premier League,2015/2016,male,3753986,2016-04-10,Liverpool,Stoke City,True,True,False,3509,
2,27,Premier League,2015/2016,male,3753988,2016-03-12,AFC Bournemouth,Swansea City,True,True,False,3575,
2,27,Premier League,2015/2016,male,3753989,2016-05-11,Sunderland,Everton,True,True,False,3553,
2,27,Premier League,2015/2016,male,3753990,2016-04-24,Sunderland,Arsenal,True,True,False,3559,
2,27,Premier League,2015/2016,male,3753991,2016-03-02,Liverpool,Manchester City,True,True,False,3887,
2,27,Premier League,2015/2016,male,3753992,2016-05-08,Tottenham Hotspur,Southampton,True,True,False,3414,
2,27,Premier League,2015/2016,male,3753994,2016-05-15,Southampton,Crystal Palace,True,True,False,3263,
2,27,Premier League,2015/2016,male,3753997,2016-02-02,West Ham United,Aston Villa,True,True,False,3694,
2,27,Premier League,2015/2016,male,3753998,2015-12-28,West Ham United,Southampton,True,True,False,3333,
2,27,Premier League,2015/2016,male,3754002,2016-03-14,Leicester City,Newcastle United,True,True,False,3599,
2,27,Premier League,2015/2016,male,3754004,2016-01-16,AFC Bournemouth,Norwich City,True,True,False,3320,
2,27,Premier League,2015/2016,male,3754005,2016-03-02,Stoke City,Newcastle United,True,True,False,3372,
2,27,Premier League,2015/2016,male,3754009,2016-04-17,Arsenal,Crystal Palace,True,True,False,4013,
2,27,Premier League,2015/2016,male,3754012,2016-02-27,Southampton,Chelsea,True,True,False,3604,
2,27,Premier League,2015/2016,male,3754016,2016-04-09,Southampton,Newcastle United,True,True,False,3408,
2,27,Premier League,2015/2016,male,3754018,2016-05-01,Swansea City,Liverpool,True,True,False,4079,
2,27,Premier League,2015/2016,male,3754019,2015-12-28,Manchester United,Chelsea,True,True,False,3590,
2,27,Premier League,2015/2016,male,3754021,2016-01-12,AFC Bournemouth,West Ham United,True,True,False,3622,
2,27,Premier League,2015/2016,male,3754022,2016-04-09,Crystal Palace,Norwich City,True,True,False,2682,
2,27,Premier League,2015/2016,male,3754024,2016-04-16,Newcastle United,Swansea City,True,True,False,3335,
2,27,Premier League,2015/2016,male,3754026,2016-05-07,Crystal Palace,Stoke City,True,True,False,2816,
2,27,Premier League,2015/2016,male,3754027,2016-01-16,Tottenham Hotspur,Sunderland,True,True,False,3496,
2,27,Premier League,2015/2016,male,3754030,2016-04-09,Watford,Everton,True,True,False,3391,
2,27,Premier League,2015/2016,male,3754031,2016-02-13,Sunderland,Manchester United,True,True,False,3160,
2,27,Premier League,2015/2016,male,3754032,2016-01-13,Stoke City,Norwich City,True,True,False,3685,
2,27,Premier League,2015/2016,male,3754033,2016-05-07,Leicester City,Everton,True,True,False,3269,
2,27,Premier League,2015/2016,male,3754035,2016-04-09,Manchester City,West Bromwich Albion,True,True,False,3227,
2,27,Premier League,2015/2016,male,3754036,2016-01-02,Sunderland,Aston Villa,True,True,False,3436,
2,27,Premier League,2015/2016,male,3754061,2016-03-05,Chelsea,Stoke City,True,True,False,3566,
2,27,Premier League,2015/2016,male,3754062,2016-01-13,Chelsea,West Bromwich Albion,True,True,False,3369,
2,27,Premier League,2015/2016,male,3754063,2016-04-30,Watford,Aston Villa,True,True,False,3555,
2,27,Premier League,2015/2016,male,3754069,2016-01-02,Arsenal,Newcastle United,True,True,False,3589,
2,27,Premier League,2015/2016,male,3754070,2016-05-07,Aston Villa,Newcastle United,True,True,False,3587,
2,27,Premier League,2015/2016,male,3754071,2016-01-13,Swansea City,Sunderland,True,True,False,3345,
2,27,Premier League,2015/2016,male,3754075,2016-04-02,Aston Villa,Chelsea,True,True,False,3900,
2,27,Premier League,2015/2016,male,3754080,2016-02-06,Tottenham Hotspur,Watford,True,True,False,3555,
2,27,Premier League,2015/2016,male,3754081,2016-03-06,West Bromwich Albion,Manchester United,True,True,False,3644,
2,27,Premier League,2015/2016,male,3754084,2016-01-23,West Bromwich Albion,Aston Villa,True,True,False,3059,
2,27,Premier League,2015/2016,male,3754086,2016-04-20,West Ham United,Watford,True,True,False,3209,
2,27,Premier League,2015/2016,male,3754087,2016-04-02,Liverpool,Tottenham Hotspur,True,True,False,3601,
2,27,Premier League,2015/2016,male,3754088,2016-01-12,Newcastle United,Manchester United,True,True,False,3697,
2,27,Premier League,2015/2016,male,3754089,2016-02-02,Crystal Palace,AFC Bournemouth,True,True,False,3147,
2,27,Premier League,2015/2016,male,3754092,2016-05-02,Chelsea,Tottenham Hotspur,True,True,False,3299,
2,27,Premier League,2015/2016,male,3754094,2016-02-02,Manchester United,Stoke City,True,True,False,3655,
2,27,Premier League,2015/2016,male,3754095,2016-02-02,Sunderland,Manchester City,True,True,False,3507,
2,27,Premier League,2015/2016,male,3754100,2016-03-20,Newcastle United,Sunderland,True,True,False,3138,
2,27,Premier League,2015/2016,male,3754101,2016-01-02,Norwich City,Southampton,True,True,False,3220,
2,27,Premier League,2015/2016,male,3754103,2016-02-03,Watford,Chelsea,True,True,False,4012,
2,27,Premier League,2015/2016,male,3754108,2016-05-07,Sunderland,Chelsea,True,True,False,3537,
2,27,Premier League,2015/2016,male,3754110,2016-01-23,West Ham United,Manchester City,True,True,False,3478,
2,27,Premier League,2015/2016,male,3754111,2016-01-24,Arsenal,Chelsea,True,True,False,3741,
2,27,Premier League,2015/2016,male,3754114,2016-01-03,Crystal Palace,Chelsea,True,True,False,3783,
2,27,Premier League,2015/2016,male,3754116,2016-04-09,Swansea City,Chelsea,True,True,False,3995,
2,27,Premier League,2015/2016,male,3754118,2016-04-02,Arsenal,Watford,True,True,False,3845,
2,27,Premier League,2015/2016,male,3754120,2016-02-06,Southampton,West Ham United,True,True,False,3206,
2,27,Premier League,2015/2016,male,3754121,2016-02-27,Watford,AFC Bournemouth,True,True,False,3008,
2,27,Premier League,2015/2016,male,3754122,2016-01-02,West Bromwich Albion,Stoke City,True,True,False,3194,
2,27,Premier League,2015/2016,male,3754123,2016-05-15,Everton,Norwich City,True,True,False,3333,
2,27,Premier League,2015/2016,male,3754124,2016-03-20,Manchester City,Manchester United,True,True,False,3615,
2,27,Premier League,2015/2016,male,3754125,2016-01-16,Chelsea,Everton,True,True,False,4049,
2,27,Premier League,2015/2016,male,3754127,2016-02-06,Stoke City,Everton,True,True,False,3780,
2,27,Premier League,2015/2016,male,3754132,2016-04-30,Stoke City,Sunderland,True,True,False,2781,
2,27,Premier League,2015/2016,male,3754134,2016-05-10,West Ham United,Manchester United,True,True,False,3199,
2,27,Premier League,2015/2016,male,3754137,2016-04-16,Everton,Southampton,True,True,False,3186,
2,27,Premier League,2015/2016,male,3754139,2016-02-13,Swansea City,Southampton,True,True,False,3332,
2,27,Premier League,2015/2016,male,3754140,2016-01-03,Everton,Tottenham Hotspur,True,True,False,3896,
2,27,Premier League,2015/2016,male,3754142,2016-01-13,Manchester City,Everton,True,True,False,4015,
2,27,Premier League,2015/2016,male,3754144,2016-04-02,AFC Bournemouth,Manchester City,True,True,False,3896,
2,27,Premier League,2015/2016,male,3754147,2016-02-14,Manchester City,Tottenham Hotspur,True,True,False,4174,
2,27,Premier League,2015/2016,male,3754149,2016-05-15,Swansea City,Manchester City,True,True,False,4031,
2,27,Premier League,2015/2016,male,3754151,2016-03-05,Swansea City,Norwich City,True,True,False,3039,
2,27,Premier League,2015/2016,male,3754152,2016-04-10,Sunderland,Leicester City,True,True,False,3390,
2,27,Premier League,2015/2016,male,3754154,2016-04-23,Liverpool,Newcastle United,True,True,False,3800,
2,27,Premier League,2015/2016,male,3754155,2016-04-16,West Bromwich Albion,Watford,True,True,False,3035,
2,27,Premier League,2015/2016,male,3754158,2016-05-07,West Ham United,Swansea City,True,True,False,3424,
2,27,Premier League,2015/2016,male,3754159,2016-05-17,Manchester United,AFC Bournemouth,True,True,False,3824,
2,27,Premier League,2015/2016,male,3754161,2016-01-18,Swansea City,Watford,True,True,False,3473,
2,27,Premier League,2015/2016,male,3754163,2016-01-24,Everton,Swansea City,True,True,False,3909,
2,27,Premier League,2015/2016,male,3754164,2016-03-05,Southampton,Sunderland,True,True,False,3117,
2,27,Premier League,2015/2016,male,3754165,2016-05-01,Manchester United,Leicester City,True,True,False,3600,
2,27,Premier League,2015/2016,male,3754168,2016-01-16,Southampton,West Bromwich Albion,True,True,False,3241,
2,27,Premier League,2015/2016,male,3754170,2016-04-30,Newcastle United,Crystal Palace,True,True,False,3297,
2,27,Premier League,2015/2016,male,3754172,2016-04-16,Norwich City,Sunderland,True,True,False,2670,
2,27,Premier League,2015/2016,male,3754176,2016-04-02,West Ham United,Crystal Palace,True,True,False,2957,
2,27,Premier League,2015/2016,male,3754177,2016-03-05,Newcastle United,AFC Bournemouth,True,True,False,3938,
2,27,Premier League,2015/2016,male,3754179,2016-01-23,Crystal Palace,Tottenham Hotspur,True,True,False,3319,
2,27,Premier League,2015/2016,male,3754181,2016-03-19,Crystal Palace,Leicester City,True,True,False,3090,
2,27,Premier League,2015/2016,male,3754183,2016-01-13,Southampton,Watford,True,True,False,3536,
2,27,Premier League,2015/2016,male,3754184,2016-04-30,Arsenal,Norwich City,True,True,False,3732,
2,27,Premier League,2015/2016,male,3754187,2016-04-18,Stoke City,Tottenham Hotspur,True,True,False,3341,
2,27,Premier League,2015/2016,male,3754191,2015-11-01,Southampton,AFC Bournemouth,True,True,False,3763,
2,27,Premier League,2015/2016,male,3754192,2016-04-30,West Bromwich Albion,West Ham United,True,True,False,3232,
2,27,Premier League,2015/2016,male,3754195,2015-12-28,West Bromwich Albion,Newcastle United,True,True,False,2877,
2,27,Premier League,2015/2016,male,3754196,2016-03-12,Stoke City,Southampton,True,True,False,3468,
2,27,Premier League,2015/2016,male,3754199,2016-05-15,Stoke City,West Ham United,True,True,False,3042,
2,27,Premier League,2015/2016,male,3754200,2016-01-23,Manchester United,Southampton,True,True,False,3359,
2,27,Premier League,2015/2016,male,3754201,2016-02-02,Arsenal,Southampton,True,True,False,3521,
2,27,Premier League,2015/2016,male,3754202,2016-01-17,Stoke City,Arsenal,True,True,False,3532,
2,27,Premier League,2015/2016,male,3754206,2016-04-19,Newcastle United,Manchester City,True,True,False,3682,
2,27,Premier League,2015/2016,male,3754207,2016-05-11,Norwich City,Watford,True,True,False,3429,
2,27,Premier League,2015/2016,male,3754209,2016-04-10,Tottenham Hotspur,Manchester United,True,True,False,3444,
2,27,Premier League,2015/2016,male,3754210,2016-05-07,Norwich City,Manchester United,True,True,False,3478,
2,27,Premier League,2015/2016,male,3754214,2016-02-14,Aston Villa,Liverpool,True,True,False,3988,
2,27,Premier League,2015/2016,male,3754215,2015-12-05,West Bromwich Albion,Tottenham Hotspur,True,True,False,3363,
2,27,Premier League,2015/2016,male,3754216,2016-04-17,AFC Bournemouth,Liverpool,True,True,False,3866,
2,27,Premier League,2015/2016,male,3754220,2016-03-06,Crystal Palace,Liverpool,True,True,False,3580,
2,27,Premier League,2015/2016,male,3754224,2016-03-19,Swansea City,Aston Villa,True,True,False,3629,
2,27,Premier League,2015/2016,male,3754225,2016-05-07,AFC Bournemouth,West Bromwich Albion,True,True,False,3421,
2,27,Premier League,2015/2016,male,3754227,2016-04-17,Leicester City,West Ham United,True,True,False,2943,
2,27,Premier League,2015/2016,male,3754228,2016-04-24,Leicester City,Swansea City,True,True,False,4093,
2,27,Premier League,2015/2016,male,3754229,2016-05-15,Chelsea,Leicester City,True,True,False,3956,
2,27,Premier League,2015/2016,male,3754231,2016-03-01,Leicester City,West Bromwich Albion,True,True,False,3172,
2,27,Premier League,2015/2016,male,3754232,2016-03-02,Manchester United,Watford,True,True,False,3317,
2,27,Premier League,2015/2016,male,3754236,2016-02-27,West Bromwich Albion,Crystal Palace,True,True,False,3141,
2,27,Premier League,2015/2016,male,3754239,2016-02-28,Manchester United,Arsenal,True,True,False,3509,
2,27,Premier League,2015/2016,male,3754241,2016-04-09,West Ham United,Arsenal,True,True,False,3512,
2,27,Premier League,2015/2016,male,3754242,2016-04-23,AFC Bournemouth,Chelsea,True,True,False,3829,
2,27,Premier League,2015/2016,male,3754243,2016-04-02,Norwich City,Newcastle United,True,True,False,3272,
2,27,Premier League,2015/2016,male,3754244,2016-02-13,Norwich City,West Ham United,True,True,False,3188,
2,27,Premier League,2015/2016,male,3754249,2016-03-05,Manchester City,Aston Villa,True,True,False,4264,
2,27,Premier League,2015/2016,male,3754250,2016-01-16,Aston Villa,Leicester City,True,True,False,3419,
2,27,Premier League,2015/2016,male,3754251,2016-01-02,West Ham United,Liverpool,True,True,False,3345,
2,27,Premier League,2015/2016,male,3754252,2016-02-03,Everton,Newcastle United,True,True,False,3448,
2,27,Premier League,2015/2016,male,3754253,2016-02-07,AFC Bournemouth,Arsenal,True,True,False,4093,
2,27,Premier League,2015/2016,male,3754260,2016-01-16,Manchester City,Crystal Palace,True,True,False,3605,
2,27,Premier League,2015/2016,male,3754261,2016-02-14,Arsenal,Leicester City,True,True,False,3787,
2,27,Premier League,2015/2016,male,3754262,2016-04-09,Aston Villa,AFC Bournemouth,True,True,False,3681,
2,27,Premier League,2015/2016,male,3754264,2016-02-13,Chelsea,Newcastle United,True,True,False,4084,
2,27,Premier League,2015/2016,male,3754295,2016-04-16,Manchester United,Aston Villa,True,True,False,3454,
2,27,Premier League,2015/2016,male,3754271,2016-01-23,Watford,Newcastle United,True,True,False,3567,
2,27,Premier League,2015/2016,male,3754272,2016-04-02,Stoke City,Swansea City,True,True,False,3700,
2,27,Premier League,2015/2016,male,3754274,2016-02-13,AFC Bournemouth,Stoke City,True,True,False,3278,
2,27,Premier League,2015/2016,male,3754275,2016-02-02,Leicester City,Liverpool,True,True,False,3596,
2,27,Premier League,2015/2016,male,3754277,2016-03-05,Everton,West Ham United,True,True,False,3305,
2,27,Premier League,2015/2016,male,3754280,2016-03-01,Norwich City,Chelsea,True,True,False,3552,
2,27,Premier League,2015/2016,male,3754281,2016-02-07,Chelsea,Manchester United,True,True,False,3451,
2,27,Premier League,2015/2016,male,3754282,2016-04-23,Aston Villa,Southampton,True,True,False,3627,
2,27,Premier League,2015/2016,male,3754284,2016-04-21,Arsenal,West Bromwich Albion,True,True,False,3821,
2,27,Premier League,2015/2016,male,3754289,2016-03-05,Watford,Leicester City,True,True,False,3287,
2,27,Premier League,2015/2016,male,3754290,2016-02-06,Manchester City,Leicester City,True,True,False,3483,
2,27,Premier League,2015/2016,male,3754292,2016-02-06,Newcastle United,West Bromwich Albion,True,True,False,3000,
2,27,Premier League,2015/2016,male,3754294,2016-04-20,Liverpool,Everton,True,True,False,3554,
2,27,Premier League,2015/2016,male,3754248,2015-12-26,AFC Bournemouth,Crystal Palace,True,True,False,3304,
2,27,Premier League,2015/2016,male,3754299,2016-04-03,Manchester United,Everton,True,True,False,3795,
2,27,Premier League,2015/2016,male,3754303,2016-02-06,Swansea City,Crystal Palace,True,True,False,3443,
2,27,Premier League,2015/2016,male,3754305,2016-01-13,Liverpool,Arsenal,True,True,False,3528,
2,27,Premier League,2015/2016,male,3754306,2016-02-06,Aston Villa,Norwich City,True,True,False,3156,
2,27,Premier League,2015/2016,male,3754307,2016-04-23,Manchester City,Stoke City,True,True,False,3528,
2,27,Premier League,2015/2016,male,3754308,2016-05-15,Watford,Sunderland,True,True,False,3107,
2,27,Premier League,2015/2016,male,3754310,2016-04-20,Manchester United,Crystal Palace,True,True,False,3723,
2,27,Premier League,2015/2016,male,3754313,2016-03-12,Norwich City,Manchester City,True,True,False,3796,
2,27,Premier League,2015/2016,male,3754314,2016-05-08,Manchester City,Arsenal,True,True,False,3552,
2,27,Premier League,2015/2016,male,3754316,2016-02-06,Liverpool,Sunderland,True,True,False,3704,
2,27,Premier League,2015/2016,male,3754317,2016-02-02,Norwich City,Tottenham Hotspur,True,True,False,3213,
2,27,Premier League,2015/2016,male,3754318,2016-03-05,Tottenham Hotspur,Arsenal,True,True,False,3422,
2,27,Premier League,2015/2016,male,3754319,2016-01-02,Manchester United,Swansea City,True,True,False,3636,
2,27,Premier League,2015/2016,male,3754320,2016-05-01,Southampton,Manchester City,True,True,False,3900,
2,27,Premier League,2015/2016,male,3754321,2016-02-27,Stoke City,Aston Villa,True,True,False,3783,
2,27,Premier League,2015/2016,male,3754322,2016-04-16,Chelsea,Manchester City,True,True,False,4009,
2,27,Premier League,2015/2016,male,3754324,2016-02-28,Tottenham Hotspur,Swansea City,True,True,False,3178,
2,27,Premier League,2015/2016,male,3754326,2015-12-28,Crystal Palace,Swansea City,True,True,False,3167,
2,27,Premier League,2015/2016,male,3754327,2016-03-01,Aston Villa,Everton,True,True,False,3825,
2,27,Premier League,2015/2016,male,3754331,2016-02-27,West Ham United,Sunderland,True,True,False,3145,
2,27,Premier League,2015/2016,male,3754332,2016-04-25,Tottenham Hotspur,West Bromwich Albion,True,True,False,3300,
2,27,Premier League,2015/2016,male,3754333,2016-05-15,Newcastle United,Tottenham Hotspur,True,True,False,3550,
2,27,Premier League,2015/2016,male,3754334,2016-03-01,AFC Bournemouth,Southampton,True,True,False,3161,
2,27,Premier League,2015/2016,male,3754338,2016-01-16,Newcastle United,West Ham United,True,True,False,3588,
2,27,Premier League,2015/2016,male,3754340,2016-02-02,West Bromwich Albion,Swansea City,True,True,False,3396,
2,27,Premier League,2015/2016,male,3754341,2016-01-23,Leicester City,Stoke City,True,True,False,3255,
2,27,Premier League,2015/2016,male,3754342,2016-05-08,Liverpool,Watford,True,True,False,3356,
2,27,Premier League,2015/2016,male,3754345,2016-01-17,Liverpool,Manchester United,True,True,False,3676,
2,27,Premier League,2015/2016,male,3754346,2016-01-02,Watford,Manchester City,True,True,False,3394,
2,27,Premier League,2015/2016,male,3754348,2016-01-23,Norwich City,Liverpool,True,True,False,3499,
2,27,Premier League,2015/2016,male,3754349,2016-03-02,West Ham United,Tottenham Hotspur,True,True,False,3476,
2,27,Premier League,2015/2016,male,3754350,2016-02-13,Everton,West Bromwich Albion,True,True,False,3490,
2,27,Premier League,2015/2016,male,3754258,2015-11-08,Aston Villa,Manchester City,True,True,False,3672,
2,27,Premier League,2015/2016,male,3754020,2015-08-17,Liverpool,AFC Bournemouth,True,True,False,3490,
2,27,Premier League,2015/2016,male,3754267,2015-08-15,Watford,West Bromwich Albion,True,True,False,3307,
2,27,Premier League,2015/2016,male,3754141,2015-08-09,Arsenal,West Ham United,True,True,False,3564,
2,27,Premier League,2015/2016,male,3754128,2015-08-08,AFC Bournemouth,Aston Villa,True,True,False,3711,
2,27,Premier League,2015/2016,male,3754078,2015-08-08,Chelsea,Swansea City,True,True,False,3352,
2,44,Premier League,2003/2004,male,3749052,2004-02-07,Wolverhampton Wanderers,Arsenal,True,True,False,3518,
2,44,Premier League,2003/2004,male,3749522,2003-12-26,Arsenal,Wolverhampton Wanderers,True,True,False,3542,
2,44,Premier League,2003/2004,male,3749246,2004-03-28,Arsenal,Manchester United,True,True,False,3099,
2,44,Premier League,2003/2004,male,3749257,2004-05-15,Arsenal,Leicester City,True,True,False,3456,
2,44,Premier League,2003/2004,male,3749642,2004-02-28,Arsenal,Charlton Athletic,True,True,False,3625,
2,44,Premier League,2003/2004,male,3749358,2003-08-24,Middlesbrough,Arsenal,True,True,False,3900,
2,44,Premier League,2003/2004,male,3749346,2003-11-01,Leeds United,Arsenal,True,True,False,3476,
2,44,Premier League,2003/2004,male,3749253,2003-10-04,Liverpool,Arsenal,True,True,False,3337,
2,44,Premier League,2003/2004,male,3749079,2003-10-18,Arsenal,Chelsea,True,True,False,3612,
2,44,Premier League,2003/2004,male,3749465,2004-03-13,Blackburn Rovers,Arsenal,True,True,False,3735,
2,44,Premier League,2003/2004,male,3749133,2004-01-18,Aston Villa,Arsenal,True,True,False,3384,
2,44,Premier League,2003/2004,male,3749528,2003-09-26,Arsenal,Newcastle United,True,True,False,3237,
2,44,Premier League,2003/2004,male,3749233,2004-02-01,Arsenal,Manchester City,True,True,False,3404,
2,44,Premier League,2003/2004,male,3749462,2004-05-01,Arsenal,Birmingham City,True,True,False,3802,
2,44,Premier League,2003/2004,male,3749552,2003-09-21,Manchester United,Arsenal,True,True,False,3572,
2,44,Premier League,2003/2004,male,3749296,2003-09-13,Arsenal,Portsmouth,True,True,False,3221,
2,44,Premier League,2003/2004,male,3749454,2003-08-31,Manchester City,Arsenal,True,True,False,3338,
2,44,Premier League,2003/2004,male,3749276,2004-02-21,Chelsea,Arsenal,True,True,False,3350,
2,44,Premier League,2003/2004,male,3749068,2004-04-25,Tottenham Hotspur,Arsenal,True,True,False,3156,
2,44,Premier League,2003/2004,male,3749310,2003-12-29,Southampton,Arsenal,True,True,False,3426,
2,44,Premier League,2003/2004,male,3749493,2003-08-16,Arsenal,Everton,True,True,False,3057,
2,44,Premier League,2003/2004,male,3749434,2003-11-22,Birmingham City,Arsenal,True,True,False,3479,
2,44,Premier League,2003/2004,male,3749192,2003-11-30,Arsenal,Fulham,True,True,False,3624,
2,44,Premier League,2003/2004,male,3749196,2003-11-08,Arsenal,Tottenham Hotspur,True,True,False,2744,
2,44,Premier League,2003/2004,male,3749448,2004-04-09,Arsenal,Liverpool,True,True,False,3032,
2,44,Premier League,2003/2004,male,3749360,2003-12-14,Arsenal,Blackburn Rovers,True,True,False,3706,
2,44,Premier League,2003/2004,male,3749453,2004-04-16,Arsenal,Leeds United,True,True,False,3541,
2,44,Premier League,2003/2004,male,3749278,2003-12-20,Bolton Wanderers,Arsenal,True,True,False,3154,
2,44,Premier League,2003/2004,male,3749603,2004-05-09,Fulham,Arsenal,True,True,False,3616,
2,44,Premier League,2003/2004,male,3749274,2004-05-04,Portsmouth,Arsenal,True,True,False,3727,
2,44,Premier League,2003/2004,male,3749590,2003-12-06,Leicester City,Arsenal,True,True,False,3237,
2,44,Premier League,2003/2004,male,3749631,2004-02-10,Arsenal,Southampton,True,True,False,3304,
2,44,Premier League,2003/2004,male,3749117,2004-01-07,Everton,Arsenal,True,True,False,3125,
2,44,Premier League,2003/2004,male,3749108,2003-08-27,Arsenal,Aston Villa,True,True,False,3235,
2,44,Premier League,2003/2004,male,3749153,2004-01-10,Arsenal,Middlesbrough,True,True,False,3514,
2,44,Premier League,2003/2004,male,3749403,2004-03-20,Arsenal,Bolton Wanderers,True,True,False,3424,
2,44,Premier League,2003/2004,male,3749526,2003-10-26,Charlton Athletic,Arsenal,True,True,False,3444,
2,44,Premier League,2003/2004,male,3749431,2004-04-11,Newcastle United,Arsenal,True,True,False,3248,
12,27,Serie A,2015/2016,male,3879863,2016-05-08,Atalanta,Udinese,True,True,False,3560,
12,27,Serie A,2015/2016,male,3879773,2016-03-06,Frosinone,Udinese,True,True,False,3669,
12,27,Serie A,2015/2016,male,3879847,2016-04-30,Udinese,Torino,True,True,False,3400,
12,27,Serie A,2015/2016,male,3879862,2016-05-08,Torino,Napoli,True,True,False,3911,
12,27,Serie A,2015/2016,male,3879817,2016-04-16,Inter Milan,Napoli,True,True,False,3886,
12,27,Serie A,2015/2016,male,3879825,2016-04-17,Lazio,Empoli,True,True,False,3925,
12,27,Serie A,2015/2016,male,3879750,2016-02-21,Atalanta,Fiorentina,True,True,False,3538,
12,27,Serie A,2015/2016,male,3879567,2015-10-17,AS Roma,Empoli,True,True,False,3825,
12,27,Serie A,2015/2016,male,3879785,2016-03-13,Lazio,Atalanta,True,True,False,3587,
12,27,Serie A,2015/2016,male,3879705,2016-01-24,Sassuolo,Bologna,True,True,False,3644,
12,27,Serie A,2015/2016,male,3879628,2015-11-28,AC Milan,Sampdoria,True,True,False,3652,
12,27,Serie A,2015/2016,male,3879665,2015-12-20,Frosinone,AC Milan,True,True,False,3374,
12,27,Serie A,2015/2016,male,3879699,2016-01-24,Sampdoria,Napoli,True,True,False,3930,
12,27,Serie A,2015/2016,male,3879703,2016-01-24,Lazio,Chievo,True,True,False,3728,
12,27,Serie A,2015/2016,male,3879609,2015-11-08,Napoli,Udinese,True,True,False,3495,
12,27,Serie A,2015/2016,male,3879653,2015-12-13,Juventus,Fiorentina,True,True,False,3712,
12,27,Serie A,2015/2016,male,3879632,2015-11-29,AS Roma,Atalanta,True,True,False,3374,
12,27,Serie A,2015/2016,male,3879663,2015-12-20,Hellas Verona,Sassuolo,True,True,False,3615,
12,27,Serie A,2015/2016,male,3879645,2015-12-06,Bologna,Napoli,True,True,False,4125,
12,27,Serie A,2015/2016,male,3879579,2015-10-24,Palermo,Inter Milan,True,True,False,3535,
12,27,Serie A,2015/2016,male,3879566,2015-10-04,Udinese,Genoa,True,True,False,3430,
12,27,Serie A,2015/2016,male,3879587,2015-10-27,Bologna,Inter Milan,True,True,False,3830,
12,27,Serie A,2015/2016,male,3879556,2015-09-28,Frosinone,Empoli,True,True,False,3043,
12,27,Serie A,2015/2016,male,3879585,2015-10-25,AC Milan,Sassuolo,True,True,False,3622,
12,27,Serie A,2015/2016,male,3879582,2015-10-25,Lazio,Torino,True,True,False,3653,
12,27,Serie A,2015/2016,male,3879564,2015-10-04,Palermo,AS Roma,True,True,False,3647,
12,27,Serie A,2015/2016,male,3879562,2015-10-04,AC Milan,Napoli,True,True,False,3876,
12,27,Serie A,2015/2016,male,3879837,2016-04-23,Inter Milan,Udinese,True,True,False,3455,
12,27,Serie A,2015/2016,male,3879838,2016-04-24,Sampdoria,Lazio,True,True,False,3420,
12,27,Serie A,2015/2016,male,3879839,2016-04-24,Fiorentina,Juventus,True,True,False,4070,
12,27,Serie A,2015/2016,male,3879840,2016-04-24,Bologna,Genoa,True,True,False,3979,
12,27,Serie A,2015/2016,male,3879836,2016-04-21,AC Milan,Carpi,True,True,False,3637,
12,27,Serie A,2015/2016,male,3879833,2016-04-20,Juventus,Lazio,True,True,False,3532,
12,27,Serie A,2015/2016,male,3879828,2016-04-20,AS Roma,Torino,True,True,False,3459,
12,27,Serie A,2015/2016,male,3879832,2016-04-20,Palermo,Atalanta,True,True,False,3349,
12,27,Serie A,2015/2016,male,3879830,2016-04-20,Genoa,Inter Milan,True,True,False,3739,
12,27,Serie A,2015/2016,male,3879792,2016-03-20,Sampdoria,Chievo,True,True,False,3250,
12,27,Serie A,2015/2016,male,3879795,2016-03-20,Hellas Verona,Carpi,True,True,False,3200,
12,27,Serie A,2015/2016,male,3879794,2016-03-20,Atalanta,Bologna,True,True,False,3309,
12,27,Serie A,2015/2016,male,3879788,2016-03-19,Empoli,Palermo,True,True,False,3615,
12,27,Serie A,2015/2016,male,3879787,2016-03-19,AS Roma,Inter Milan,True,True,False,3751,
12,27,Serie A,2015/2016,male,3879786,2016-03-13,Palermo,Napoli,True,True,False,4597,
12,27,Serie A,2015/2016,male,3879784,2016-03-13,Genoa,Torino,True,True,False,3432,
12,27,Serie A,2015/2016,male,3879783,2016-03-13,Udinese,AS Roma,True,True,False,3700,
12,27,Serie A,2015/2016,male,3879782,2016-03-13,Carpi,Frosinone,True,True,False,3404,
12,27,Serie A,2015/2016,male,3879781,2016-03-13,Chievo,AC Milan,True,True,False,3580,
12,27,Serie A,2015/2016,male,3879780,2016-03-13,Fiorentina,Hellas Verona,True,True,False,3773,
12,27,Serie A,2015/2016,male,3879779,2016-03-12,Inter Milan,Bologna,True,True,False,3640,
12,27,Serie A,2015/2016,male,3879778,2016-03-12,Empoli,Sampdoria,True,True,False,3547,
12,27,Serie A,2015/2016,male,3879777,2016-03-11,Juventus,Sassuolo,True,True,False,3484,
12,27,Serie A,2015/2016,male,3879774,2016-03-06,Inter Milan,Palermo,True,True,False,3823,
12,27,Serie A,2015/2016,male,3879776,2016-03-06,Bologna,Carpi,True,True,False,3687,
12,27,Serie A,2015/2016,male,3879771,2016-03-06,Sassuolo,AC Milan,True,True,False,3726,
12,27,Serie A,2015/2016,male,3879772,2016-03-06,Torino,Lazio,True,True,False,3465,
12,27,Serie A,2015/2016,male,3879756,2016-02-22,Napoli,AC Milan,True,True,False,3835,
12,27,Serie A,2015/2016,male,3879754,2016-02-21,Torino,Carpi,True,True,False,3094,
12,27,Serie A,2015/2016,male,3879748,2016-02-20,Hellas Verona,Chievo,True,True,False,3076,
12,27,Serie A,2015/2016,male,3879749,2016-02-20,Inter Milan,Sampdoria,True,True,False,3504,
12,27,Serie A,2015/2016,male,3879747,2016-02-19,Bologna,Juventus,True,True,False,3771,
12,27,Serie A,2015/2016,male,3879742,2016-02-14,AC Milan,Genoa,True,True,False,3671,
12,27,Serie A,2015/2016,male,3879746,2016-02-14,Fiorentina,Inter Milan,True,True,False,3418,
12,27,Serie A,2015/2016,male,3879744,2016-02-14,Sampdoria,Atalanta,True,True,False,3605,
12,27,Serie A,2015/2016,male,3879745,2016-02-14,Palermo,Torino,True,True,False,3378,
12,27,Serie A,2015/2016,male,3879743,2016-02-14,Udinese,Bologna,True,True,False,3374,
12,27,Serie A,2015/2016,male,3879739,2016-02-13,Juventus,Napoli,True,True,False,4187,
12,27,Serie A,2015/2016,male,3879741,2016-02-13,Chievo,Sassuolo,True,True,False,3288,
12,27,Serie A,2015/2016,male,3879740,2016-02-13,Empoli,Frosinone,True,True,False,3104,
12,27,Serie A,2015/2016,male,3879738,2016-02-12,Carpi,AS Roma,True,True,False,3616,
12,27,Serie A,2015/2016,male,3879737,2016-02-11,Lazio,Hellas Verona,True,True,False,3565,
12,27,Serie A,2015/2016,male,3879732,2016-02-07,Torino,Chievo,True,True,False,3276,
12,27,Serie A,2015/2016,male,3879707,2016-01-30,AS Roma,Frosinone,True,True,False,3176,
12,27,Serie A,2015/2016,male,3879702,2016-01-24,Hellas Verona,Genoa,True,True,False,3606,
12,27,Serie A,2015/2016,male,3879704,2016-01-24,Inter Milan,Carpi,True,True,False,3709,
12,27,Serie A,2015/2016,male,3879701,2016-01-24,Juventus,AS Roma,True,True,False,4099,
12,27,Serie A,2015/2016,male,3879700,2016-01-24,Palermo,Udinese,True,True,False,3641,
12,27,Serie A,2015/2016,male,3879706,2016-01-24,Fiorentina,Torino,True,True,False,3275,
12,27,Serie A,2015/2016,male,3878559,2015-08-30,Atalanta,Frosinone,True,True,False,3533,
12,27,Serie A,2015/2016,male,3879636,2015-11-30,Sassuolo,Fiorentina,True,True,False,3951,
12,27,Serie A,2015/2016,male,3879627,2015-11-28,Torino,Bologna,True,True,False,3642,
12,27,Serie A,2015/2016,male,3879626,2015-11-22,Inter Milan,Frosinone,True,True,False,3381,
12,27,Serie A,2015/2016,male,3879625,2015-11-22,Udinese,Sampdoria,True,True,False,3739,
12,27,Serie A,2015/2016,male,3879624,2015-11-22,Lazio,Palermo,True,True,False,3531,
12,27,Serie A,2015/2016,male,3879623,2015-11-22,Fiorentina,Empoli,True,True,False,3830,
12,27,Serie A,2015/2016,male,3879622,2015-11-22,Carpi,Chievo,True,True,False,3233,
12,27,Serie A,2015/2016,male,3879621,2015-11-22,Atalanta,Torino,True,True,False,3407,
12,27,Serie A,2015/2016,male,3879620,2015-11-22,Hellas Verona,Napoli,True,True,False,4275,
12,27,Serie A,2015/2016,male,3878611,2015-09-20,Chievo,Inter Milan,True,True,False,3443,
12,27,Serie A,2015/2016,male,3878610,2015-09-20,Atalanta,Hellas Verona,True,True,False,2872,
12,27,Serie A,2015/2016,male,3878608,2015-09-20,Bologna,Frosinone,True,True,False,3329,
12,27,Serie A,2015/2016,male,3878607,2015-09-20,AS Roma,Sassuolo,True,True,False,3429,
12,27,Serie A,2015/2016,male,3878606,2015-09-20,Torino,Sampdoria,True,True,False,3592,
12,27,Serie A,2015/2016,male,3878605,2015-09-20,Carpi,Fiorentina,True,True,False,3889,
12,27,Serie A,2015/2016,male,3879876,2016-05-15,Genoa,Atalanta,True,True,False,3518,
12,27,Serie A,2015/2016,male,3879875,2016-05-15,Palermo,Hellas Verona,True,True,False,3460,
12,27,Serie A,2015/2016,male,3879874,2016-05-15,Lazio,Fiorentina,True,True,False,3952,
12,27,Serie A,2015/2016,male,3879873,2016-05-15,Empoli,Torino,True,True,False,3630,
12,27,Serie A,2015/2016,male,3879872,2016-05-15,Chievo,Bologna,True,True,False,3901,
12,27,Serie A,2015/2016,male,3879871,2016-05-15,Udinese,Carpi,True,True,False,3367,
12,27,Serie A,2015/2016,male,3879870,2016-05-14,Juventus,Sampdoria,True,True,False,3385,
12,27,Serie A,2015/2016,male,3879869,2016-05-14,AC Milan,AS Roma,True,True,False,3828,
12,27,Serie A,2015/2016,male,3879868,2016-05-14,Sassuolo,Inter Milan,True,True,False,3541,
12,27,Serie A,2015/2016,male,3879867,2016-05-14,Napoli,Frosinone,True,True,False,3622,
12,27,Serie A,2015/2016,male,3879866,2016-05-08,AS Roma,Chievo,True,True,False,4089,
12,27,Serie A,2015/2016,male,3879865,2016-05-08,Sampdoria,Genoa,True,True,False,3281,
12,27,Serie A,2015/2016,male,3879864,2016-05-08,Hellas Verona,Juventus,True,True,False,3537,
12,27,Serie A,2015/2016,male,3879861,2016-05-08,Frosinone,Sassuolo,True,True,False,2943,
12,27,Serie A,2015/2016,male,3879860,2016-05-08,Fiorentina,Palermo,True,True,False,3364,
12,27,Serie A,2015/2016,male,3879859,2016-05-08,Carpi,Lazio,True,True,False,3369,
12,27,Serie A,2015/2016,male,3879858,2016-05-07,Bologna,AC Milan,True,True,False,3530,
12,27,Serie A,2015/2016,male,3879857,2016-05-07,Inter Milan,Empoli,True,True,False,3869,
12,27,Serie A,2015/2016,male,3879856,2016-05-02,Genoa,AS Roma,True,True,False,3632,
12,27,Serie A,2015/2016,male,3879855,2016-05-02,Napoli,Atalanta,True,True,False,4336,
12,27,Serie A,2015/2016,male,3879854,2016-05-01,Sassuolo,Hellas Verona,True,True,False,3633,
12,27,Serie A,2015/2016,male,3879853,2016-05-01,Lazio,Inter Milan,True,True,False,3758,
12,27,Serie A,2015/2016,male,3879852,2016-05-01,Palermo,Sampdoria,True,True,False,3419,
12,27,Serie A,2015/2016,male,3879851,2016-05-01,AC Milan,Frosinone,True,True,False,2873,
12,27,Serie A,2015/2016,male,3879850,2016-05-01,Juventus,Carpi,True,True,False,3868,
12,27,Serie A,2015/2016,male,3879849,2016-05-01,Empoli,Bologna,True,True,False,3904,
12,27,Serie A,2015/2016,male,3879848,2016-04-30,Chievo,Fiorentina,True,True,False,3773,
12,27,Serie A,2015/2016,male,3879846,2016-04-25,Hellas Verona,AC Milan,True,True,False,3478,
12,27,Serie A,2015/2016,male,3879845,2016-04-25,AS Roma,Napoli,True,True,False,4027,
12,27,Serie A,2015/2016,male,3879844,2016-04-25,Carpi,Empoli,True,True,False,3852,
12,27,Serie A,2015/2016,male,3879843,2016-04-24,Torino,Sassuolo,True,True,False,3403,
12,27,Serie A,2015/2016,male,3879842,2016-04-24,Atalanta,Chievo,True,True,False,3269,
12,27,Serie A,2015/2016,male,3879841,2016-04-24,Frosinone,Palermo,True,True,False,3060,
12,27,Serie A,2015/2016,male,3879835,2016-04-20,Chievo,Frosinone,True,True,False,3681,
12,27,Serie A,2015/2016,male,3879834,2016-04-20,Udinese,Fiorentina,True,True,False,3309,
12,27,Serie A,2015/2016,male,3879831,2016-04-20,Sassuolo,Sampdoria,True,True,False,3270,
12,27,Serie A,2015/2016,male,3879829,2016-04-20,Empoli,Hellas Verona,True,True,False,3519,
12,27,Serie A,2015/2016,male,3879827,2016-04-19,Napoli,Bologna,True,True,False,4236,
12,27,Serie A,2015/2016,male,3879826,2016-04-17,Hellas Verona,Frosinone,True,True,False,3068,
12,27,Serie A,2015/2016,male,3879824,2016-04-17,Sampdoria,AC Milan,True,True,False,3331,
12,27,Serie A,2015/2016,male,3879823,2016-04-17,Atalanta,AS Roma,True,True,False,3475,
12,27,Serie A,2015/2016,male,3879822,2016-04-17,Udinese,Chievo,True,True,False,3241,
12,27,Serie A,2015/2016,male,3879821,2016-04-17,Fiorentina,Sassuolo,True,True,False,3425,
12,27,Serie A,2015/2016,male,3879820,2016-04-17,Juventus,Palermo,True,True,False,3551,
12,27,Serie A,2015/2016,male,3879819,2016-04-16,Carpi,Genoa,True,True,False,3406,
12,27,Serie A,2015/2016,male,3879818,2016-04-16,Bologna,Torino,True,True,False,3840,
12,27,Serie A,2015/2016,male,3879816,2016-04-11,AS Roma,Bologna,True,True,False,4028,
12,27,Serie A,2015/2016,male,3879815,2016-04-10,Torino,Atalanta,True,True,False,3355,
12,27,Serie A,2015/2016,male,3879814,2016-04-10,Empoli,Fiorentina,True,True,False,3816,
12,27,Serie A,2015/2016,male,3879813,2016-04-10,Sampdoria,Udinese,True,True,False,3124,
12,27,Serie A,2015/2016,male,3879812,2016-04-10,Palermo,Lazio,True,True,False,3935,
12,27,Serie A,2015/2016,male,3879811,2016-04-10,Napoli,Hellas Verona,True,True,False,3975,
12,27,Serie A,2015/2016,male,3879810,2016-04-09,AC Milan,Juventus,True,True,False,3449,
12,27,Serie A,2015/2016,male,3879809,2016-04-09,Sassuolo,Genoa,True,True,False,3457,
12,27,Serie A,2015/2016,male,3879808,2016-04-09,Frosinone,Inter Milan,True,True,False,3458,
12,27,Serie A,2015/2016,male,3879807,2016-04-09,Chievo,Carpi,True,True,False,3511,
12,27,Serie A,2015/2016,male,3879806,2016-04-04,Bologna,Hellas Verona,True,True,False,3529,
12,27,Serie A,2015/2016,male,3879805,2016-04-03,Atalanta,AC Milan,True,True,False,3385,
12,27,Serie A,2015/2016,male,3879804,2016-04-03,Genoa,Frosinone,True,True,False,3029,
12,27,Serie A,2015/2016,male,3879803,2016-04-03,Udinese,Napoli,True,True,False,3229,
12,27,Serie A,2015/2016,male,3879802,2016-04-03,Chievo,Palermo,True,True,False,3631,
12,27,Serie A,2015/2016,male,3879801,2016-04-03,Inter Milan,Torino,True,True,False,3794,
12,27,Serie A,2015/2016,male,3879800,2016-04-03,Fiorentina,Sampdoria,True,True,False,3558,
12,27,Serie A,2015/2016,male,3879799,2016-04-03,Lazio,AS Roma,True,True,False,3517,
12,27,Serie A,2015/2016,male,3879798,2016-04-02,Juventus,Empoli,True,True,False,3693,
12,27,Serie A,2015/2016,male,3879797,2016-04-02,Carpi,Sassuolo,True,True,False,3658,
12,27,Serie A,2015/2016,male,3879796,2016-03-20,Napoli,Genoa,True,True,False,4079,
12,27,Serie A,2015/2016,male,3879793,2016-03-20,Sassuolo,Udinese,True,True,False,3376,
12,27,Serie A,2015/2016,male,3879791,2016-03-20,AC Milan,Lazio,True,True,False,3351,
12,27,Serie A,2015/2016,male,3879790,2016-03-20,Torino,Juventus,True,True,False,3224,
12,27,Serie A,2015/2016,male,3879789,2016-03-20,Frosinone,Fiorentina,True,True,False,3395,
12,27,Serie A,2015/2016,male,3879775,2016-03-06,Genoa,Empoli,True,True,False,3745,
12,27,Serie A,2015/2016,male,3879770,2016-03-06,Atalanta,Juventus,True,True,False,3468,
12,27,Serie A,2015/2016,male,3879769,2016-03-05,Napoli,Chievo,True,True,False,4146,
12,27,Serie A,2015/2016,male,3879768,2016-03-05,Hellas Verona,Sampdoria,True,True,False,3723,
12,27,Serie A,2015/2016,male,3879767,2016-03-04,AS Roma,Fiorentina,True,True,False,3733,
12,27,Serie A,2015/2016,male,3879766,2016-02-29,Lazio,Sassuolo,True,True,False,3686,
12,27,Serie A,2015/2016,male,3879765,2016-02-29,Fiorentina,Napoli,True,True,False,4416,
12,27,Serie A,2015/2016,male,3879764,2016-02-28,Chievo,Genoa,True,True,False,3412,
12,27,Serie A,2015/2016,male,3879763,2016-02-28,Sampdoria,Frosinone,True,True,False,2936,
12,27,Serie A,2015/2016,male,3879762,2016-02-28,Udinese,Hellas Verona,True,True,False,3176,
12,27,Serie A,2015/2016,male,3879761,2016-02-28,Carpi,Atalanta,True,True,False,2927,
12,27,Serie A,2015/2016,male,3879760,2016-02-28,Palermo,Bologna,True,True,False,3629,
12,27,Serie A,2015/2016,male,3879759,2016-02-28,Juventus,Inter Milan,True,True,False,3829,
12,27,Serie A,2015/2016,male,3879758,2016-02-27,AC Milan,Torino,True,True,False,3581,
12,27,Serie A,2015/2016,male,3879757,2016-02-27,Empoli,AS Roma,True,True,False,3719,
12,27,Serie A,2015/2016,male,3879755,2016-02-21,Frosinone,Lazio,True,True,False,3487,
12,27,Serie A,2015/2016,male,3879753,2016-02-21,Sassuolo,Empoli,True,True,False,3600,
12,27,Serie A,2015/2016,male,3879752,2016-02-21,Genoa,Udinese,True,True,False,3352,
12,27,Serie A,2015/2016,male,3879751,2016-02-21,AS Roma,Palermo,True,True,False,3909,
12,27,Serie A,2015/2016,male,3879736,2016-02-07,AS Roma,Sampdoria,True,True,False,3907,
12,27,Serie A,2015/2016,male,3879735,2016-02-07,Atalanta,Empoli,True,True,False,3515,
12,27,Serie A,2015/2016,male,3879734,2016-02-07,AC Milan,Udinese,True,True,False,3463,
12,27,Serie A,2015/2016,male,3879733,2016-02-07,Frosinone,Juventus,True,True,False,3318,
12,27,Serie A,2015/2016,male,3879731,2016-02-07,Napoli,Carpi,True,True,False,3854,
12,27,Serie A,2015/2016,male,3879730,2016-02-07,Hellas Verona,Inter Milan,True,True,False,3409,
12,27,Serie A,2015/2016,male,3879729,2016-02-07,Sassuolo,Palermo,True,True,False,3388,
12,27,Serie A,2015/2016,male,3879728,2016-02-06,Bologna,Fiorentina,True,True,False,3756,
12,27,Serie A,2015/2016,male,3879727,2016-02-06,Genoa,Lazio,True,True,False,3404,
12,27,Serie A,2015/2016,male,3879726,2016-02-03,Juventus,Genoa,True,True,False,3536,
12,27,Serie A,2015/2016,male,3879725,2016-02-03,Frosinone,Bologna,True,True,False,3394,
12,27,Serie A,2015/2016,male,3879724,2016-02-03,Fiorentina,Carpi,True,True,False,3510,
12,27,Serie A,2015/2016,male,3879723,2016-02-03,Inter Milan,Chievo,True,True,False,3473,
12,27,Serie A,2015/2016,male,3879722,2016-02-03,Hellas Verona,Atalanta,True,True,False,3253,
12,27,Serie A,2015/2016,male,3879721,2016-02-03,Palermo,AC Milan,True,True,False,3565,
12,27,Serie A,2015/2016,male,3879720,2016-02-03,Lazio,Napoli,True,True,False,4110,
12,27,Serie A,2015/2016,male,3879719,2016-02-03,Sampdoria,Torino,True,True,False,3401,
12,27,Serie A,2015/2016,male,3879718,2016-02-03,Empoli,Udinese,True,True,False,3473,
12,27,Serie A,2015/2016,male,3879717,2016-02-02,Sassuolo,AS Roma,True,True,False,3579,
12,27,Serie A,2015/2016,male,3879716,2016-01-31,Genoa,Fiorentina,True,True,False,3464,
12,27,Serie A,2015/2016,male,3879715,2016-01-31,Torino,Hellas Verona,True,True,False,3078,
12,27,Serie A,2015/2016,male,3879714,2016-01-31,Napoli,Empoli,True,True,False,3834,
12,27,Serie A,2015/2016,male,3879713,2016-01-31,Chievo,Juventus,True,True,False,4094,
12,27,Serie A,2015/2016,male,3879712,2016-01-31,AC Milan,Inter Milan,True,True,False,3354,
12,27,Serie A,2015/2016,male,3879711,2016-01-31,Udinese,Lazio,True,True,False,3075,
12,27,Serie A,2015/2016,male,3879710,2016-01-31,Bologna,Sampdoria,True,True,False,3673,
12,27,Serie A,2015/2016,male,3879709,2016-01-30,Carpi,Palermo,True,True,False,3436,
12,27,Serie A,2015/2016,male,3879708,2016-01-30,Atalanta,Sassuolo,True,True,False,3555,
12,27,Serie A,2015/2016,male,3879698,2016-01-23,Empoli,AC Milan,True,True,False,3787,
12,27,Serie A,2015/2016,male,3879697,2016-01-23,Frosinone,Atalanta,True,True,False,3094,
12,27,Serie A,2015/2016,male,3879696,2016-01-20,Sassuolo,Torino,True,True,False,3514,
12,27,Serie A,2015/2016,male,3879695,2016-01-17,Genoa,Palermo,True,True,False,3543,
12,27,Serie A,2015/2016,male,3879694,2016-01-17,Bologna,Lazio,True,True,False,3514,
12,27,Serie A,2015/2016,male,3879693,2016-01-17,Udinese,Juventus,True,True,False,3682,
12,27,Serie A,2015/2016,male,3879692,2016-01-17,Chievo,Empoli,True,True,False,3803,
12,27,Serie A,2015/2016,male,3879691,2016-01-17,AS Roma,Hellas Verona,True,True,False,3571,
12,27,Serie A,2015/2016,male,3879690,2016-01-17,AC Milan,Fiorentina,True,True,False,3690,
12,27,Serie A,2015/2016,male,3879689,2016-01-17,Carpi,Sampdoria,True,True,False,3556,
12,27,Serie A,2015/2016,male,3879688,2016-01-16,Atalanta,Inter Milan,True,True,False,3382,
12,27,Serie A,2015/2016,male,3879687,2016-01-16,Torino,Frosinone,True,True,False,3137,
12,27,Serie A,2015/2016,male,3879686,2016-01-16,Napoli,Sassuolo,True,True,False,4158,
12,27,Serie A,2015/2016,male,3879685,2016-01-10,Atalanta,Genoa,True,True,False,3692,
12,27,Serie A,2015/2016,male,3879684,2016-01-10,Sampdoria,Juventus,True,True,False,3544,
12,27,Serie A,2015/2016,male,3879683,2016-01-10,Hellas Verona,Palermo,True,True,False,3348,
12,27,Serie A,2015/2016,male,3879682,2016-01-10,Torino,Empoli,True,True,False,3455,
12,27,Serie A,2015/2016,male,3879681,2016-01-10,Inter Milan,Sassuolo,True,True,False,3469,
12,27,Serie A,2015/2016,male,3879680,2016-01-10,Bologna,Chievo,True,True,False,3638,
12,27,Serie A,2015/2016,male,3879679,2016-01-10,Frosinone,Napoli,True,True,False,3735,
12,27,Serie A,2015/2016,male,3879678,2016-01-09,Carpi,Udinese,True,True,False,3681,
12,27,Serie A,2015/2016,male,3879677,2016-01-09,Fiorentina,Lazio,True,True,False,3632,
12,27,Serie A,2015/2016,male,3879676,2016-01-09,AS Roma,AC Milan,True,True,False,3437,
12,27,Serie A,2015/2016,male,3879675,2016-01-06,Lazio,Carpi,True,True,False,3554,
12,27,Serie A,2015/2016,male,3879674,2016-01-06,AC Milan,Bologna,True,True,False,3726,
12,27,Serie A,2015/2016,male,3879673,2016-01-06,Udinese,Atalanta,True,True,False,3185,
12,27,Serie A,2015/2016,male,3879672,2016-01-06,Chievo,AS Roma,True,True,False,3194,
12,27,Serie A,2015/2016,male,3879671,2016-01-06,Palermo,Fiorentina,True,True,False,4039,
12,27,Serie A,2015/2016,male,3879670,2016-01-06,Juventus,Hellas Verona,True,True,False,3633,
12,27,Serie A,2015/2016,male,3879669,2016-01-06,Napoli,Torino,True,True,False,3863,
12,27,Serie A,2015/2016,male,3879668,2016-01-06,Empoli,Inter Milan,True,True,False,3858,
12,27,Serie A,2015/2016,male,3879667,2016-01-06,Sassuolo,Frosinone,True,True,False,3685,
12,27,Serie A,2015/2016,male,3879666,2016-01-05,Genoa,Sampdoria,True,True,False,3407,
12,27,Serie A,2015/2016,male,3879664,2015-12-20,Sampdoria,Palermo,True,True,False,3406,
12,27,Serie A,2015/2016,male,3879662,2015-12-20,Fiorentina,Chievo,True,True,False,4082,
12,27,Serie A,2015/2016,male,3879661,2015-12-20,Atalanta,Napoli,True,True,False,3705,
12,27,Serie A,2015/2016,male,3879660,2015-12-20,Carpi,Juventus,True,True,False,3808,
12,27,Serie A,2015/2016,male,3879659,2015-12-20,Inter Milan,Lazio,True,True,False,3587,
12,27,Serie A,2015/2016,male,3879658,2015-12-20,Torino,Udinese,True,True,False,3029,
12,27,Serie A,2015/2016,male,3879657,2015-12-20,AS Roma,Genoa,True,True,False,3700,
12,27,Serie A,2015/2016,male,3879656,2015-12-19,Bologna,Empoli,True,True,False,3463,
12,27,Serie A,2015/2016,male,3879655,2015-12-14,Lazio,Sampdoria,True,True,False,3589,
12,27,Serie A,2015/2016,male,3879654,2015-12-13,Chievo,Atalanta,True,True,False,3352,
12,27,Serie A,2015/2016,male,3879652,2015-12-13,AC Milan,Hellas Verona,True,True,False,3526,
12,27,Serie A,2015/2016,male,3879651,2015-12-13,Napoli,AS Roma,True,True,False,3879,
12,27,Serie A,2015/2016,male,3879650,2015-12-13,Empoli,Carpi,True,True,False,4119,
12,27,Serie A,2015/2016,male,3879649,2015-12-12,Palermo,Frosinone,True,True,False,2994,
12,27,Serie A,2015/2016,male,3879648,2015-12-12,Udinese,Inter Milan,True,True,False,3660,
12,27,Serie A,2015/2016,male,3879647,2015-12-12,Genoa,Bologna,True,True,False,3287,
12,27,Serie A,2015/2016,male,3879646,2015-12-06,Fiorentina,Udinese,True,True,False,3733,
12,27,Serie A,2015/2016,male,3879644,2015-12-06,Atalanta,Palermo,True,True,False,3725,
12,27,Serie A,2015/2016,male,3879643,2015-12-06,Sampdoria,Sassuolo,True,True,False,3571,
12,27,Serie A,2015/2016,male,3879642,2015-12-06,Carpi,AC Milan,True,True,False,3376,
12,27,Serie A,2015/2016,male,3879641,2015-12-06,Hellas Verona,Empoli,True,True,False,3661,
12,27,Serie A,2015/2016,male,3879640,2015-12-06,Frosinone,Chievo,True,True,False,3017,
12,27,Serie A,2015/2016,male,3879639,2015-12-05,Torino,AS Roma,True,True,False,3426,
12,27,Serie A,2015/2016,male,3879638,2015-12-05,Inter Milan,Genoa,True,True,False,3864,
12,27,Serie A,2015/2016,male,3879637,2015-12-04,Lazio,Juventus,True,True,False,3871,
12,27,Serie A,2015/2016,male,3879635,2015-11-30,Napoli,Inter Milan,True,True,False,4453,
12,27,Serie A,2015/2016,male,3879634,2015-11-29,Genoa,Carpi,True,True,False,3486,
12,27,Serie A,2015/2016,male,3879633,2015-11-29,Empoli,Lazio,True,True,False,3439,
12,27,Serie A,2015/2016,male,3879631,2015-11-29,Chievo,Udinese,True,True,False,3330,
12,27,Serie A,2015/2016,male,3879630,2015-11-29,Palermo,Juventus,True,True,False,3855,
12,27,Serie A,2015/2016,male,3879629,2015-11-29,Frosinone,Hellas Verona,True,True,False,3046,
12,27,Serie A,2015/2016,male,3879619,2015-11-22,Genoa,Sassuolo,True,True,False,3360,
12,27,Serie A,2015/2016,male,3879618,2015-11-21,Juventus,AC Milan,True,True,False,3705,
12,27,Serie A,2015/2016,male,3879617,2015-11-21,Bologna,AS Roma,True,True,False,2864,
12,27,Serie A,2015/2016,male,3879616,2015-11-08,Sampdoria,Fiorentina,True,True,False,4011,
12,27,Serie A,2015/2016,male,3879615,2015-11-08,Sassuolo,Carpi,True,True,False,3575,
12,27,Serie A,2015/2016,male,3879614,2015-11-08,Torino,Inter Milan,True,True,False,3664,
12,27,Serie A,2015/2016,male,3879613,2015-11-08,Empoli,Juventus,True,True,False,3678,
12,27,Serie A,2015/2016,male,3879612,2015-11-08,Frosinone,Genoa,True,True,False,3013,
12,27,Serie A,2015/2016,male,3879611,2015-11-08,Palermo,Chievo,True,True,False,3199,
12,27,Serie A,2015/2016,male,3879610,2015-11-08,AS Roma,Lazio,True,True,False,3185,
12,27,Serie A,2015/2016,male,3879608,2015-11-07,Hellas Verona,Bologna,True,True,False,3733,
12,27,Serie A,2015/2016,male,3879607,2015-11-07,AC Milan,Atalanta,True,True,False,3499,
12,27,Serie A,2015/2016,male,3879606,2015-11-02,Chievo,Sampdoria,True,True,False,3589,
12,27,Serie A,2015/2016,male,3879605,2015-11-02,Palermo,Empoli,True,True,False,3420,
12,27,Serie A,2015/2016,male,3879604,2015-11-01,Genoa,Napoli,True,True,False,3493,
12,27,Serie A,2015/2016,male,3879603,2015-11-01,Udinese,Sassuolo,True,True,False,3242,
12,27,Serie A,2015/2016,male,3879602,2015-11-01,Fiorentina,Frosinone,True,True,False,4215,
12,27,Serie A,2015/2016,male,3879601,2015-11-01,Bologna,Atalanta,True,True,False,3395,
12,27,Serie A,2015/2016,male,3879600,2015-11-01,Carpi,Hellas Verona,True,True,False,3085,
12,27,Serie A,2015/2016,male,3879599,2015-11-01,Lazio,AC Milan,True,True,False,3238,
12,27,Serie A,2015/2016,male,3879598,2015-10-31,Inter Milan,AS Roma,True,True,False,3661,
12,27,Serie A,2015/2016,male,3879597,2015-10-31,Juventus,Torino,True,True,False,3596,
12,27,Serie A,2015/2016,male,3879596,2015-10-29,Sampdoria,Empoli,True,True,False,3851,
12,27,Serie A,2015/2016,male,3879595,2015-10-28,Hellas Verona,Fiorentina,True,True,False,3996,
12,27,Serie A,2015/2016,male,3879594,2015-10-28,AC Milan,Chievo,True,True,False,3664,
12,27,Serie A,2015/2016,male,3879593,2015-10-28,Napoli,Palermo,True,True,False,4446,
12,27,Serie A,2015/2016,male,3879592,2015-10-28,AS Roma,Udinese,True,True,False,3495,
12,27,Serie A,2015/2016,male,3879591,2015-10-28,Sassuolo,Juventus,True,True,False,3629,
12,27,Serie A,2015/2016,male,3879590,2015-10-28,Torino,Genoa,True,True,False,3471,
12,27,Serie A,2015/2016,male,3879589,2015-10-28,Frosinone,Carpi,True,True,False,2850,
12,27,Serie A,2015/2016,male,3879588,2015-10-28,Atalanta,Lazio,True,True,False,3297,
12,27,Serie A,2015/2016,male,3879586,2015-10-25,Sampdoria,Hellas Verona,True,True,False,3571,
12,27,Serie A,2015/2016,male,3879584,2015-10-25,Udinese,Frosinone,True,True,False,3383,
12,27,Serie A,2015/2016,male,3879583,2015-10-25,Fiorentina,AS Roma,True,True,False,3678,
12,27,Serie A,2015/2016,male,3879581,2015-10-25,Chievo,Napoli,True,True,False,3950,
12,27,Serie A,2015/2016,male,3879580,2015-10-25,Juventus,Atalanta,True,True,False,3758,
12,27,Serie A,2015/2016,male,3879578,2015-10-24,Carpi,Bologna,True,True,False,3651,
12,27,Serie A,2015/2016,male,3879577,2015-10-24,Empoli,Genoa,True,True,False,3464,
12,27,Serie A,2015/2016,male,3879576,2015-10-18,Frosinone,Sampdoria,True,True,False,3073,
12,27,Serie A,2015/2016,male,3879575,2015-10-18,Hellas Verona,Udinese,True,True,False,3766,
12,27,Serie A,2015/2016,male,3879574,2015-10-18,Inter Milan,Juventus,True,True,False,3441,
12,27,Serie A,2015/2016,male,3879573,2015-10-18,Sassuolo,Lazio,True,True,False,3618,
12,27,Serie A,2015/2016,male,3879572,2015-10-18,Napoli,Fiorentina,True,True,False,3901,
12,27,Serie A,2015/2016,male,3879571,2015-10-18,Atalanta,Carpi,True,True,False,3387,
12,27,Serie A,2015/2016,male,3879570,2015-10-18,Genoa,Chievo,True,True,False,3318,
12,27,Serie A,2015/2016,male,3879569,2015-10-18,Bologna,Palermo,True,True,False,3607,
12,27,Serie A,2015/2016,male,3879568,2015-10-17,Torino,AC Milan,True,True,False,3457,
12,27,Serie A,2015/2016,male,3879565,2015-10-04,Sampdoria,Inter Milan,True,True,False,3446,
12,27,Serie A,2015/2016,male,3879563,2015-10-04,Empoli,Sassuolo,True,True,False,3272,
12,27,Serie A,2015/2016,male,3879561,2015-10-04,Fiorentina,Atalanta,True,True,False,3580,
12,27,Serie A,2015/2016,male,3879560,2015-10-04,Lazio,Frosinone,True,True,False,3351,
12,27,Serie A,2015/2016,male,3879559,2015-10-04,Juventus,Bologna,True,True,False,3926,
12,27,Serie A,2015/2016,male,3879558,2015-10-03,Carpi,Torino,True,True,False,3331,
12,27,Serie A,2015/2016,male,3879557,2015-10-03,Chievo,Hellas Verona,True,True,False,3307,
12,27,Serie A,2015/2016,male,3879555,2015-09-28,Atalanta,Sampdoria,True,True,False,3239,
12,27,Serie A,2015/2016,male,3879554,2015-09-27,Torino,Palermo,True,True,False,3504,
12,27,Serie A,2015/2016,male,3879553,2015-09-27,Sassuolo,Chievo,True,True,False,3343,
12,27,Serie A,2015/2016,male,3879552,2015-09-27,Bologna,Udinese,True,True,False,3555,
12,27,Serie A,2015/2016,male,3879551,2015-09-27,Hellas Verona,Lazio,True,True,False,3292,
12,27,Serie A,2015/2016,male,3879550,2015-09-27,Inter Milan,Fiorentina,True,True,False,4223,
12,27,Serie A,2015/2016,male,3879549,2015-09-27,Genoa,AC Milan,True,True,False,3087,
12,27,Serie A,2015/2016,male,3879548,2015-09-26,Napoli,Juventus,True,True,False,3972,
12,27,Serie A,2015/2016,male,3879547,2015-09-26,AS Roma,Carpi,True,True,False,3807,
12,27,Serie A,2015/2016,male,3879546,2015-09-24,Empoli,Atalanta,True,True,False,4060,
12,27,Serie A,2015/2016,male,3879545,2015-09-23,Sampdoria,AS Roma,True,True,False,3192,
12,27,Serie A,2015/2016,male,3879544,2015-09-23,Palermo,Sassuolo,True,True,False,3612,
12,27,Serie A,2015/2016,male,3879543,2015-09-23,Juventus,Frosinone,True,True,False,3642,
12,27,Serie A,2015/2016,male,3879542,2015-09-23,Inter Milan,Hellas Verona,True,True,False,3579,
12,27,Serie A,2015/2016,male,3879541,2015-09-23,Fiorentina,Bologna,True,True,False,3888,
12,27,Serie A,2015/2016,male,3879540,2015-09-23,Chievo,Torino,True,True,False,3507,
12,27,Serie A,2015/2016,male,3879539,2015-09-23,Carpi,Napoli,True,True,False,3817,
12,27,Serie A,2015/2016,male,3879538,2015-09-23,Lazio,Genoa,True,True,False,3365,
12,27,Serie A,2015/2016,male,3879537,2015-09-22,Udinese,AC Milan,True,True,False,3324,
12,27,Serie A,2015/2016,male,3878609,2015-09-20,Genoa,Juventus,True,True,False,3645,
12,27,Serie A,2015/2016,male,3878604,2015-09-20,Napoli,Lazio,True,True,False,3934,
12,27,Serie A,2015/2016,male,3878603,2015-09-19,Udinese,Empoli,True,True,False,3397,
12,27,Serie A,2015/2016,male,3878602,2015-09-19,AC Milan,Palermo,True,True,False,3735,
12,27,Serie A,2015/2016,male,3878601,2015-09-14,Sampdoria,Bologna,True,True,False,3744,
12,27,Serie A,2015/2016,male,3878600,2015-09-13,Inter Milan,AC Milan,True,True,False,3176,
12,27,Serie A,2015/2016,male,3878599,2015-09-13,Sassuolo,Atalanta,True,True,False,3326,
12,27,Serie A,2015/2016,male,3878598,2015-09-13,Palermo,Carpi,True,True,False,3240,
12,27,Serie A,2015/2016,male,3878597,2015-09-13,Empoli,Napoli,True,True,False,3878,
12,27,Serie A,2015/2016,male,3878596,2015-09-13,Hellas Verona,Torino,True,True,False,3209,
12,27,Serie A,2015/2016,male,3878595,2015-09-13,Lazio,Udinese,True,True,False,3358,
12,27,Serie A,2015/2016,male,3878594,2015-09-12,Juventus,Chievo,True,True,False,3521,
12,27,Serie A,2015/2016,male,3878593,2015-09-12,Frosinone,AS Roma,True,True,False,3051,
12,27,Serie A,2015/2016,male,3878592,2015-09-12,Fiorentina,Genoa,True,True,False,3534,
12,27,Serie A,2015/2016,male,3878558,2015-08-30,Napoli,Sampdoria,True,True,False,4088,
12,27,Serie A,2015/2016,male,3878557,2015-08-30,Udinese,Palermo,True,True,False,3625,
12,27,Serie A,2015/2016,male,3878556,2015-08-30,Torino,Fiorentina,True,True,False,3392,
12,27,Serie A,2015/2016,male,3878555,2015-08-30,AS Roma,Juventus,True,True,False,3376,
12,27,Serie A,2015/2016,male,3878554,2015-08-30,Genoa,Hellas Verona,True,True,False,3215,
12,27,Serie A,2015/2016,male,3878553,2015-08-30,Chievo,Lazio,True,True,False,3783,
12,27,Serie A,2015/2016,male,3878552,2015-08-30,Carpi,Inter Milan,True,True,False,3694,
12,27,Serie A,2015/2016,male,3878551,2015-08-29,AC Milan,Empoli,True,True,False,3608,
12,27,Serie A,2015/2016,male,3878550,2015-08-29,Bologna,Sassuolo,True,True,False,3460,
12,27,Serie A,2015/2016,male,3878549,2015-08-23,Empoli,Chievo,True,True,False,3486,
12,27,Serie A,2015/2016,male,3878548,2015-08-23,Juventus,Udinese,True,True,False,3325,
12,27,Serie A,2015/2016,male,3878547,2015-08-23,Frosinone,Torino,True,True,False,3200,
12,27,Serie A,2015/2016,male,3878546,2015-08-23,Sassuolo,Napoli,True,True,False,3564,
12,27,Serie A,2015/2016,male,3878545,2015-08-23,Sampdoria,Carpi,True,True,False,3454,
12,27,Serie A,2015/2016,male,3878544,2015-08-23,Palermo,Genoa,True,True,False,3484,
12,27,Serie A,2015/2016,male,3878543,2015-08-23,Inter Milan,Atalanta,True,True,False,3725,
12,27,Serie A,2015/2016,male,3878542,2015-08-23,Fiorentina,AC Milan,True,True,False,3483,
12,27,Serie A,2015/2016,male,3878541,2015-08-22,Hellas Verona,AS Roma,True,True,False,3251,
12,27,Serie A,2015/2016,male,3878540,2015-08-22,Lazio,Bologna,True,True,False,3893,
12,86,Serie A,1986/1987,male,3889182,1986-11-09,Juventus,Napoli,True,True,False,3005,
55,282,UEFA Euro,2024,male,3942819,2024-07-10,Netherlands,England,True,True,True,3485,2951
55,282,UEFA Euro,2024,male,3943043,2024-07-14,Spain,England,True,True,True,3312,2852
55,282,UEFA Euro,2024,male,3942752,2024-07-09,Spain,France,True,True,True,3328,2942
55,282,UEFA Euro,2024,male,3942382,2024-07-06,Netherlands,Turkey,True,True,True,3415,2841
55,282,UEFA Euro,2024,male,3942349,2024-07-05,Portugal,France,True,True,True,5190,4489
55,282,UEFA Euro,2024,male,3930180,2024-06-25,Netherlands,Austria,True,True,True,3198,2716
55,282,UEFA Euro,2024,male,3930171,2024-06-20,Denmark,England,True,True,True,3881,3481
55,282,UEFA Euro,2024,male,3942227,2024-07-06,England,Switzerland,True,True,True,4882,4296
55,282,UEFA Euro,2024,male,3942226,2024-07-05,Spain,Germany,True,True,True,4463,4025
55,282,UEFA Euro,2024,male,3938645,2024-06-26,Ukraine,Belgium,True,True,True,3525,3169
55,282,UEFA Euro,2024,male,3930184,2024-06-26,Czech Republic,Turkey,True,True,True,2953,2440
55,282,UEFA Euro,2024,male,3941022,2024-07-02,Austria,Turkey,True,True,True,3722,3117
55,282,UEFA Euro,2024,male,3941021,2024-07-02,Romania,Netherlands,True,True,True,2996,2677
55,282,UEFA Euro,2024,male,3941020,2024-07-01,Portugal,Slovenia,True,True,True,4221,3670
55,282,UEFA Euro,2024,male,3941019,2024-07-01,France,Belgium,True,True,True,3941,3475
55,282,UEFA Euro,2024,male,3941018,2024-06-30,Spain,Georgia,True,True,True,3949,3579
55,282,UEFA Euro,2024,male,3941017,2024-06-30,England,Slovakia,True,True,True,4764,4109
55,282,UEFA Euro,2024,male,3930182,2024-06-25,Denmark,Serbia,True,True,True,3787,3448
55,282,UEFA Euro,2024,male,3930179,2024-06-24,Albania,Spain,True,True,True,3776,3313
55,282,UEFA Euro,2024,male,3940983,2024-06-29,Germany,Denmark,True,True,True,3640,3175
55,282,UEFA Euro,2024,male,3940878,2024-06-29,Switzerland,Italy,True,True,True,3853,3242
55,282,UEFA Euro,2024,male,3930177,2024-06-23,Scotland,Hungary,True,True,True,3386,3094
55,282,UEFA Euro,2024,male,3930173,2024-06-21,Netherlands,France,True,True,True,3681,3060
55,282,UEFA Euro,2024,male,3930172,2024-06-20,Spain,Italy,True,True,True,3982,3333
55,282,UEFA Euro,2024,male,3930167,2024-06-19,Croatia,Albania,True,True,True,3721,3307
55,282,UEFA Euro,2024,male,3930168,2024-06-19,Germany,Hungary,True,True,True,3880,3491
55,282,UEFA Euro,2024,male,3930165,2024-06-17,Austria,France,True,True,True,3718,3333
55,282,UEFA Euro,2024,male,3930164,2024-06-17,Belgium,Slovakia,True,True,True,3543,3153
55,282,UEFA Euro,2024,male,3930161,2024-06-15,Italy,Albania,True,True,True,4066,3462
55,282,UEFA Euro,2024,male,3938637,2024-06-16,Poland,Netherlands,True,True,True,3401,2936
55,282,UEFA Euro,2024,male,3938640,2024-06-21,Slovakia,Ukraine,True,True,True,3512,3094
55,282,UEFA Euro,2024,male,3938642,2024-06-22,Georgia,Czech Republic,True,True,True,3332,2859
55,282,UEFA Euro,2024,male,3938639,2024-06-18,Turkey,Georgia,True,True,True,3837,3253
55,282,UEFA Euro,2024,male,3938641,2024-06-21,Poland,Austria,True,True,True,3400,2947
55,282,UEFA Euro,2024,male,3938644,2024-06-26,Georgia,Portugal,True,True,True,3659,3098
55,282,UEFA Euro,2024,male,3938643,2024-06-25,France,Poland,True,True,True,3767,3160
55,282,UEFA Euro,2024,male,3938638,2024-06-17,Romania,Ukraine,True,True,True,3169,2862
55,282,UEFA Euro,2024,male,3930183,2024-06-26,Slovakia,Romania,True,True,True,2886,2533
55,282,UEFA Euro,2024,male,3930181,2024-06-25,England,Slovenia,True,True,True,3688,3218
55,282,UEFA Euro,2024,male,3930178,2024-06-24,Croatia,Italy,True,True,True,4006,3408
55,282,UEFA Euro,2024,male,3930176,2024-06-23,Switzerland,Germany,True,True,True,3724,3316
55,282,UEFA Euro,2024,male,3930175,2024-06-22,Belgium,Romania,True,True,True,3200,2782
55,282,UEFA Euro,2024,male,3930174,2024-06-22,Turkey,Portugal,True,True,True,3786,3230
55,282,UEFA Euro,2024,male,3930170,2024-06-20,Slovenia,Serbia,True,True,True,3552,3072
55,282,UEFA Euro,2024,male,3930169,2024-06-19,Scotland,Switzerland,True,True,True,3125,2815
55,282,UEFA Euro,2024,male,3930166,2024-06-18,Portugal,Czech Republic,True,True,True,3602,2960
55,282,UEFA Euro,2024,male,3930163,2024-06-16,Serbia,England,True,True,True,3920,3276
55,282,UEFA Euro,2024,male,3930162,2024-06-16,Slovenia,Denmark,True,True,True,3509,3120
55,282,UEFA Euro,2024,male,3930160,2024-06-15,Spain,Croatia,True,True,True,3796,3237
55,282,UEFA Euro,2024,male,3930159,2024-06-15,Hungary,Switzerland,True,True,True,3356,3017
55,282,UEFA Euro,2024,male,3930158,2024-06-14,Germany,Scotland,True,True,True,3373,3088
55,43,UEFA Euro,2020,male,3795108,2021-07-02,Switzerland,Spain,True,True,True,4990,4220
55,43,UEFA Euro,2020,male,3788769,2021-06-21,Russia,Denmark,True,True,True,3029,2578
55,43,UEFA Euro,2020,male,3788766,2021-06-20,Italy,Wales,True,True,True,3136,2800
55,43,UEFA Euro,2020,male,3795220,2021-07-06,Italy,Spain,True,True,True,4827,4247
55,43,UEFA Euro,2020,male,3788761,2021-06-18,Sweden,Slovakia,True,True,True,3926,3303
55,43,UEFA Euro,2020,male,3788764,2021-06-19,Portugal,Germany,True,True,True,3582,3058
55,43,UEFA Euro,2020,male,3788773,2021-06-23,Portugal,France,True,True,True,3889,3248
55,43,UEFA Euro,2020,male,3788755,2021-06-16,Turkey,Wales,True,True,True,3264,2772
55,43,UEFA Euro,2020,male,3788754,2021-06-16,Italy,Switzerland,True,True,True,3830,3423
55,43,UEFA Euro,2020,male,3788762,2021-06-19,Spain,Poland,True,True,True,3653,3265
55,43,UEFA Euro,2020,male,3788760,2021-06-18,Croatia,Czech Republic,True,True,True,3402,2935
55,43,UEFA Euro,2020,male,3788747,2021-06-13,Austria,North Macedonia,True,True,True,3465,2962
55,43,UEFA Euro,2020,male,3788741,2021-06-11,Turkey,Italy,True,True,True,3803,3370
55,43,UEFA Euro,2020,male,3795109,2021-07-03,Czech Republic,Denmark,True,True,True,3217,2518
55,43,UEFA Euro,2020,male,3795187,2021-07-03,Ukraine,England,True,True,True,4266,3864
55,43,UEFA Euro,2020,male,3788770,2021-06-21,North Macedonia,Netherlands,True,True,True,3830,3437
55,43,UEFA Euro,2020,male,3795506,2021-07-11,Italy,England,True,True,True,4796,4303
55,43,UEFA Euro,2020,male,3794688,2021-06-29,England,Germany,True,True,True,3454,3113
55,43,UEFA Euro,2020,male,3794692,2021-06-29,Sweden,Ukraine,True,True,True,4921,4236
55,43,UEFA Euro,2020,male,3794686,2021-06-28,Croatia,Spain,True,True,True,4860,4244
55,43,UEFA Euro,2020,male,3794687,2021-06-27,Belgium,Portugal,True,True,True,3793,3324
55,43,UEFA Euro,2020,male,3794685,2021-06-26,Italy,Austria,True,True,True,4883,4456
55,43,UEFA Euro,2020,male,3788774,2021-06-23,Germany,Hungary,True,True,True,3675,3078
55,43,UEFA Euro,2020,male,3788771,2021-06-22,Croatia,Scotland,True,True,True,3692,3260
55,43,UEFA Euro,2020,male,3788772,2021-06-22,Czech Republic,England,True,True,True,3443,3134
55,43,UEFA Euro,2020,male,3788768,2021-06-21,Finland,Belgium,True,True,True,4085,3474
55,43,UEFA Euro,2020,male,3788767,2021-06-21,Ukraine,Austria,True,True,True,3587,3149
55,43,UEFA Euro,2020,male,3788753,2021-06-16,Finland,Russia,True,True,True,3806,3193
55,43,UEFA Euro,2020,male,3788765,2021-06-20,Switzerland,Turkey,True,True,True,3780,3332
55,43,UEFA Euro,2020,male,3788763,2021-06-19,Hungary,France,True,True,True,3612,2999
55,43,UEFA Euro,2020,male,3788759,2021-06-18,England,Scotland,True,True,True,3366,3126
55,43,UEFA Euro,2020,male,3788758,2021-06-17,Ukraine,North Macedonia,True,True,True,3338,2838
55,43,UEFA Euro,2020,male,3788757,2021-06-17,Denmark,Belgium,True,True,True,3978,3444
55,43,UEFA Euro,2020,male,3788745,2021-06-13,England,Croatia,True,True,True,3366,3102
55,43,UEFA Euro,2020,male,3795107,2021-07-02,Belgium,Italy,True,True,True,3617,2965
55,43,UEFA Euro,2020,male,3795221,2021-07-07,England,Denmark,True,True,True,4691,4249
55,43,UEFA Euro,2020,male,3794689,2021-06-26,Wales,Denmark,True,True,True,3119,2793
55,43,UEFA Euro,2020,male,3788746,2021-06-13,Netherlands,Ukraine,True,True,True,3969,3600
55,43,UEFA Euro,2020,male,3794691,2021-06-28,France,Switzerland,True,True,True,4570,3970
55,43,UEFA Euro,2020,male,3794690,2021-06-27,Netherlands,Czech Republic,True,True,True,3099,2437
55,43,UEFA Euro,2020,male,3788756,2021-06-17,Netherlands,Austria,True,True,True,3748,3259
55,43,UEFA Euro,2020,male,3788749,2021-06-14,Poland,Slovakia,True,True,True,3628,3082
55,43,UEFA Euro,2020,male,3788750,2021-06-14,Spain,Sweden,True,True,True,3677,3278
55,43,UEFA Euro,2020,male,3788748,2021-06-14,Scotland,Czech Republic,True,True,True,3440,2992
55,43,UEFA Euro,2020,male,3788751,2021-06-15,France,Germany,True,True,True,4031,3326
55,43,UEFA Euro,2020,male,3788752,2021-06-15,Hungary,Portugal,True,True,True,3709,2885
55,43,UEFA Euro,2020,male,3788742,2021-06-12,Denmark,Finland,True,True,True,3488,3051
55,43,UEFA Euro,2020,male,3788775,2021-06-23,Slovakia,Spain,True,True,True,3627,3189
55,43,UEFA Euro,2020,male,3788776,2021-06-23,Sweden,Poland,True,True,True,2880,2269
55,43,UEFA Euro,2020,male,3788743,2021-06-12,Belgium,Russia,True,True,True,3858,3150
55,43,UEFA Euro,2020,male,3788744,2021-06-12,Wales,Switzerland,True,True,True,2997,2592
35,75,UEFA Europa League,1988/1989,male,3887188,1989-05-03,Napoli,VfB Stuttgart,True,True,False,2890,
35,75,UEFA Europa League,1988/1989,male,3750244,1989-04-05,Napoli,Bayern Munich,True,True,False,2879,
35,75,UEFA Europa League,1988/1989,male,3750245,1989-03-15,Napoli,Juventus,True,True,False,4317,
53,315,UEFA Women's Euro,2025,female,4020846,2025-07-27,England Women's,Spain Women's,True,True,True,4830,4246
53,315,UEFA Women's Euro,2025,female,4020077,2025-07-23,Germany Women's,Spain Women's,True,True,True,4372,3842
53,315,UEFA Women's Euro,2025,female,4020005,2025-07-22,England Women's,Italy Women's,True,True,True,4111,3641
53,315,UEFA Women's Euro,2025,female,4018357,2025-07-19,France Women's,Germany Women's,True,True,True,4006,3496
53,315,UEFA Women's Euro,2025,female,4018356,2025-07-18,Spain Women's,Switzerland Women's,True,True,True,3680,3201
53,315,UEFA Women's Euro,2025,female,4018355,2025-07-17,Sweden Women's,England Women's,True,True,True,3880,3355
53,315,UEFA Women's Euro,2025,female,4018354,2025-07-16,Norway Women's,Italy Women's,True,True,True,3094,2703
53,315,UEFA Women's Euro,2025,female,3998858,2025-07-13,England Women's,Wales,True,True,True,3660,2736
53,315,UEFA Women's Euro,2025,female,3998859,2025-07-13,Netherlands Women's,France Women's,True,True,True,2727,2336
53,315,UEFA Women's Euro,2025,female,3998857,2025-07-12,Poland Women's,Denmark Women's,True,True,True,3400,2788
53,315,UEFA Women's Euro,2025,female,3998856,2025-07-12,Sweden Women's,Germany Women's,True,True,True,3082,2610
53,315,UEFA Women's Euro,2025,female,3998855,2025-07-11,Italy Women's,Spain Women's,True,True,True,3769,3330
53,315,UEFA Women's Euro,2025,female,3998854,2025-07-11,Portugal Women's,Belgium Women's,True,True,True,3041,2584
53,315,UEFA Women's Euro,2025,female,3998852,2025-07-10,WNT Finland,Switzerland Women's,True,True,True,3768,3414
53,315,UEFA Women's Euro,2025,female,3998853,2025-07-10,Norway Women's,Iceland Women's,True,True,True,3312,2540
53,315,UEFA Women's Euro,2025,female,3998851,2025-07-09,England Women's,Netherlands Women's,True,True,True,2973,2577
53,315,UEFA Women's Euro,2025,female,3998850,2025-07-09,France Women's,Wales,True,True,True,3309,2882
53,315,UEFA Women's Euro,2025,female,3998848,2025-07-08,Poland Women's,Sweden Women's,True,True,True,3162,2616
53,315,UEFA Women's Euro,2025,female,3998849,2025-07-08,Germany Women's,Denmark Women's,True,True,True,3182,2805
53,315,UEFA Women's Euro,2025,female,3998846,2025-07-07,Portugal Women's,Italy Women's,True,True,True,2959,2626
53,315,UEFA Women's Euro,2025,female,3998847,2025-07-07,Spain Women's,Belgium Women's,True,True,True,3592,2881
53,315,UEFA Women's Euro,2025,female,3998844,2025-07-06,Switzerland Women's,Iceland Women's,True,True,True,2784,2477
53,315,UEFA Women's Euro,2025,female,3998845,2025-07-06,Norway Women's,WNT Finland,True,True,True,3538,3138
53,315,UEFA Women's Euro,2025,female,3998837,2025-07-02,Switzerland Women's,Norway Women's,True,True,True,3275,2844
53,315,UEFA Women's Euro,2025,female,3998842,2025-07-05,Wales,Netherlands Women's,True,True,True,3219,2614
53,315,UEFA Women's Euro,2025,female,3998843,2025-07-05,France Women's,England Women's,True,True,True,3366,2944
53,315,UEFA Women's Euro,2025,female,3998840,2025-07-04,Germany Women's,Poland Women's,True,True,True,3303,2857
53,315,UEFA Women's Euro,2025,female,3998839,2025-07-03,Spain Women's,Portugal Women's,True,True,True,3492,3112
53,315,UEFA Women's Euro,2025,female,3998838,2025-07-03,Belgium Women's,Italy Women's,True,True,True,2929,2414
53,315,UEFA Women's Euro,2025,female,3998836,2025-07-02,Iceland Women's,WNT Finland,True,True,True,2882,2595
53,315,UEFA Women's Euro,2025,female,3998841,2025-07-04,Denmark Women's,Sweden Women's,True,True,True,2914,2518
53,106,UEFA Women's Euro,2022,female,3835331,2022-07-13,Sweden Women's,Switzerland Women's,True,True,True,3480,3093
53,106,UEFA Women's Euro,2022,female,3835324,2022-07-09,Netherlands Women's,Sweden Women's,True,True,True,3492,3124
53,106,UEFA Women's Euro,2022,female,3844384,2022-07-20,England Women's,Spain Women's,True,True,True,4350,3761
53,106,UEFA Women's Euro,2022,female,3847567,2022-07-31,England Women's,Germany Women's,True,True,True,3699,3313
53,106,UEFA Women's Euro,2022,female,3845506,2022-07-26,England Women's,Sweden Women's,True,True,True,3095,0
53,106,UEFA Women's Euro,2022,female,3835335,2022-07-15,Northern Ireland,England Women's,True,True,True,2970,2627
53,106,UEFA Women's Euro,2022,female,3835323,2022-07-09,Portugal Women's,Switzerland Women's,True,True,True,3347,3000
53,106,UEFA Women's Euro,2022,female,3835325,2022-07-10,France Women's,Italy Women's,True,True,True,3387,3086
53,106,UEFA Women's Euro,2022,female,3835320,2022-07-07,Norway Women's,Northern Ireland,True,True,True,3139,2854
53,106,UEFA Women's Euro,2022,female,3845507,2022-07-27,Germany Women's,France Women's,True,True,True,3326,3015
53,106,UEFA Women's Euro,2022,female,3844387,2022-07-23,France Women's,Netherlands Women's,True,True,True,4468,4065
53,106,UEFA Women's Euro,2022,female,3844385,2022-07-21,Germany Women's,Austria Women's,True,True,True,3147,2781
53,106,UEFA Women's Euro,2022,female,3844386,2022-07-22,Sweden Women's,Belgium Women's,True,True,True,3197,2853
53,106,UEFA Women's Euro,2022,female,3835342,2022-07-18,Iceland Women's,France Women's,True,True,True,3090,0
53,106,UEFA Women's Euro,2022,female,3835337,2022-07-16,Denmark Women's,Spain Women's,True,True,True,3590,3236
53,106,UEFA Women's Euro,2022,female,3835338,2022-07-16,WNT Finland,Germany Women's,True,True,True,3492,0
53,106,UEFA Women's Euro,2022,female,3835330,2022-07-12,Germany Women's,Spain Women's,True,True,True,3679,3298
53,106,UEFA Women's Euro,2022,female,3835329,2022-07-12,Denmark Women's,WNT Finland,True,True,True,3739,3327
53,106,UEFA Women's Euro,2022,female,3835322,2022-07-08,Germany Women's,Denmark Women's,True,True,True,3172,2774
53,106,UEFA Women's Euro,2022,female,3835332,2022-07-13,Netherlands Women's,Portugal Women's,True,True,True,3161,2690
53,106,UEFA Women's Euro,2022,female,3835327,2022-07-11,England Women's,Norway Women's,True,True,True,3204,2759
53,106,UEFA Women's Euro,2022,female,3835326,2022-07-10,Belgium Women's,Iceland Women's,True,True,True,3045,2749
53,106,UEFA Women's Euro,2022,female,3835341,2022-07-18,Italy Women's,Belgium Women's,True,True,True,3619,3163
53,106,UEFA Women's Euro,2022,female,3835340,2022-07-17,Sweden Women's,Portugal Women's,True,True,True,2737,2384
53,106,UEFA Women's Euro,2022,female,3835339,2022-07-17,Switzerland Women's,Netherlands Women's,True,True,True,3524,3238
53,106,UEFA Women's Euro,2022,female,3835336,2022-07-15,Austria Women's,Norway Women's,True,True,True,3629,3224
53,106,UEFA Women's Euro,2022,female,3835334,2022-07-14,Italy Women's,Iceland Women's,True,True,True,2935,2568
53,106,UEFA Women's Euro,2022,female,3835328,2022-07-11,Austria Women's,Northern Ireland,True,True,True,2827,2555
53,106,UEFA Women's Euro,2022,female,3835333,2022-07-14,France Women's,Belgium Women's,True,True,True,3706,3305
53,106,UEFA Women's Euro,2022,female,3835321,2022-07-08,Spain Women's,WNT Finland,True,True,True,3480,3047
53,106,UEFA Women's Euro,2022,female,3835319,2022-07-06,England Women's,Austria Women's,True,True,True,3431,3157
72,107,Women's World Cup,2023,female,3904629,2023-08-16,Australia Women's,England Women's,True,True,True,3159,2738
72,107,Women's World Cup,2023,female,3906390,2023-08-20,Spain Women's,England Women's,True,True,True,3581,3238
72,107,Women's World Cup,2023,female,3906389,2023-08-19,Sweden Women's,Australia Women's,True,True,True,3342,2963
72,107,Women's World Cup,2023,female,3904628,2023-08-15,Spain Women's,Sweden Women's,True,True,True,3483,3012
72,107,Women's World Cup,2023,female,3893806,2023-07-26,Spain Women's,Zambia Women's,True,True,True,4159,3631
72,107,Women's World Cup,2023,female,3893801,2023-07-24,Brazil Women's,Panama Women's,True,True,True,3325,2871
72,107,Women's World Cup,2023,female,3893797,2023-07-23,Netherlands Women's,Portugal Women's,True,True,True,3338,2812
72,107,Women's World Cup,2023,female,3893822,2023-07-31,Japan Women's,Spain Women's,True,True,True,4433,3957
72,107,Women's World Cup,2023,female,3893814,2023-07-29,Sweden Women's,Italy Women's,True,True,True,3710,3298
72,107,Women's World Cup,2023,female,3893790,2023-07-21,Nigeria Women's,Canada Women's,True,True,True,2974,2564
72,107,Women's World Cup,2023,female,3901832,2023-08-08,Colombia Women's,Jamaica Women's,True,True,True,3012,2702
72,107,Women's World Cup,2023,female,3902968,2023-08-12,Australia Women's,France Women's,True,True,True,3876,3373
72,107,Women's World Cup,2023,female,3902967,2023-08-12,England Women's,Colombia Women's,True,True,True,3668,3046
72,107,Women's World Cup,2023,female,3901797,2023-08-06,Sweden Women's,United States Women's,True,True,True,4373,3887
72,107,Women's World Cup,2023,female,3901796,2023-08-06,Netherlands Women's,South Africa Women's,True,True,True,3895,3440
72,107,Women's World Cup,2023,female,3902240,2023-08-11,Spain Women's,Netherlands Women's,True,True,True,4576,3811
72,107,Women's World Cup,2023,female,3902239,2023-08-11,Japan Women's,Sweden Women's,True,True,True,3981,3586
72,107,Women's World Cup,2023,female,3893808,2023-07-27,United States Women's,Netherlands Women's,True,True,True,3719,3209
72,107,Women's World Cup,2023,female,3901833,2023-08-08,France Women's,Morocco Women's,True,True,True,3664,3261
72,107,Women's World Cup,2023,female,3893826,2023-08-01,Portugal Women's,United States Women's,True,True,True,3072,2666
72,107,Women's World Cup,2023,female,3901736,2023-08-07,Australia Women's,Denmark Women's,True,True,True,3499,3094
72,107,Women's World Cup,2023,female,3901735,2023-08-07,England Women's,Nigeria Women's,True,True,True,4128,3595
72,107,Women's World Cup,2023,female,3901734,2023-08-05,Japan Women's,Norway Women's,True,True,True,3750,3308
72,107,Women's World Cup,2023,female,3901733,2023-08-05,Switzerland Women's,Spain Women's,True,True,True,3939,3550
72,107,Women's World Cup,2023,female,3893823,2023-07-31,Costa Rica Women's,Zambia Women's,True,True,True,3067,2667
72,107,Women's World Cup,2023,female,3893811,2023-07-28,England Women's,Denmark Women's,True,True,True,3362,3082
72,107,Women's World Cup,2023,female,3893812,2023-07-28,Argentina Women's,South Africa Women's,True,True,True,3602,3112
72,107,Women's World Cup,2023,female,3893813,2023-07-28,China PR Women's,Haiti Women's,True,True,True,3239,2794
72,107,Women's World Cup,2023,female,3893810,2023-07-27,Portugal Women's,Vietnam Women's,True,True,True,3376,2925
72,107,Women's World Cup,2023,female,3893809,2023-07-27,Australia Women's,Nigeria Women's,True,True,True,3117,2822
72,107,Women's World Cup,2023,female,3893807,2023-07-26,Canada Women's,Republic of Ireland Women's,True,True,True,3503,3160
72,107,Women's World Cup,2023,female,3893804,2023-07-25,Switzerland Women's,Norway Women's,True,True,True,3551,3162
72,107,Women's World Cup,2023,female,3893788,2023-07-20,Australia Women's,Republic of Ireland Women's,True,True,True,3111,2815
72,107,Women's World Cup,2023,female,3893798,2023-07-23,France Women's,Jamaica Women's,True,True,True,3009,2698
72,107,Women's World Cup,2023,female,3893789,2023-07-21,Philippines Women's,Switzerland Women's,True,True,True,3990,3568
72,107,Women's World Cup,2023,female,3893794,2023-07-22,England Women's,Haiti Women's,True,True,True,3539,3195
72,107,Women's World Cup,2023,female,3893792,2023-07-22,United States Women's,Vietnam Women's,True,True,True,3100,2722
72,107,Women's World Cup,2023,female,3893791,2023-07-21,Spain Women's,Costa Rica Women's,True,True,True,3324,2928
72,107,Women's World Cup,2023,female,3893787,2023-07-20,New Zealand Women's,Norway Women's,True,True,True,3228,2886
72,107,Women's World Cup,2023,female,3893834,2023-08-03,Morocco Women's,Colombia Women's,True,True,True,3476,3106
72,107,Women's World Cup,2023,female,3893833,2023-08-03,Korea Republic Women's,Germany Women's,True,True,True,3272,2885
72,107,Women's World Cup,2023,female,3893832,2023-08-02,Jamaica Women's,Brazil Women's,True,True,True,3462,3087
72,107,Women's World Cup,2023,female,3893831,2023-08-02,South Africa Women's,Italy Women's,True,True,True,3244,2690
72,107,Women's World Cup,2023,female,3893830,2023-08-02,Argentina Women's,Sweden Women's,True,True,True,3102,2709
72,107,Women's World Cup,2023,female,3893829,2023-08-02,Panama Women's,France Women's,True,True,True,3223,2840
72,107,Women's World Cup,2023,female,3893828,2023-08-01,China PR Women's,England Women's,True,True,True,4059,3526
72,107,Women's World Cup,2023,female,3893827,2023-08-01,Vietnam Women's,Netherlands Women's,True,True,True,3977,3461
72,107,Women's World Cup,2023,female,3893825,2023-08-01,Haiti Women's,Denmark Women's,True,True,True,3260,2865
72,107,Women's World Cup,2023,female,3893824,2023-07-31,Republic of Ireland Women's,Nigeria Women's,True,True,True,3636,3177
72,107,Women's World Cup,2023,female,3893821,2023-07-31,Canada Women's,Australia Women's,True,True,True,3391,2934
72,107,Women's World Cup,2023,female,3893820,2023-07-30,Norway Women's,Philippines Women's,True,True,True,3521,3103
72,107,Women's World Cup,2023,female,3893819,2023-07-30,Korea Republic Women's,Morocco Women's,True,True,True,3169,2760
72,107,Women's World Cup,2023,female,3893818,2023-07-30,Germany Women's,Colombia Women's,True,True,True,3631,3324
72,107,Women's World Cup,2023,female,3893817,2023-07-30,Switzerland Women's,New Zealand Women's,True,True,True,3965,3465
72,107,Women's World Cup,2023,female,3893816,2023-07-29,Panama Women's,Jamaica Women's,True,True,True,3214,2898
72,107,Women's World Cup,2023,female,3893815,2023-07-29,France Women's,Brazil Women's,True,True,True,3419,2951
72,107,Women's World Cup,2023,female,3893805,2023-07-26,Japan Women's,Costa Rica Women's,True,True,True,3763,3351
72,107,Women's World Cup,2023,female,3893803,2023-07-25,New Zealand Women's,Philippines Women's,True,True,True,3185,2839
72,107,Women's World Cup,2023,female,3893802,2023-07-25,Colombia Women's,Korea Republic Women's,True,True,True,3077,2752
72,107,Women's World Cup,2023,female,3893800,2023-07-24,Italy Women's,Argentina Women's,True,True,True,3384,3019
72,107,Women's World Cup,2023,female,3893799,2023-07-24,Germany Women's,Morocco Women's,True,True,True,4008,3491
72,107,Women's World Cup,2023,female,3893796,2023-07-23,Sweden Women's,South Africa Women's,True,True,True,3225,2844
72,107,Women's World Cup,2023,female,3893795,2023-07-22,Denmark Women's,China PR Women's,True,True,True,3732,3418
72,107,Women's World Cup,2023,female,3893793,2023-07-22,Zambia Women's,Japan Women's,True,True,True,3977,3616
72,30,Women's World Cup,2019,female,22949,2019-06-12,Germany Women's,Spain Women's,True,True,False,3362,
72,30,Women's World Cup,2019,female,22943,2019-06-11,United States Women's,Thailand Women's,True,True,False,3477,
72,30,Women's World Cup,2019,female,22944,2019-06-11,Chile Women's,Sweden Women's,True,True,False,3254,
72,30,Women's World Cup,2019,female,22961,2019-06-14,Japan Women's,Scotland Women's,True,True,False,3586,
72,30,Women's World Cup,2019,female,22964,2019-06-15,Netherlands Women's,Cameroon Women's,True,True,False,3432,
72,30,Women's World Cup,2019,female,68357,2019-06-22,Norway Women's,Australia Women's,True,True,False,4597,
72,30,Women's World Cup,2019,female,22933,2019-06-09,Australia Women's,Italy Women's,True,True,False,2889,
72,30,Women's World Cup,2019,female,22963,2019-06-14,Jamaica Women's,Italy Women's,True,True,False,3521,
72,30,Women's World Cup,2019,female,68311,2019-06-18,Jamaica Women's,Australia Women's,True,True,False,3559,
72,30,Women's World Cup,2019,female,22940,2019-06-10,Argentina Women's,Japan Women's,True,True,False,3699,
72,30,Women's World Cup,2019,female,22945,2019-06-12,Nigeria Women's,Korea Republic Women's,True,True,False,3236,
72,30,Women's World Cup,2019,female,22956,2019-06-13,South Africa Women's,China PR Women's,True,True,False,3400,
72,30,Women's World Cup,2019,female,22966,2019-06-15,Canada Women's,New Zealand Women's,True,True,False,3458,
72,30,Women's World Cup,2019,female,68344,2019-06-20,Netherlands Women's,Canada Women's,True,True,False,3493,
72,30,Women's World Cup,2019,female,68345,2019-06-20,Sweden Women's,United States Women's,True,True,False,3808,
72,30,Women's World Cup,2019,female,69163,2019-06-24,Sweden Women's,Canada Women's,True,True,False,3490,
72,30,Women's World Cup,2019,female,68346,2019-06-20,Cameroon Women's,New Zealand Women's,True,True,False,3092,
72,30,Women's World Cup,2019,female,68355,2019-06-22,Germany Women's,Nigeria Women's,True,True,False,2659,
72,30,Women's World Cup,2019,female,69301,2019-07-06,England Women's,Sweden Women's,True,True,False,3289,
72,30,Women's World Cup,2019,female,69137,2019-06-23,France Women's,Brazil Women's,True,True,False,3660,
72,30,Women's World Cup,2019,female,69208,2019-06-29,Germany Women's,Sweden Women's,True,True,False,3253,
72,30,Women's World Cup,2019,female,22936,2019-06-09,England Women's,Scotland Women's,True,True,False,3580,
72,30,Women's World Cup,2019,female,22973,2019-06-16,Sweden Women's,Thailand Women's,True,True,False,3472,
72,30,Women's World Cup,2019,female,68337,2019-06-19,Japan Women's,England Women's,True,True,False,4127,
72,30,Women's World Cup,2019,female,22981,2019-06-17,Korea Republic Women's,Norway Women's,True,True,False,3099,
72,30,Women's World Cup,2019,female,22974,2019-06-16,United States Women's,Chile Women's,True,True,False,3369,
72,30,Women's World Cup,2019,female,22924,2019-06-08,Norway Women's,Nigeria Women's,True,True,False,3071,
72,30,Women's World Cup,2019,female,69321,2019-07-07,United States Women's,Netherlands Women's,True,True,False,3068,
72,30,Women's World Cup,2019,female,22983,2019-06-17,China PR Women's,Spain Women's,True,True,False,3506,
72,30,Women's World Cup,2019,female,68312,2019-06-18,Italy Women's,Brazil Women's,True,True,False,3085,
72,30,Women's World Cup,2019,female,22921,2019-06-07,France Women's,Korea Republic Women's,True,True,False,3403,
72,30,Women's World Cup,2019,female,22926,2019-06-08,Germany Women's,China PR Women's,True,True,False,3399,
72,30,Women's World Cup,2019,female,22930,2019-06-08,Spain Women's,South Africa Women's,True,True,False,3469,
72,30,Women's World Cup,2019,female,22934,2019-06-09,Brazil Women's,Jamaica Women's,True,True,False,2944,
72,30,Women's World Cup,2019,female,22939,2019-06-10,Canada Women's,Cameroon Women's,True,True,False,3174,
72,30,Women's World Cup,2019,female,69202,2019-06-28,France Women's,United States Women's,True,True,False,3161,
72,30,Women's World Cup,2019,female,22942,2019-06-11,New Zealand Women's,Netherlands Women's,True,True,False,3849,
72,30,Women's World Cup,2019,female,22948,2019-06-12,France Women's,Norway Women's,True,True,False,2987,
72,30,Women's World Cup,2019,female,22955,2019-06-13,Australia Women's,Brazil Women's,True,True,False,3572,
72,30,Women's World Cup,2019,female,22962,2019-06-14,England Women's,Argentina Women's,True,True,False,3143,
72,30,Women's World Cup,2019,female,22980,2019-06-17,Nigeria Women's,France Women's,True,True,False,3101,
72,30,Women's World Cup,2019,female,22984,2019-06-17,South Africa Women's,Germany Women's,True,True,False,3654,
72,30,Women's World Cup,2019,female,68338,2019-06-19,Scotland Women's,Argentina Women's,True,True,False,3129,
72,30,Women's World Cup,2019,female,68343,2019-06-20,Thailand Women's,Chile Women's,True,True,False,3172,
72,30,Women's World Cup,2019,female,68362,2019-06-23,England Women's,Cameroon Women's,True,True,False,3335,
72,30,Women's World Cup,2019,female,69191,2019-06-25,Italy Women's,China PR Women's,True,True,False,3418,
72,30,Women's World Cup,2019,female,69188,2019-06-25,Netherlands Women's,Japan Women's,True,True,False,4077,
72,30,Women's World Cup,2019,female,69199,2019-06-27,Norway Women's,England Women's,True,True,False,3486,
72,30,Women's World Cup,2019,female,69258,2019-07-02,England Women's,United States Women's,True,True,False,3114,
72,30,Women's World Cup,2019,female,69284,2019-07-03,Netherlands Women's,Sweden Women's,True,True,False,4242,
72,30,Women's World Cup,2019,female,69205,2019-06-29,Italy Women's,Netherlands Women's,True,True,False,2970,
72,30,Women's World Cup,2019,female,69161,2019-06-24,Spain Women's,United States Women's,True,True,False,3055,
